#
# There is insufficient memory for the Java Runtime Environment to continue.
# Native memory allocation (malloc) failed to allocate 1403216 bytes. Error detail: Chunk::new
# Possible reasons:
#   The system is out of physical RAM or swap space
#   This process is running with CompressedOops enabled, and the Java Heap may be blocking the growth of the native heap
# Possible solutions:
#   Reduce memory load on the system
#   Increase physical memory or swap space
#   Check if swap backing store is full
#   Decrease Java heap size (-Xmx/-Xms)
#   Decrease number of Java threads
#   Decrease Java thread stack sizes (-Xss)
#   Set larger code cache with -XX:ReservedCodeCacheSize=
#   JVM is running with Unscaled Compressed Oops mode in which the Java heap is
#     placed in the first 4GB address space. The Java Heap base address is the
#     maximum limit for the native heap growth. Please use -XX:HeapBaseMinAddress
#     to set the Java Heap base and to place the Java Heap above 4GB virtual address.
# This output file may be truncated or incomplete.
#
#  Out of Memory Error (arena.cpp:168), pid=15124, tid=6340
#
# JRE version: OpenJDK Runtime Environment (21.0.4) (build 21.0.4+-12508038-b607.1)
# Java VM: OpenJDK 64-Bit Server VM (21.0.4+-12508038-b607.1, mixed mode, tiered, compressed oops, compressed class ptrs, g1 gc, windows-amd64)
# No core dump will be written. Minidumps are not enabled by default on client versions of Windows
#

---------------  S U M M A R Y ------------

Command Line: --add-opens=java.base/java.util=ALL-UNNAMED --add-opens=java.base/java.lang=ALL-UNNAMED --add-opens=java.base/java.lang.invoke=ALL-UNNAMED --add-opens=java.prefs/java.util.prefs=ALL-UNNAMED --add-exports=jdk.compiler/com.sun.tools.javac.api=ALL-UNNAMED --add-exports=jdk.compiler/com.sun.tools.javac.util=ALL-UNNAMED --add-opens=java.base/java.nio.charset=ALL-UNNAMED --add-opens=java.base/java.net=ALL-UNNAMED --add-opens=java.base/java.util.concurrent.atomic=ALL-UNNAMED -Xmx2048m -Dfile.encoding=UTF-8 -Duser.country=US -Duser.language=en -Duser.variant -javaagent:C:\Users\dell\.gradle\wrapper\dists\gradle-8.10.2-bin\a04bxjujx95o3nb99gddekhwo\gradle-8.10.2\lib\agents\gradle-instrumentation-agent-8.10.2.jar org.gradle.launcher.daemon.bootstrap.GradleDaemon 8.10.2

Host: 11th Gen Intel(R) Core(TM) i5-1135G7 @ 2.40GHz, 8 cores, 15G,  Windows 10 , 64 bit Build 19041 (10.0.19041.5915)
Time: Wed Jun 18 01:08:18 2025 SE Asia Standard Time elapsed time: 17571.882978 seconds (0d 4h 52m 51s)

---------------  T H R E A D  ---------------

Current thread (0x0000013902207cc0):  JavaThread "C2 CompilerThread0" daemon [_thread_in_native, id=6340, stack(0x000000350f200000,0x000000350f300000) (1024K)]


Current CompileTask:
C2:17571883 57884 %     4       com.android.tools.r8.internal.yA::d @ 429 (1116 bytes)

Stack: [0x000000350f200000,0x000000350f300000]
Native frames: (J=compiled Java code, j=interpreted, Vv=VM code, C=native code)
V  [jvm.dll+0x6ce539]
V  [jvm.dll+0x85bf03]
V  [jvm.dll+0x85e45e]
V  [jvm.dll+0x85eb43]
V  [jvm.dll+0x27dd06]
V  [jvm.dll+0xbf9cd]
V  [jvm.dll+0xbff03]
V  [jvm.dll+0x2f19c1]
V  [jvm.dll+0x5f8d79]
V  [jvm.dll+0x2503d2]
V  [jvm.dll+0x25078f]
V  [jvm.dll+0x249065]
V  [jvm.dll+0x2468be]
V  [jvm.dll+0x1c58a4]
V  [jvm.dll+0x255fec]
V  [jvm.dll+0x254536]
V  [jvm.dll+0x3efab6]
V  [jvm.dll+0x804418]
V  [jvm.dll+0x6cce0d]
C  [ucrtbase.dll+0x21bb2]
C  [KERNEL32.DLL+0x17374]
C  [ntdll.dll+0x4cc91]


---------------  P R O C E S S  ---------------

Threads class SMR info:
_java_thread_list=0x000001390742c670, length=147, elements={
0x000001396a8094b0, 0x000001390221c9e0, 0x000001390221f710, 0x0000013902239d70,
0x000001390223a7d0, 0x00000139022064d0, 0x0000013902206f30, 0x0000013902207cc0,
0x0000013902208760, 0x000001397ff14cb0, 0x00000139026552e0, 0x00000139082c8eb0,
0x000001390810c260, 0x00000139084fc930, 0x000001390825a000, 0x000001390825a690,
0x000001390825ad20, 0x000001390c3cb0f0, 0x000001390c3cb780, 0x000001390c3ca3d0,
0x000001390ce52e20, 0x000001390ce52790, 0x0000013913c99140, 0x0000013913c997d0,
0x0000013913c9fa40, 0x000001390acad3f0, 0x0000013913c98420, 0x0000013913ca21a0,
0x0000013913c95630, 0x000001391d2b34e0, 0x000001390d3fdc80, 0x000001391655c280,
0x000001392007b130, 0x0000013913c33e40, 0x0000013913c31050, 0x00000139200796f0,
0x000001391231dae0, 0x0000013913405650, 0x0000013919fae740, 0x0000013919faf460,
0x0000013919fafaf0, 0x00000139131882c0, 0x000001391389eb20, 0x0000013919faedd0,
0x0000013922797fc0, 0x000001390d3fe9a0, 0x000001390d3fe310, 0x00000139129a7b60,
0x000001391616f7c0, 0x0000013923046fc0, 0x0000013923047ce0, 0x0000013923048370,
0x0000013913188950, 0x0000013913188fe0, 0x0000013913187c30, 0x0000013913185b60,
0x000001391655d630, 0x000001391655e350, 0x000001391655cfa0, 0x000001391655dcc0,
0x0000013913c921b0, 0x0000013913c92840, 0x0000013913c90e00, 0x0000013913c8f3c0,
0x0000013913c93560, 0x0000013913c8d980, 0x0000013913c8c5d0, 0x00000139129a4d70,
0x00000139129a5400, 0x00000139129a6120, 0x00000139129a74d0, 0x00000139129a67b0,
0x0000013913c90770, 0x0000013913c94280, 0x0000013913c94fa0, 0x000001391389f840,
0x000001391389e490, 0x000001391389d0e0, 0x000001391389f1b0, 0x000001391389c3c0,
0x000001391389de00, 0x000001391389d770, 0x000001391389ca50, 0x0000013913c09300,
0x0000013913c085e0, 0x0000013913c0a6b0, 0x0000013913c07f50, 0x0000013913c08c70,
0x0000013923045c10, 0x0000013913c09990, 0x0000013913c0a020, 0x0000013913c0b3d0,
0x0000013913c94910, 0x0000013913c97700, 0x0000013913c969e0, 0x0000013913c93bf0,
0x0000013913c95cc0, 0x0000013913c96350, 0x00000139129a5a90, 0x000001391616d060,
0x00000139129a6e40, 0x000001391d2b3b70, 0x000001391d2b4890, 0x000001391d2b4200,
0x000001391d2b62d0, 0x000001391d2b4f20, 0x000001391d2b55b0, 0x000001390d3ff030,
0x000001392007c4e0, 0x0000013920079d80, 0x0000013920079060, 0x000001392007a410,
0x000001392007aaa0, 0x000001392007b7c0, 0x000001392007be50, 0x000001391d8cad20,
0x000001391616fe50, 0x000001390d3ff6c0, 0x000001390d3ffd50, 0x000001390d4003e0,
0x000001390d400a70, 0x000001390d401100, 0x000001391f19bde0, 0x000001391f19c470,
0x000001391d2b5c40, 0x000001391d2b6960, 0x00000139153454a0, 0x0000013915343a60,
0x000001391f19b750, 0x000001391f19a3a0, 0x000001391f198ff0, 0x000001390d1ac7d0,
0x000001391d8cb3b0, 0x000001391d8cc760, 0x000001391d8cd480, 0x000001391d8cba40,
0x000001391d8cc0d0, 0x000001390c2de920, 0x000001390c2e72f0, 0x000001390c2e65d0,
0x000001390c2ea770, 0x000001390c2e58b0, 0x000001390c2e6c60, 0x000001390c2ea0e0,
0x000001390c2e8010, 0x000001390c2e86a0, 0x000001390d1a9ef0
}

Java Threads: ( => current thread )
  0x000001396a8094b0 JavaThread "main"                              [_thread_blocked, id=15320, stack(0x000000350e400000,0x000000350e500000) (1024K)]
  0x000001390221c9e0 JavaThread "Reference Handler"          daemon [_thread_blocked, id=14416, stack(0x000000350ec00000,0x000000350ed00000) (1024K)]
  0x000001390221f710 JavaThread "Finalizer"                  daemon [_thread_blocked, id=14420, stack(0x000000350ed00000,0x000000350ee00000) (1024K)]
  0x0000013902239d70 JavaThread "Signal Dispatcher"          daemon [_thread_blocked, id=14444, stack(0x000000350ee00000,0x000000350ef00000) (1024K)]
  0x000001390223a7d0 JavaThread "Attach Listener"            daemon [_thread_blocked, id=14440, stack(0x000000350ef00000,0x000000350f000000) (1024K)]
  0x00000139022064d0 JavaThread "Service Thread"             daemon [_thread_blocked, id=14436, stack(0x000000350f000000,0x000000350f100000) (1024K)]
  0x0000013902206f30 JavaThread "Monitor Deflation Thread"   daemon [_thread_blocked, id=14564, stack(0x000000350f100000,0x000000350f200000) (1024K)]
=>0x0000013902207cc0 JavaThread "C2 CompilerThread0"         daemon [_thread_in_native, id=6340, stack(0x000000350f200000,0x000000350f300000) (1024K)]
  0x0000013902208760 JavaThread "C1 CompilerThread0"         daemon [_thread_blocked, id=12480, stack(0x000000350f300000,0x000000350f400000) (1024K)]
  0x000001397ff14cb0 JavaThread "Common-Cleaner"             daemon [_thread_blocked, id=5800, stack(0x000000350f400000,0x000000350f500000) (1024K)]
  0x00000139026552e0 JavaThread "Notification Thread"        daemon [_thread_blocked, id=12416, stack(0x000000350f500000,0x000000350f600000) (1024K)]
  0x00000139082c8eb0 JavaThread "Daemon health stats"               [_thread_blocked, id=15536, stack(0x000000350f600000,0x000000350f700000) (1024K)]
  0x000001390810c260 JavaThread "Incoming local TCP Connector on port 51956"        [_thread_in_native, id=15560, stack(0x000000350ff00000,0x0000003510000000) (1024K)]
  0x00000139084fc930 JavaThread "Daemon periodic checks"            [_thread_blocked, id=15568, stack(0x0000003510000000,0x0000003510100000) (1024K)]
  0x000001390825a000 JavaThread "Cache worker for journal cache (C:\Users\dell\.gradle\caches\journal-1)"        [_thread_blocked, id=15680, stack(0x000000350f700000,0x000000350f800000) (1024K)]
  0x000001390825a690 JavaThread "File lock request listener"        [_thread_in_native, id=15684, stack(0x0000003510900000,0x0000003510a00000) (1024K)]
  0x000001390825ad20 JavaThread "Cache worker for file hash cache (C:\Users\dell\.gradle\caches\8.10.2\fileHashes)"        [_thread_blocked, id=15688, stack(0x0000003510a00000,0x0000003510b00000) (1024K)]
  0x000001390c3cb0f0 JavaThread "File watcher server"        daemon [_thread_in_native, id=15808, stack(0x0000003510f00000,0x0000003511000000) (1024K)]
  0x000001390c3cb780 JavaThread "File watcher consumer"      daemon [_thread_blocked, id=15812, stack(0x0000003511000000,0x0000003511100000) (1024K)]
  0x000001390c3ca3d0 JavaThread "Cache worker for file content cache (C:\Users\dell\.gradle\caches\8.10.2\fileContent)"        [_thread_blocked, id=15868, stack(0x0000003511100000,0x0000003511200000) (1024K)]
  0x000001390ce52e20 JavaThread "Memory manager"                    [_thread_blocked, id=16932, stack(0x0000003513f00000,0x0000003514000000) (1024K)]
  0x000001390ce52790 JavaThread "pool-3-thread-1"                   [_thread_blocked, id=17048, stack(0x0000003514100000,0x0000003514200000) (1024K)]
  0x0000013913c99140 JavaThread "pool-7-thread-1"                   [_thread_blocked, id=8600, stack(0x0000003512f00000,0x0000003513000000) (1024K)]
  0x0000013913c997d0 JavaThread "pool-11-thread-1"                  [_thread_blocked, id=6408, stack(0x0000003513200000,0x0000003513300000) (1024K)]
  0x0000013913c9fa40 JavaThread "pool-15-thread-1"                  [_thread_blocked, id=11712, stack(0x0000003513300000,0x0000003513400000) (1024K)]
  0x000001390acad3f0 JavaThread "Cache worker for Java compile cache (C:\Users\dell\.gradle\caches\8.10.2\javaCompile)"        [_thread_blocked, id=16532, stack(0x0000003511200000,0x0000003511300000) (1024K)]
  0x0000013913c98420 JavaThread "pool-20-thread-1"                  [_thread_blocked, id=8068, stack(0x0000003513100000,0x0000003513200000) (1024K)]
  0x0000013913ca21a0 JavaThread "pool-24-thread-1"                  [_thread_blocked, id=12000, stack(0x0000003513400000,0x0000003513500000) (1024K)]
  0x0000013913c95630 JavaThread "pool-28-thread-1"                  [_thread_blocked, id=2284, stack(0x0000003513500000,0x0000003513600000) (1024K)]
  0x000001391d2b34e0 JavaThread "pool-32-thread-1"                  [_thread_blocked, id=3976, stack(0x0000003513000000,0x0000003513100000) (1024K)]
  0x000001390d3fdc80 JavaThread "pool-35-thread-1"                  [_thread_blocked, id=16180, stack(0x0000003513600000,0x0000003513700000) (1024K)]
  0x000001391655c280 JavaThread "pool-39-thread-1"                  [_thread_blocked, id=12568, stack(0x0000003513700000,0x0000003513800000) (1024K)]
  0x000001392007b130 JavaThread "pool-42-thread-1"                  [_thread_blocked, id=5632, stack(0x0000003513800000,0x0000003513900000) (1024K)]
  0x0000013913c33e40 JavaThread "pool-45-thread-1"                  [_thread_blocked, id=14740, stack(0x0000003513b00000,0x0000003513c00000) (1024K)]
  0x0000013913c31050 JavaThread "pool-48-thread-1"                  [_thread_blocked, id=3412, stack(0x0000003513e00000,0x0000003513f00000) (1024K)]
  0x00000139200796f0 JavaThread "pool-51-thread-1"                  [_thread_blocked, id=10660, stack(0x0000003513a00000,0x0000003513b00000) (1024K)]
  0x000001391231dae0 JavaThread "pool-54-thread-1"                  [_thread_blocked, id=17692, stack(0x0000003513c00000,0x0000003513d00000) (1024K)]
  0x0000013913405650 JavaThread "pool-57-thread-1"                  [_thread_blocked, id=10136, stack(0x0000003513d00000,0x0000003513e00000) (1024K)]
  0x0000013919fae740 JavaThread "pool-60-thread-1"                  [_thread_blocked, id=14552, stack(0x0000003514200000,0x0000003514300000) (1024K)]
  0x0000013919faf460 JavaThread "pool-63-thread-1"                  [_thread_blocked, id=10532, stack(0x0000003514400000,0x0000003514500000) (1024K)]
  0x0000013919fafaf0 JavaThread "pool-66-thread-1"                  [_thread_blocked, id=17548, stack(0x0000003514600000,0x0000003514700000) (1024K)]
  0x00000139131882c0 JavaThread "pool-69-thread-1"                  [_thread_blocked, id=11700, stack(0x0000003513900000,0x0000003513a00000) (1024K)]
  0x000001391389eb20 JavaThread "pool-72-thread-1"                  [_thread_blocked, id=5304, stack(0x0000003514000000,0x0000003514100000) (1024K)]
  0x0000013919faedd0 JavaThread "pool-75-thread-1"                  [_thread_blocked, id=7880, stack(0x0000003512e00000,0x0000003512f00000) (1024K)]
  0x0000013922797fc0 JavaThread "pool-78-thread-1"                  [_thread_blocked, id=12788, stack(0x0000003514300000,0x0000003514400000) (1024K)]
  0x000001390d3fe9a0 JavaThread "pool-81-thread-1"                  [_thread_blocked, id=16848, stack(0x0000003514500000,0x0000003514600000) (1024K)]
  0x000001390d3fe310 JavaThread "pool-84-thread-1"                  [_thread_blocked, id=11252, stack(0x0000003514800000,0x0000003514900000) (1024K)]
  0x00000139129a7b60 JavaThread "pool-87-thread-1"                  [_thread_blocked, id=15736, stack(0x0000003514700000,0x0000003514800000) (1024K)]
  0x000001391616f7c0 JavaThread "Daemon Thread 18"                  [_thread_blocked, id=1060, stack(0x000000350e100000,0x000000350e200000) (1024K)]
  0x0000013923046fc0 JavaThread "Handler for socket connection from /127.0.0.1:51956 to /127.0.0.1:55759"        [_thread_in_native, id=13240, stack(0x000000350e200000,0x000000350e300000) (1024K)]
  0x0000013923047ce0 JavaThread "Cancel handler"                    [_thread_blocked, id=13188, stack(0x000000350e300000,0x000000350e400000) (1024K)]
  0x0000013923048370 JavaThread "Daemon worker Thread 18"           [_thread_blocked, id=10232, stack(0x0000003510100000,0x0000003510200000) (1024K)]
  0x0000013913188950 JavaThread "Asynchronous log dispatcher for DefaultDaemonConnection: socket connection from /127.0.0.1:51956 to /127.0.0.1:55759"        [_thread_blocked, id=6352, stack(0x0000003510200000,0x0000003510300000) (1024K)]
  0x0000013913188fe0 JavaThread "Stdin handler"                     [_thread_blocked, id=14140, stack(0x0000003510300000,0x0000003510400000) (1024K)]
  0x0000013913187c30 JavaThread "Daemon client event forwarder"        [_thread_blocked, id=14548, stack(0x0000003510400000,0x0000003510500000) (1024K)]
  0x0000013913185b60 JavaThread "Cache worker for file hash cache (D:\Code\Project-Study\Stationery-android\StationeryShop\.gradle\8.10.2\fileHashes)"        [_thread_blocked, id=9828, stack(0x0000003510500000,0x0000003510600000) (1024K)]
  0x000001391655d630 JavaThread "Cache worker for Build Output Cleanup Cache (D:\Code\Project-Study\Stationery-android\StationeryShop\.gradle\buildOutputCleanup)"        [_thread_blocked, id=6872, stack(0x0000003510600000,0x0000003510700000) (1024K)]
  0x000001391655e350 JavaThread "Cache worker for checksums cache (D:\Code\Project-Study\Stationery-android\StationeryShop\.gradle\8.10.2\checksums)"        [_thread_blocked, id=6216, stack(0x0000003510700000,0x0000003510800000) (1024K)]
  0x000001391655cfa0 JavaThread "Cache worker for cache directory md-rule (C:\Users\dell\.gradle\caches\8.10.2\md-rule)"        [_thread_blocked, id=13268, stack(0x0000003510b00000,0x0000003510c00000) (1024K)]
  0x000001391655dcc0 JavaThread "Cache worker for cache directory md-supplier (C:\Users\dell\.gradle\caches\8.10.2\md-supplier)"        [_thread_blocked, id=13732, stack(0x0000003510c00000,0x0000003510d00000) (1024K)]
  0x0000013913c921b0 JavaThread "Unconstrained build operations"        [_thread_blocked, id=17540, stack(0x0000003511300000,0x0000003511400000) (1024K)]
  0x0000013913c92840 JavaThread "Unconstrained build operations Thread 2"        [_thread_blocked, id=11724, stack(0x0000003511400000,0x0000003511500000) (1024K)]
  0x0000013913c90e00 JavaThread "Unconstrained build operations Thread 3"        [_thread_blocked, id=15656, stack(0x0000003511500000,0x0000003511600000) (1024K)]
  0x0000013913c8f3c0 JavaThread "Unconstrained build operations Thread 4"        [_thread_blocked, id=17664, stack(0x0000003511600000,0x0000003511700000) (1024K)]
  0x0000013913c93560 JavaThread "Unconstrained build operations Thread 5"        [_thread_blocked, id=18284, stack(0x0000003511700000,0x0000003511800000) (1024K)]
  0x0000013913c8d980 JavaThread "Unconstrained build operations Thread 6"        [_thread_blocked, id=17772, stack(0x0000003511800000,0x0000003511900000) (1024K)]
  0x0000013913c8c5d0 JavaThread "Unconstrained build operations Thread 7"        [_thread_blocked, id=3892, stack(0x0000003511900000,0x0000003511a00000) (1024K)]
  0x00000139129a4d70 JavaThread "Unconstrained build operations Thread 8"        [_thread_blocked, id=8764, stack(0x0000003511a00000,0x0000003511b00000) (1024K)]
  0x00000139129a5400 JavaThread "Unconstrained build operations Thread 9"        [_thread_blocked, id=15924, stack(0x0000003511b00000,0x0000003511c00000) (1024K)]
  0x00000139129a6120 JavaThread "Unconstrained build operations Thread 10"        [_thread_blocked, id=12464, stack(0x0000003511c00000,0x0000003511d00000) (1024K)]
  0x00000139129a74d0 JavaThread "Unconstrained build operations Thread 11"        [_thread_blocked, id=8044, stack(0x0000003511d00000,0x0000003511e00000) (1024K)]
  0x00000139129a67b0 JavaThread "Unconstrained build operations Thread 12"        [_thread_blocked, id=6232, stack(0x0000003511e00000,0x0000003511f00000) (1024K)]
  0x0000013913c90770 JavaThread "Unconstrained build operations Thread 13"        [_thread_blocked, id=5652, stack(0x0000003511f00000,0x0000003512000000) (1024K)]
  0x0000013913c94280 JavaThread "Unconstrained build operations Thread 14"        [_thread_blocked, id=3840, stack(0x0000003512000000,0x0000003512100000) (1024K)]
  0x0000013913c94fa0 JavaThread "Unconstrained build operations Thread 15"        [_thread_blocked, id=17256, stack(0x0000003512100000,0x0000003512200000) (1024K)]
  0x000001391389f840 JavaThread "Unconstrained build operations Thread 16"        [_thread_blocked, id=15676, stack(0x0000003512200000,0x0000003512300000) (1024K)]
  0x000001391389e490 JavaThread "Unconstrained build operations Thread 17"        [_thread_blocked, id=14076, stack(0x0000003512300000,0x0000003512400000) (1024K)]
  0x000001391389d0e0 JavaThread "Unconstrained build operations Thread 18"        [_thread_blocked, id=10768, stack(0x0000003512400000,0x0000003512500000) (1024K)]
  0x000001391389f1b0 JavaThread "Unconstrained build operations Thread 19"        [_thread_blocked, id=7228, stack(0x0000003512500000,0x0000003512600000) (1024K)]
  0x000001391389c3c0 JavaThread "Unconstrained build operations Thread 20"        [_thread_blocked, id=15468, stack(0x0000003512600000,0x0000003512700000) (1024K)]
  0x000001391389de00 JavaThread "Unconstrained build operations Thread 21"        [_thread_blocked, id=6996, stack(0x0000003512700000,0x0000003512800000) (1024K)]
  0x000001391389d770 JavaThread "Unconstrained build operations Thread 22"        [_thread_blocked, id=17484, stack(0x0000003512800000,0x0000003512900000) (1024K)]
  0x000001391389ca50 JavaThread "Unconstrained build operations Thread 23"        [_thread_blocked, id=17984, stack(0x0000003512900000,0x0000003512a00000) (1024K)]
  0x0000013913c09300 JavaThread "Unconstrained build operations Thread 24"        [_thread_blocked, id=10060, stack(0x0000003512a00000,0x0000003512b00000) (1024K)]
  0x0000013913c085e0 JavaThread "Unconstrained build operations Thread 25"        [_thread_blocked, id=10608, stack(0x0000003512b00000,0x0000003512c00000) (1024K)]
  0x0000013913c0a6b0 JavaThread "Unconstrained build operations Thread 26"        [_thread_blocked, id=1788, stack(0x0000003512c00000,0x0000003512d00000) (1024K)]
  0x0000013913c07f50 JavaThread "Unconstrained build operations Thread 27"        [_thread_blocked, id=16100, stack(0x0000003512d00000,0x0000003512e00000) (1024K)]
  0x0000013913c08c70 JavaThread "Unconstrained build operations Thread 28"        [_thread_blocked, id=5584, stack(0x0000003514900000,0x0000003514a00000) (1024K)]
  0x0000013923045c10 JavaThread "build event listener"              [_thread_blocked, id=15052, stack(0x0000003514a00000,0x0000003514b00000) (1024K)]
  0x0000013913c09990 JavaThread "pool-91-thread-1"                  [_thread_blocked, id=3100, stack(0x0000003514b00000,0x0000003514c00000) (1024K)]
  0x0000013913c0a020 JavaThread "build event listener"              [_thread_blocked, id=12616, stack(0x0000003514c00000,0x0000003514d00000) (1024K)]
  0x0000013913c0b3d0 JavaThread "included builds"                   [_thread_blocked, id=13440, stack(0x0000003514d00000,0x0000003514e00000) (1024K)]
  0x0000013913c94910 JavaThread "Execution worker"                  [_thread_blocked, id=8336, stack(0x0000003514e00000,0x0000003514f00000) (1024K)]
  0x0000013913c97700 JavaThread "Execution worker Thread 2"         [_thread_blocked, id=6420, stack(0x0000003514f00000,0x0000003515000000) (1024K)]
  0x0000013913c969e0 JavaThread "Execution worker Thread 3"         [_thread_blocked, id=2632, stack(0x0000003515000000,0x0000003515100000) (1024K)]
  0x0000013913c93bf0 JavaThread "Execution worker Thread 4"         [_thread_blocked, id=17280, stack(0x0000003515100000,0x0000003515200000) (1024K)]
  0x0000013913c95cc0 JavaThread "Execution worker Thread 5"         [_thread_blocked, id=18092, stack(0x0000003515200000,0x0000003515300000) (1024K)]
  0x0000013913c96350 JavaThread "Execution worker Thread 6"         [_thread_blocked, id=9332, stack(0x0000003515300000,0x0000003515400000) (1024K)]
  0x00000139129a5a90 JavaThread "Execution worker Thread 7"         [_thread_blocked, id=7440, stack(0x0000003515400000,0x0000003515500000) (1024K)]
  0x000001391616d060 JavaThread "Cache worker for execution history cache (D:\Code\Project-Study\Stationery-android\StationeryShop\.gradle\8.10.2\executionHistory)"        [_thread_blocked, id=1432, stack(0x0000003515500000,0x0000003515600000) (1024K)]
  0x00000139129a6e40 JavaThread "Unconstrained build operations Thread 29"        [_thread_blocked, id=8252, stack(0x0000003515600000,0x0000003515700000) (1024K)]
  0x000001391d2b3b70 JavaThread "Unconstrained build operations Thread 30"        [_thread_blocked, id=16032, stack(0x0000003515700000,0x0000003515800000) (1024K)]
  0x000001391d2b4890 JavaThread "Unconstrained build operations Thread 31"        [_thread_blocked, id=684, stack(0x0000003515800000,0x0000003515900000) (1024K)]
  0x000001391d2b4200 JavaThread "Unconstrained build operations Thread 32"        [_thread_blocked, id=16728, stack(0x0000003515900000,0x0000003515a00000) (1024K)]
  0x000001391d2b62d0 JavaThread "Unconstrained build operations Thread 33"        [_thread_blocked, id=17092, stack(0x0000003515a00000,0x0000003515b00000) (1024K)]
  0x000001391d2b4f20 JavaThread "Unconstrained build operations Thread 34"        [_thread_blocked, id=2744, stack(0x0000003515b00000,0x0000003515c00000) (1024K)]
  0x000001391d2b55b0 JavaThread "Unconstrained build operations Thread 35"        [_thread_blocked, id=12136, stack(0x0000003515c00000,0x0000003515d00000) (1024K)]
  0x000001390d3ff030 JavaThread "Unconstrained build operations Thread 36"        [_thread_blocked, id=12848, stack(0x0000003515d00000,0x0000003515e00000) (1024K)]
  0x000001392007c4e0 JavaThread "Unconstrained build operations Thread 37"        [_thread_blocked, id=2068, stack(0x0000003515e00000,0x0000003515f00000) (1024K)]
  0x0000013920079d80 JavaThread "Unconstrained build operations Thread 38"        [_thread_blocked, id=12112, stack(0x0000003515f00000,0x0000003516000000) (1024K)]
  0x0000013920079060 JavaThread "Unconstrained build operations Thread 39"        [_thread_blocked, id=18104, stack(0x0000003516000000,0x0000003516100000) (1024K)]
  0x000001392007a410 JavaThread "Unconstrained build operations Thread 40"        [_thread_blocked, id=9648, stack(0x0000003516100000,0x0000003516200000) (1024K)]
  0x000001392007aaa0 JavaThread "Unconstrained build operations Thread 41"        [_thread_blocked, id=16108, stack(0x0000003516200000,0x0000003516300000) (1024K)]
  0x000001392007b7c0 JavaThread "Unconstrained build operations Thread 42"        [_thread_blocked, id=12948, stack(0x0000003516300000,0x0000003516400000) (1024K)]
  0x000001392007be50 JavaThread "Unconstrained build operations Thread 43"        [_thread_blocked, id=13308, stack(0x0000003516400000,0x0000003516500000) (1024K)]
  0x000001391d8cad20 JavaThread "Unconstrained build operations Thread 44"        [_thread_blocked, id=7044, stack(0x0000003516500000,0x0000003516600000) (1024K)]
  0x000001391616fe50 JavaThread "Unconstrained build operations Thread 45"        [_thread_blocked, id=15952, stack(0x0000003516600000,0x0000003516700000) (1024K)]
  0x000001390d3ff6c0 JavaThread "Unconstrained build operations Thread 46"        [_thread_blocked, id=17988, stack(0x0000003516700000,0x0000003516800000) (1024K)]
  0x000001390d3ffd50 JavaThread "Unconstrained build operations Thread 47"        [_thread_blocked, id=15220, stack(0x0000003516800000,0x0000003516900000) (1024K)]
  0x000001390d4003e0 JavaThread "Unconstrained build operations Thread 48"        [_thread_blocked, id=13788, stack(0x0000003516900000,0x0000003516a00000) (1024K)]
  0x000001390d400a70 JavaThread "Unconstrained build operations Thread 49"        [_thread_blocked, id=12612, stack(0x0000003516a00000,0x0000003516b00000) (1024K)]
  0x000001390d401100 JavaThread "Unconstrained build operations Thread 50"        [_thread_blocked, id=2756, stack(0x0000003516b00000,0x0000003516c00000) (1024K)]
  0x000001391f19bde0 JavaThread "Unconstrained build operations Thread 51"        [_thread_blocked, id=8416, stack(0x0000003516c00000,0x0000003516d00000) (1024K)]
  0x000001391f19c470 JavaThread "Unconstrained build operations Thread 52"        [_thread_blocked, id=5352, stack(0x0000003516d00000,0x0000003516e00000) (1024K)]
  0x000001391d2b5c40 JavaThread "Build operations"                  [_thread_blocked, id=15852, stack(0x0000003516e00000,0x0000003516f00000) (1024K)]
  0x000001391d2b6960 JavaThread "Build operations Thread 2"         [_thread_blocked, id=15080, stack(0x0000003516f00000,0x0000003517000000) (1024K)]
  0x00000139153454a0 JavaThread "Build operations Thread 3"         [_thread_blocked, id=15620, stack(0x0000003517000000,0x0000003517100000) (1024K)]
  0x0000013915343a60 JavaThread "Build operations Thread 4"         [_thread_blocked, id=17536, stack(0x0000003517100000,0x0000003517200000) (1024K)]
  0x000001391f19b750 JavaThread "Build operations Thread 5"         [_thread_blocked, id=15068, stack(0x0000003517200000,0x0000003517300000) (1024K)]
  0x000001391f19a3a0 JavaThread "Build operations Thread 6"         [_thread_blocked, id=7264, stack(0x0000003517300000,0x0000003517400000) (1024K)]
  0x000001391f198ff0 JavaThread "Build operations Thread 7"         [_thread_blocked, id=14800, stack(0x0000003517400000,0x0000003517500000) (1024K)]
  0x000001390d1ac7d0 JavaThread "C2 CompilerThread1"         daemon [_thread_in_native, id=13592, stack(0x0000003510d00000,0x0000003510e00000) (1024K)]
  0x000001391d8cb3b0 JavaThread "Unconstrained build operations Thread 53"        [_thread_blocked, id=5548, stack(0x0000003510e00000,0x0000003510f00000) (1024K)]
  0x000001391d8cc760 JavaThread "Unconstrained build operations Thread 54"        [_thread_blocked, id=7528, stack(0x0000003517500000,0x0000003517600000) (1024K)]
  0x000001391d8cd480 JavaThread "Unconstrained build operations Thread 55"        [_thread_blocked, id=14648, stack(0x0000003517600000,0x0000003517700000) (1024K)]
  0x000001391d8cba40 JavaThread "Unconstrained build operations Thread 56"        [_thread_blocked, id=3896, stack(0x0000003517700000,0x0000003517800000) (1024K)]
  0x000001391d8cc0d0 JavaThread "Unconstrained build operations Thread 57"        [_thread_blocked, id=2876, stack(0x0000003517800000,0x0000003517900000) (1024K)]
  0x000001390c2de920 JavaThread "WorkerExecutor Queue"              [_thread_blocked, id=11096, stack(0x0000003517900000,0x0000003517a00000) (1024K)]
  0x000001390c2e72f0 JavaThread "WorkerExecutor Queue Thread 2"        [_thread_in_native, id=17588, stack(0x0000003517a00000,0x0000003517b00000) (1024K)]
  0x000001390c2e65d0 JavaThread "WorkerExecutor Queue Thread 3"        [_thread_in_native, id=13836, stack(0x0000003517b00000,0x0000003517c00000) (1024K)]
  0x000001390c2ea770 JavaThread "WorkerExecutor Queue Thread 4"        [_thread_blocked, id=18112, stack(0x0000003517c00000,0x0000003517d00000) (1024K)]
  0x000001390c2e58b0 JavaThread "WorkerExecutor Queue Thread 5"        [_thread_blocked, id=13356, stack(0x0000003517d00000,0x0000003517e00000) (1024K)]
  0x000001390c2e6c60 JavaThread "WorkerExecutor Queue Thread 6"        [_thread_in_native, id=18220, stack(0x0000003517e00000,0x0000003517f00000) (1024K)]
  0x000001390c2ea0e0 JavaThread "WorkerExecutor Queue Thread 7"        [_thread_blocked, id=6456, stack(0x0000003517f00000,0x0000003518000000) (1024K)]
  0x000001390c2e8010 JavaThread "WorkerExecutor Queue Thread 8"        [_thread_blocked, id=2836, stack(0x0000003518000000,0x0000003518100000) (1024K)]
  0x000001390c2e86a0 JavaThread "WorkerExecutor Queue Thread 9"        [_thread_blocked, id=12344, stack(0x0000003518100000,0x0000003518200000) (1024K)]
  0x000001390d1a9ef0 JavaThread "C2 CompilerThread2"         daemon [_thread_in_native, id=10856, stack(0x0000003518200000,0x0000003518300000) (1024K)]
Total: 147

Other Threads:
  0x000001396868c450 VMThread "VM Thread"                           [id=9452, stack(0x000000350eb00000,0x000000350ec00000) (1024K)]
  0x000001397ff133d0 WatcherThread "VM Periodic Task Thread"        [id=11628, stack(0x000000350ea00000,0x000000350eb00000) (1024K)]
  0x000001396868c7f0 WorkerThread "GC Thread#0"                     [id=15340, stack(0x000000350e500000,0x000000350e600000) (1024K)]
  0x000001396868b230 WorkerThread "GC Thread#1"                     [id=15376, stack(0x000000350f800000,0x000000350f900000) (1024K)]
  0x000001396868b5d0 WorkerThread "GC Thread#2"                     [id=15380, stack(0x000000350f900000,0x000000350fa00000) (1024K)]
  0x000001396868b970 WorkerThread "GC Thread#3"                     [id=15384, stack(0x000000350fa00000,0x000000350fb00000) (1024K)]
  0x0000013902c59720 WorkerThread "GC Thread#4"                     [id=15388, stack(0x000000350fb00000,0x000000350fc00000) (1024K)]
  0x0000013902c5a940 WorkerThread "GC Thread#5"                     [id=15392, stack(0x000000350fc00000,0x000000350fd00000) (1024K)]
  0x0000013902c59ac0 WorkerThread "GC Thread#6"                     [id=15552, stack(0x000000350fd00000,0x000000350fe00000) (1024K)]
  0x0000013902c58fe0 WorkerThread "GC Thread#7"                     [id=15556, stack(0x000000350fe00000,0x000000350ff00000) (1024K)]
  0x000001396877e200 ConcurrentGCThread "G1 Main Marker"            [id=15344, stack(0x000000350e600000,0x000000350e700000) (1024K)]
  0x000001396868cb90 WorkerThread "G1 Conc#0"                       [id=15348, stack(0x000000350e700000,0x000000350e800000) (1024K)]
  0x0000013902c5a5a0 WorkerThread "G1 Conc#1"                       [id=15652, stack(0x0000003510800000,0x0000003510900000) (1024K)]
  0x000001397fde2a80 ConcurrentGCThread "G1 Refine#0"               [id=15352, stack(0x000000350e800000,0x000000350e900000) (1024K)]
  0x000001397fde32a0 ConcurrentGCThread "G1 Service"                [id=15356, stack(0x000000350e900000,0x000000350ea00000) (1024K)]
Total: 15

Threads with active compile tasks:
C2 CompilerThread0  17571920 57884 %     4       com.android.tools.r8.internal.yA::d @ 429 (1116 bytes)
C2 CompilerThread1  17571920 57968 %     4       com.android.tools.r8.internal.hn::b @ 428 (3613 bytes)
C2 CompilerThread2  17571920 57912 %     4       com.android.tools.r8.internal.tA::a @ 979 (3948 bytes)
Total: 3

VM state: not at safepoint (normal execution)

VM Mutex/Monitor currently owned by a thread: None

Heap address: 0x0000000080000000, size: 2048 MB, Compressed Oops mode: 32-bit

CDS archive(s) not mapped
Compressed class space mapped at: 0x0000000100000000-0x0000000140000000, reserved size: 1073741824
Narrow klass base: 0x0000000000000000, Narrow klass shift: 3, Narrow klass range: 0x140000000

GC Precious Log:
 CardTable entry size: 512
 Card Set container configuration: InlinePtr #cards 5 size 8 Array Of Cards #cards 12 size 40 Howl #buckets 4 coarsen threshold 1843 Howl Bitmap #cards 512 size 80 coarsen threshold 460 Card regions per heap region 1 cards per card region 2048
 CPUs: 8 total, 8 available
 Memory: 16118M
 Large Page Support: Disabled
 NUMA Support: Disabled
 Compressed Oops: Enabled (32-bit)
 Heap Region Size: 1M
 Heap Min Capacity: 8M
 Heap Initial Capacity: 252M
 Heap Max Capacity: 2G
 Pre-touch: Disabled
 Parallel Workers: 8
 Concurrent Workers: 2
 Concurrent Refinement Workers: 8
 Periodic GC: Disabled

Heap:
 garbage-first heap   total 547840K, used 262780K [0x0000000080000000, 0x0000000100000000)
  region size 1024K, 109 young (111616K), 18 survivors (18432K)
 Metaspace       used 167729K, committed 170496K, reserved 1245184K
  class space    used 20609K, committed 22336K, reserved 1048576K

Heap Regions: E=young(eden), S=young(survivor), O=old, HS=humongous(starts), HC=humongous(continues), CS=collection set, F=free, TAMS=top-at-mark-start, PB=parsable bottom
|   0|0x0000000080000000, 0x0000000080100000, 0x0000000080100000|100%| O|  |TAMS 0x0000000080000000| PB 0x0000000080000000| Untracked 
|   1|0x0000000080100000, 0x0000000080200000, 0x0000000080200000|100%| O|  |TAMS 0x0000000080100000| PB 0x0000000080100000| Untracked 
|   2|0x0000000080200000, 0x0000000080300000, 0x0000000080300000|100%|HS|  |TAMS 0x0000000080200000| PB 0x0000000080200000| Complete 
|   3|0x0000000080300000, 0x0000000080400000, 0x0000000080400000|100%|HC|  |TAMS 0x0000000080300000| PB 0x0000000080300000| Complete 
|   4|0x0000000080400000, 0x0000000080500000, 0x0000000080500000|100%|HC|  |TAMS 0x0000000080400000| PB 0x0000000080400000| Complete 
|   5|0x0000000080500000, 0x0000000080600000, 0x0000000080600000|100%|HC|  |TAMS 0x0000000080500000| PB 0x0000000080500000| Complete 
|   6|0x0000000080600000, 0x0000000080700000, 0x0000000080700000|100%| O|  |TAMS 0x0000000080600000| PB 0x0000000080600000| Untracked 
|   7|0x0000000080700000, 0x0000000080800000, 0x0000000080800000|100%| O|  |TAMS 0x0000000080700000| PB 0x0000000080700000| Untracked 
|   8|0x0000000080800000, 0x0000000080900000, 0x0000000080900000|100%| O|  |TAMS 0x0000000080800000| PB 0x0000000080800000| Untracked 
|   9|0x0000000080900000, 0x0000000080a00000, 0x0000000080a00000|100%|HS|  |TAMS 0x0000000080900000| PB 0x0000000080900000| Complete 
|  10|0x0000000080a00000, 0x0000000080b00000, 0x0000000080b00000|100%| O|  |TAMS 0x0000000080a00000| PB 0x0000000080a00000| Untracked 
|  11|0x0000000080b00000, 0x0000000080c00000, 0x0000000080c00000|100%| O|  |TAMS 0x0000000080b00000| PB 0x0000000080b00000| Untracked 
|  12|0x0000000080c00000, 0x0000000080d00000, 0x0000000080d00000|100%| O|  |TAMS 0x0000000080c00000| PB 0x0000000080c00000| Untracked 
|  13|0x0000000080d00000, 0x0000000080e00000, 0x0000000080e00000|100%| O|  |TAMS 0x0000000080d00000| PB 0x0000000080d00000| Untracked 
|  14|0x0000000080e00000, 0x0000000080f00000, 0x0000000080f00000|100%| O|  |TAMS 0x0000000080e00000| PB 0x0000000080e00000| Untracked 
|  15|0x0000000080f00000, 0x0000000081000000, 0x0000000081000000|100%| O|  |TAMS 0x0000000080f00000| PB 0x0000000080f00000| Untracked 
|  16|0x0000000081000000, 0x0000000081100000, 0x0000000081100000|100%| O|  |TAMS 0x0000000081000000| PB 0x0000000081000000| Untracked 
|  17|0x0000000081100000, 0x0000000081200000, 0x0000000081200000|100%| O|  |TAMS 0x0000000081100000| PB 0x0000000081100000| Untracked 
|  18|0x0000000081200000, 0x0000000081300000, 0x0000000081300000|100%| O|  |TAMS 0x0000000081200000| PB 0x0000000081200000| Untracked 
|  19|0x0000000081300000, 0x0000000081400000, 0x0000000081400000|100%| O|  |TAMS 0x0000000081300000| PB 0x0000000081300000| Untracked 
|  20|0x0000000081400000, 0x0000000081500000, 0x0000000081500000|100%| O|  |TAMS 0x0000000081400000| PB 0x0000000081400000| Untracked 
|  21|0x0000000081500000, 0x0000000081600000, 0x0000000081600000|100%| O|  |TAMS 0x0000000081500000| PB 0x0000000081500000| Untracked 
|  22|0x0000000081600000, 0x0000000081700000, 0x0000000081700000|100%| O|  |TAMS 0x0000000081600000| PB 0x0000000081600000| Untracked 
|  23|0x0000000081700000, 0x0000000081800000, 0x0000000081800000|100%| O|  |TAMS 0x0000000081700000| PB 0x0000000081700000| Untracked 
|  24|0x0000000081800000, 0x0000000081900000, 0x0000000081900000|100%| O|  |TAMS 0x0000000081800000| PB 0x0000000081800000| Untracked 
|  25|0x0000000081900000, 0x0000000081a00000, 0x0000000081a00000|100%| O|  |TAMS 0x0000000081900000| PB 0x0000000081900000| Untracked 
|  26|0x0000000081a00000, 0x0000000081b00000, 0x0000000081b00000|100%| O|  |TAMS 0x0000000081a00000| PB 0x0000000081a00000| Untracked 
|  27|0x0000000081b00000, 0x0000000081c00000, 0x0000000081c00000|100%| O|  |TAMS 0x0000000081b00000| PB 0x0000000081b00000| Untracked 
|  28|0x0000000081c00000, 0x0000000081d00000, 0x0000000081d00000|100%| O|  |TAMS 0x0000000081c00000| PB 0x0000000081c00000| Untracked 
|  29|0x0000000081d00000, 0x0000000081e00000, 0x0000000081e00000|100%| O|  |TAMS 0x0000000081d00000| PB 0x0000000081d00000| Untracked 
|  30|0x0000000081e00000, 0x0000000081f00000, 0x0000000081f00000|100%| O|  |TAMS 0x0000000081e00000| PB 0x0000000081e00000| Untracked 
|  31|0x0000000081f00000, 0x0000000082000000, 0x0000000082000000|100%| O|  |TAMS 0x0000000081f00000| PB 0x0000000081f00000| Untracked 
|  32|0x0000000082000000, 0x0000000082100000, 0x0000000082100000|100%| O|  |TAMS 0x0000000082000000| PB 0x0000000082000000| Untracked 
|  33|0x0000000082100000, 0x0000000082200000, 0x0000000082200000|100%| O|  |TAMS 0x0000000082100000| PB 0x0000000082100000| Untracked 
|  34|0x0000000082200000, 0x0000000082300000, 0x0000000082300000|100%| O|  |TAMS 0x0000000082200000| PB 0x0000000082200000| Untracked 
|  35|0x0000000082300000, 0x0000000082400000, 0x0000000082400000|100%| O|  |TAMS 0x0000000082300000| PB 0x0000000082300000| Untracked 
|  36|0x0000000082400000, 0x0000000082500000, 0x0000000082500000|100%| O|  |TAMS 0x0000000082400000| PB 0x0000000082400000| Untracked 
|  37|0x0000000082500000, 0x0000000082500000, 0x0000000082600000|  0%| F|  |TAMS 0x0000000082500000| PB 0x0000000082500000| Untracked 
|  38|0x0000000082600000, 0x0000000082700000, 0x0000000082700000|100%| O|  |TAMS 0x0000000082600000| PB 0x0000000082600000| Untracked 
|  39|0x0000000082700000, 0x0000000082800000, 0x0000000082800000|100%| O|  |TAMS 0x0000000082700000| PB 0x0000000082700000| Untracked 
|  40|0x0000000082800000, 0x0000000082900000, 0x0000000082900000|100%| O|  |TAMS 0x0000000082800000| PB 0x0000000082800000| Untracked 
|  41|0x0000000082900000, 0x0000000082a00000, 0x0000000082a00000|100%| O|  |TAMS 0x0000000082900000| PB 0x0000000082900000| Untracked 
|  42|0x0000000082a00000, 0x0000000082b00000, 0x0000000082b00000|100%|HS|  |TAMS 0x0000000082a00000| PB 0x0000000082a00000| Complete 
|  43|0x0000000082b00000, 0x0000000082c00000, 0x0000000082c00000|100%| O|  |TAMS 0x0000000082b00000| PB 0x0000000082b00000| Untracked 
|  44|0x0000000082c00000, 0x0000000082d00000, 0x0000000082d00000|100%| O|  |TAMS 0x0000000082c00000| PB 0x0000000082c00000| Untracked 
|  45|0x0000000082d00000, 0x0000000082e00000, 0x0000000082e00000|100%| O|  |TAMS 0x0000000082d00000| PB 0x0000000082d00000| Untracked 
|  46|0x0000000082e00000, 0x0000000082f00000, 0x0000000082f00000|100%|HS|  |TAMS 0x0000000082e00000| PB 0x0000000082e00000| Complete 
|  47|0x0000000082f00000, 0x0000000083000000, 0x0000000083000000|100%|HS|  |TAMS 0x0000000082f00000| PB 0x0000000082f00000| Complete 
|  48|0x0000000083000000, 0x0000000083100000, 0x0000000083100000|100%|HS|  |TAMS 0x0000000083000000| PB 0x0000000083000000| Complete 
|  49|0x0000000083100000, 0x0000000083200000, 0x0000000083200000|100%|HS|  |TAMS 0x0000000083100000| PB 0x0000000083100000| Complete 
|  50|0x0000000083200000, 0x0000000083300000, 0x0000000083300000|100%|HS|  |TAMS 0x0000000083200000| PB 0x0000000083200000| Complete 
|  51|0x0000000083300000, 0x0000000083400000, 0x0000000083400000|100%| O|  |TAMS 0x0000000083300000| PB 0x0000000083300000| Untracked 
|  52|0x0000000083400000, 0x0000000083400000, 0x0000000083500000|  0%| F|  |TAMS 0x0000000083400000| PB 0x0000000083400000| Untracked 
|  53|0x0000000083500000, 0x0000000083600000, 0x0000000083600000|100%| O|  |TAMS 0x0000000083500000| PB 0x0000000083500000| Untracked 
|  54|0x0000000083600000, 0x0000000083600000, 0x0000000083700000|  0%| F|  |TAMS 0x0000000083600000| PB 0x0000000083600000| Untracked 
|  55|0x0000000083700000, 0x0000000083700000, 0x0000000083800000|  0%| F|  |TAMS 0x0000000083700000| PB 0x0000000083700000| Untracked 
|  56|0x0000000083800000, 0x0000000083900000, 0x0000000083900000|100%| O|  |TAMS 0x0000000083800000| PB 0x0000000083800000| Untracked 
|  57|0x0000000083900000, 0x0000000083a00000, 0x0000000083a00000|100%|HS|  |TAMS 0x0000000083900000| PB 0x0000000083900000| Complete 
|  58|0x0000000083a00000, 0x0000000083b00000, 0x0000000083b00000|100%| O|  |TAMS 0x0000000083a00000| PB 0x0000000083a00000| Untracked 
|  59|0x0000000083b00000, 0x0000000083c00000, 0x0000000083c00000|100%| O|  |TAMS 0x0000000083b00000| PB 0x0000000083b00000| Untracked 
|  60|0x0000000083c00000, 0x0000000083d00000, 0x0000000083d00000|100%| O|  |TAMS 0x0000000083c00000| PB 0x0000000083c00000| Untracked 
|  61|0x0000000083d00000, 0x0000000083e00000, 0x0000000083e00000|100%| O|  |TAMS 0x0000000083d00000| PB 0x0000000083d00000| Untracked 
|  62|0x0000000083e00000, 0x0000000083f00000, 0x0000000083f00000|100%| O|  |TAMS 0x0000000083e00000| PB 0x0000000083e00000| Untracked 
|  63|0x0000000083f00000, 0x0000000084000000, 0x0000000084000000|100%| O|  |TAMS 0x0000000083f00000| PB 0x0000000083f00000| Untracked 
|  64|0x0000000084000000, 0x0000000084100000, 0x0000000084100000|100%| O|  |TAMS 0x0000000084000000| PB 0x0000000084000000| Untracked 
|  65|0x0000000084100000, 0x0000000084200000, 0x0000000084200000|100%| O|  |TAMS 0x0000000084100000| PB 0x0000000084100000| Untracked 
|  66|0x0000000084200000, 0x0000000084300000, 0x0000000084300000|100%| O|  |TAMS 0x0000000084200000| PB 0x0000000084200000| Untracked 
|  67|0x0000000084300000, 0x0000000084400000, 0x0000000084400000|100%| O|  |TAMS 0x0000000084300000| PB 0x0000000084300000| Untracked 
|  68|0x0000000084400000, 0x0000000084400000, 0x0000000084500000|  0%| F|  |TAMS 0x0000000084400000| PB 0x0000000084400000| Untracked 
|  69|0x0000000084500000, 0x0000000084500000, 0x0000000084600000|  0%| F|  |TAMS 0x0000000084500000| PB 0x0000000084500000| Untracked 
|  70|0x0000000084600000, 0x0000000084700000, 0x0000000084700000|100%| O|  |TAMS 0x0000000084600000| PB 0x0000000084600000| Untracked 
|  71|0x0000000084700000, 0x0000000084700000, 0x0000000084800000|  0%| F|  |TAMS 0x0000000084700000| PB 0x0000000084700000| Untracked 
|  72|0x0000000084800000, 0x0000000084900000, 0x0000000084900000|100%| O|  |TAMS 0x0000000084800000| PB 0x0000000084800000| Untracked 
|  73|0x0000000084900000, 0x0000000084a00000, 0x0000000084a00000|100%| O|  |TAMS 0x0000000084900000| PB 0x0000000084900000| Untracked 
|  74|0x0000000084a00000, 0x0000000084b00000, 0x0000000084b00000|100%| O|  |TAMS 0x0000000084a00000| PB 0x0000000084a00000| Untracked 
|  75|0x0000000084b00000, 0x0000000084c00000, 0x0000000084c00000|100%| O|  |TAMS 0x0000000084b00000| PB 0x0000000084b00000| Untracked 
|  76|0x0000000084c00000, 0x0000000084d00000, 0x0000000084d00000|100%| O|  |TAMS 0x0000000084c00000| PB 0x0000000084c00000| Untracked 
|  77|0x0000000084d00000, 0x0000000084e00000, 0x0000000084e00000|100%| O|  |TAMS 0x0000000084d00000| PB 0x0000000084d00000| Untracked 
|  78|0x0000000084e00000, 0x0000000084f00000, 0x0000000084f00000|100%| O|  |TAMS 0x0000000084e00000| PB 0x0000000084e00000| Untracked 
|  79|0x0000000084f00000, 0x0000000085000000, 0x0000000085000000|100%| O|  |TAMS 0x0000000084f00000| PB 0x0000000084f00000| Untracked 
|  80|0x0000000085000000, 0x0000000085100000, 0x0000000085100000|100%| O|  |TAMS 0x0000000085000000| PB 0x0000000085000000| Untracked 
|  81|0x0000000085100000, 0x0000000085200000, 0x0000000085200000|100%| O|  |TAMS 0x0000000085100000| PB 0x0000000085100000| Untracked 
|  82|0x0000000085200000, 0x0000000085300000, 0x0000000085300000|100%| O|  |TAMS 0x0000000085200000| PB 0x0000000085200000| Untracked 
|  83|0x0000000085300000, 0x0000000085300000, 0x0000000085400000|  0%| F|  |TAMS 0x0000000085300000| PB 0x0000000085300000| Untracked 
|  84|0x0000000085400000, 0x0000000085500000, 0x0000000085500000|100%| O|  |TAMS 0x0000000085400000| PB 0x0000000085400000| Untracked 
|  85|0x0000000085500000, 0x0000000085600000, 0x0000000085600000|100%| O|  |TAMS 0x0000000085500000| PB 0x0000000085500000| Untracked 
|  86|0x0000000085600000, 0x0000000085700000, 0x0000000085700000|100%| O|  |TAMS 0x0000000085600000| PB 0x0000000085600000| Untracked 
|  87|0x0000000085700000, 0x0000000085800000, 0x0000000085800000|100%| O|  |TAMS 0x0000000085700000| PB 0x0000000085700000| Untracked 
|  88|0x0000000085800000, 0x0000000085900000, 0x0000000085900000|100%| O|  |TAMS 0x0000000085800000| PB 0x0000000085800000| Untracked 
|  89|0x0000000085900000, 0x0000000085a00000, 0x0000000085a00000|100%| O|  |TAMS 0x0000000085900000| PB 0x0000000085900000| Untracked 
|  90|0x0000000085a00000, 0x0000000085a00000, 0x0000000085b00000|  0%| F|  |TAMS 0x0000000085a00000| PB 0x0000000085a00000| Untracked 
|  91|0x0000000085b00000, 0x0000000085c00000, 0x0000000085c00000|100%| O|  |TAMS 0x0000000085b00000| PB 0x0000000085b00000| Untracked 
|  92|0x0000000085c00000, 0x0000000085d00000, 0x0000000085d00000|100%| O|  |TAMS 0x0000000085c00000| PB 0x0000000085c00000| Untracked 
|  93|0x0000000085d00000, 0x0000000085e00000, 0x0000000085e00000|100%| O|  |TAMS 0x0000000085d00000| PB 0x0000000085d00000| Untracked 
|  94|0x0000000085e00000, 0x0000000085f00000, 0x0000000085f00000|100%| O|  |TAMS 0x0000000085e00000| PB 0x0000000085e00000| Untracked 
|  95|0x0000000085f00000, 0x0000000086000000, 0x0000000086000000|100%| O|  |TAMS 0x0000000085f00000| PB 0x0000000085f00000| Untracked 
|  96|0x0000000086000000, 0x0000000086100000, 0x0000000086100000|100%| O|  |TAMS 0x0000000086000000| PB 0x0000000086000000| Untracked 
|  97|0x0000000086100000, 0x0000000086200000, 0x0000000086200000|100%| O|  |TAMS 0x0000000086100000| PB 0x0000000086100000| Untracked 
|  98|0x0000000086200000, 0x0000000086300000, 0x0000000086300000|100%| O|  |TAMS 0x0000000086200000| PB 0x0000000086200000| Untracked 
|  99|0x0000000086300000, 0x0000000086400000, 0x0000000086400000|100%| O|  |TAMS 0x0000000086300000| PB 0x0000000086300000| Untracked 
| 100|0x0000000086400000, 0x0000000086500000, 0x0000000086500000|100%| O|  |TAMS 0x0000000086400000| PB 0x0000000086400000| Untracked 
| 101|0x0000000086500000, 0x0000000086600000, 0x0000000086600000|100%| O|  |TAMS 0x0000000086500000| PB 0x0000000086500000| Untracked 
| 102|0x0000000086600000, 0x0000000086700000, 0x0000000086700000|100%| O|  |TAMS 0x0000000086600000| PB 0x0000000086600000| Untracked 
| 103|0x0000000086700000, 0x0000000086800000, 0x0000000086800000|100%| O|  |TAMS 0x0000000086700000| PB 0x0000000086700000| Untracked 
| 104|0x0000000086800000, 0x0000000086900000, 0x0000000086900000|100%| O|  |TAMS 0x0000000086800000| PB 0x0000000086800000| Untracked 
| 105|0x0000000086900000, 0x0000000086a00000, 0x0000000086a00000|100%| O|  |TAMS 0x0000000086900000| PB 0x0000000086900000| Untracked 
| 106|0x0000000086a00000, 0x0000000086b00000, 0x0000000086b00000|100%| O|  |TAMS 0x0000000086a00000| PB 0x0000000086a00000| Untracked 
| 107|0x0000000086b00000, 0x0000000086c00000, 0x0000000086c00000|100%| O|  |TAMS 0x0000000086b00000| PB 0x0000000086b00000| Untracked 
| 108|0x0000000086c00000, 0x0000000086d00000, 0x0000000086d00000|100%| O|  |TAMS 0x0000000086c00000| PB 0x0000000086c00000| Untracked 
| 109|0x0000000086d00000, 0x0000000086e00000, 0x0000000086e00000|100%| O|  |TAMS 0x0000000086d00000| PB 0x0000000086d00000| Untracked 
| 110|0x0000000086e00000, 0x0000000086f00000, 0x0000000086f00000|100%| O|  |TAMS 0x0000000086e00000| PB 0x0000000086e00000| Untracked 
| 111|0x0000000086f00000, 0x0000000087000000, 0x0000000087000000|100%| O|  |TAMS 0x0000000086f00000| PB 0x0000000086f00000| Untracked 
| 112|0x0000000087000000, 0x0000000087000000, 0x0000000087100000|  0%| F|  |TAMS 0x0000000087000000| PB 0x0000000087000000| Untracked 
| 113|0x0000000087100000, 0x0000000087200000, 0x0000000087200000|100%| O|  |TAMS 0x0000000087100000| PB 0x0000000087100000| Untracked 
| 114|0x0000000087200000, 0x0000000087300000, 0x0000000087300000|100%| O|  |TAMS 0x0000000087200000| PB 0x0000000087200000| Untracked 
| 115|0x0000000087300000, 0x0000000087400000, 0x0000000087400000|100%| O|  |TAMS 0x0000000087300000| PB 0x0000000087300000| Untracked 
| 116|0x0000000087400000, 0x0000000087500000, 0x0000000087500000|100%| O|  |TAMS 0x0000000087400000| PB 0x0000000087400000| Untracked 
| 117|0x0000000087500000, 0x0000000087600000, 0x0000000087600000|100%| O|  |TAMS 0x0000000087500000| PB 0x0000000087500000| Untracked 
| 118|0x0000000087600000, 0x0000000087700000, 0x0000000087700000|100%| O|  |TAMS 0x0000000087600000| PB 0x0000000087600000| Untracked 
| 119|0x0000000087700000, 0x0000000087800000, 0x0000000087800000|100%| O|  |TAMS 0x0000000087700000| PB 0x0000000087700000| Untracked 
| 120|0x0000000087800000, 0x0000000087900000, 0x0000000087900000|100%| O|  |TAMS 0x0000000087800000| PB 0x0000000087800000| Untracked 
| 121|0x0000000087900000, 0x0000000087a00000, 0x0000000087a00000|100%| O|  |TAMS 0x0000000087900000| PB 0x0000000087900000| Untracked 
| 122|0x0000000087a00000, 0x0000000087b00000, 0x0000000087b00000|100%| O|  |TAMS 0x0000000087a00000| PB 0x0000000087a00000| Untracked 
| 123|0x0000000087b00000, 0x0000000087c00000, 0x0000000087c00000|100%| O|  |TAMS 0x0000000087b00000| PB 0x0000000087b00000| Untracked 
| 124|0x0000000087c00000, 0x0000000087d00000, 0x0000000087d00000|100%| O|  |TAMS 0x0000000087c00000| PB 0x0000000087c00000| Untracked 
| 125|0x0000000087d00000, 0x0000000087e00000, 0x0000000087e00000|100%| O|  |TAMS 0x0000000087d00000| PB 0x0000000087d00000| Untracked 
| 126|0x0000000087e00000, 0x0000000087e00000, 0x0000000087f00000|  0%| F|  |TAMS 0x0000000087e00000| PB 0x0000000087e00000| Untracked 
| 127|0x0000000087f00000, 0x0000000087f00000, 0x0000000088000000|  0%| F|  |TAMS 0x0000000087f00000| PB 0x0000000087f00000| Untracked 
| 128|0x0000000088000000, 0x0000000088100000, 0x0000000088100000|100%| O|  |TAMS 0x0000000088000000| PB 0x0000000088000000| Untracked 
| 129|0x0000000088100000, 0x0000000088200000, 0x0000000088200000|100%| O|  |TAMS 0x0000000088100000| PB 0x0000000088100000| Untracked 
| 130|0x0000000088200000, 0x0000000088300000, 0x0000000088300000|100%| O|  |TAMS 0x0000000088200000| PB 0x0000000088200000| Untracked 
| 131|0x0000000088300000, 0x0000000088400000, 0x0000000088400000|100%| O|  |TAMS 0x0000000088300000| PB 0x0000000088300000| Untracked 
| 132|0x0000000088400000, 0x0000000088500000, 0x0000000088500000|100%| O|  |TAMS 0x0000000088400000| PB 0x0000000088400000| Untracked 
| 133|0x0000000088500000, 0x0000000088600000, 0x0000000088600000|100%| O|  |TAMS 0x0000000088500000| PB 0x0000000088500000| Untracked 
| 134|0x0000000088600000, 0x0000000088700000, 0x0000000088700000|100%| O|  |TAMS 0x0000000088600000| PB 0x0000000088600000| Untracked 
| 135|0x0000000088700000, 0x0000000088800000, 0x0000000088800000|100%| O|  |TAMS 0x0000000088700000| PB 0x0000000088700000| Untracked 
| 136|0x0000000088800000, 0x0000000088900000, 0x0000000088900000|100%| O|  |TAMS 0x0000000088800000| PB 0x0000000088800000| Untracked 
| 137|0x0000000088900000, 0x0000000088a00000, 0x0000000088a00000|100%| O|  |TAMS 0x0000000088900000| PB 0x0000000088900000| Untracked 
| 138|0x0000000088a00000, 0x0000000088b00000, 0x0000000088b00000|100%| O|  |TAMS 0x0000000088a00000| PB 0x0000000088a00000| Untracked 
| 139|0x0000000088b00000, 0x0000000088c00000, 0x0000000088c00000|100%| O|  |TAMS 0x0000000088b00000| PB 0x0000000088b00000| Untracked 
| 140|0x0000000088c00000, 0x0000000088d00000, 0x0000000088d00000|100%| O|  |TAMS 0x0000000088c00000| PB 0x0000000088c00000| Untracked 
| 141|0x0000000088d00000, 0x0000000088e00000, 0x0000000088e00000|100%| O|  |TAMS 0x0000000088d00000| PB 0x0000000088d00000| Untracked 
| 142|0x0000000088e00000, 0x0000000088f00000, 0x0000000088f00000|100%| O|  |TAMS 0x0000000088e00000| PB 0x0000000088e00000| Untracked 
| 143|0x0000000088f00000, 0x0000000088f9f320, 0x0000000089000000| 62%| O|  |TAMS 0x0000000088f00000| PB 0x0000000088f00000| Untracked 
| 144|0x0000000089000000, 0x0000000089000000, 0x0000000089100000|  0%| F|  |TAMS 0x0000000089000000| PB 0x0000000089000000| Untracked 
| 145|0x0000000089100000, 0x0000000089200000, 0x0000000089200000|100%| O|  |TAMS 0x0000000089100000| PB 0x0000000089100000| Untracked 
| 146|0x0000000089200000, 0x0000000089300000, 0x0000000089300000|100%| O|  |TAMS 0x0000000089200000| PB 0x0000000089200000| Untracked 
| 147|0x0000000089300000, 0x0000000089300000, 0x0000000089400000|  0%| F|  |TAMS 0x0000000089300000| PB 0x0000000089300000| Untracked 
| 148|0x0000000089400000, 0x0000000089400000, 0x0000000089500000|  0%| F|  |TAMS 0x0000000089400000| PB 0x0000000089400000| Untracked 
| 149|0x0000000089500000, 0x0000000089500000, 0x0000000089600000|  0%| F|  |TAMS 0x0000000089500000| PB 0x0000000089500000| Untracked 
| 150|0x0000000089600000, 0x0000000089600000, 0x0000000089700000|  0%| F|  |TAMS 0x0000000089600000| PB 0x0000000089600000| Untracked 
| 151|0x0000000089700000, 0x0000000089800000, 0x0000000089800000|100%| O|  |TAMS 0x0000000089700000| PB 0x0000000089700000| Untracked 
| 152|0x0000000089800000, 0x0000000089800000, 0x0000000089900000|  0%| F|  |TAMS 0x0000000089800000| PB 0x0000000089800000| Untracked 
| 153|0x0000000089900000, 0x0000000089900000, 0x0000000089a00000|  0%| F|  |TAMS 0x0000000089900000| PB 0x0000000089900000| Untracked 
| 154|0x0000000089a00000, 0x0000000089b00000, 0x0000000089b00000|100%| O|  |TAMS 0x0000000089a00000| PB 0x0000000089a00000| Untracked 
| 155|0x0000000089b00000, 0x0000000089b00000, 0x0000000089c00000|  0%| F|  |TAMS 0x0000000089b00000| PB 0x0000000089b00000| Untracked 
| 156|0x0000000089c00000, 0x0000000089c00000, 0x0000000089d00000|  0%| F|  |TAMS 0x0000000089c00000| PB 0x0000000089c00000| Untracked 
| 157|0x0000000089d00000, 0x0000000089d00000, 0x0000000089e00000|  0%| F|  |TAMS 0x0000000089d00000| PB 0x0000000089d00000| Untracked 
| 158|0x0000000089e00000, 0x0000000089f00000, 0x0000000089f00000|100%| O|  |TAMS 0x0000000089e00000| PB 0x0000000089e00000| Untracked 
| 159|0x0000000089f00000, 0x0000000089f00000, 0x000000008a000000|  0%| F|  |TAMS 0x0000000089f00000| PB 0x0000000089f00000| Untracked 
| 160|0x000000008a000000, 0x000000008a000000, 0x000000008a100000|  0%| F|  |TAMS 0x000000008a000000| PB 0x000000008a000000| Untracked 
| 161|0x000000008a100000, 0x000000008a100000, 0x000000008a200000|  0%| F|  |TAMS 0x000000008a100000| PB 0x000000008a100000| Untracked 
| 162|0x000000008a200000, 0x000000008a200000, 0x000000008a300000|  0%| F|  |TAMS 0x000000008a200000| PB 0x000000008a200000| Untracked 
| 163|0x000000008a300000, 0x000000008a300000, 0x000000008a400000|  0%| F|  |TAMS 0x000000008a300000| PB 0x000000008a300000| Untracked 
| 164|0x000000008a400000, 0x000000008a400000, 0x000000008a500000|  0%| F|  |TAMS 0x000000008a400000| PB 0x000000008a400000| Untracked 
| 165|0x000000008a500000, 0x000000008a600000, 0x000000008a600000|100%| O|  |TAMS 0x000000008a500000| PB 0x000000008a500000| Untracked 
| 166|0x000000008a600000, 0x000000008a700000, 0x000000008a700000|100%| O|  |TAMS 0x000000008a600000| PB 0x000000008a600000| Untracked 
| 167|0x000000008a700000, 0x000000008a700000, 0x000000008a800000|  0%| F|  |TAMS 0x000000008a700000| PB 0x000000008a700000| Untracked 
| 168|0x000000008a800000, 0x000000008a800000, 0x000000008a900000|  0%| F|  |TAMS 0x000000008a800000| PB 0x000000008a800000| Untracked 
| 169|0x000000008a900000, 0x000000008a900000, 0x000000008aa00000|  0%| F|  |TAMS 0x000000008a900000| PB 0x000000008a900000| Untracked 
| 170|0x000000008aa00000, 0x000000008aa00000, 0x000000008ab00000|  0%| F|  |TAMS 0x000000008aa00000| PB 0x000000008aa00000| Untracked 
| 171|0x000000008ab00000, 0x000000008ab00000, 0x000000008ac00000|  0%| F|  |TAMS 0x000000008ab00000| PB 0x000000008ab00000| Untracked 
| 172|0x000000008ac00000, 0x000000008ac00000, 0x000000008ad00000|  0%| F|  |TAMS 0x000000008ac00000| PB 0x000000008ac00000| Untracked 
| 173|0x000000008ad00000, 0x000000008ad00000, 0x000000008ae00000|  0%| F|  |TAMS 0x000000008ad00000| PB 0x000000008ad00000| Untracked 
| 174|0x000000008ae00000, 0x000000008ae00000, 0x000000008af00000|  0%| F|  |TAMS 0x000000008ae00000| PB 0x000000008ae00000| Untracked 
| 175|0x000000008af00000, 0x000000008af00000, 0x000000008b000000|  0%| F|  |TAMS 0x000000008af00000| PB 0x000000008af00000| Untracked 
| 176|0x000000008b000000, 0x000000008b000000, 0x000000008b100000|  0%| F|  |TAMS 0x000000008b000000| PB 0x000000008b000000| Untracked 
| 177|0x000000008b100000, 0x000000008b100000, 0x000000008b200000|  0%| F|  |TAMS 0x000000008b100000| PB 0x000000008b100000| Untracked 
| 178|0x000000008b200000, 0x000000008b200000, 0x000000008b300000|  0%| F|  |TAMS 0x000000008b200000| PB 0x000000008b200000| Untracked 
| 179|0x000000008b300000, 0x000000008b300000, 0x000000008b400000|  0%| F|  |TAMS 0x000000008b300000| PB 0x000000008b300000| Untracked 
| 180|0x000000008b400000, 0x000000008b400000, 0x000000008b500000|  0%| F|  |TAMS 0x000000008b400000| PB 0x000000008b400000| Untracked 
| 181|0x000000008b500000, 0x000000008b500000, 0x000000008b600000|  0%| F|  |TAMS 0x000000008b500000| PB 0x000000008b500000| Untracked 
| 182|0x000000008b600000, 0x000000008b600000, 0x000000008b700000|  0%| F|  |TAMS 0x000000008b600000| PB 0x000000008b600000| Untracked 
| 183|0x000000008b700000, 0x000000008b700000, 0x000000008b800000|  0%| F|  |TAMS 0x000000008b700000| PB 0x000000008b700000| Untracked 
| 184|0x000000008b800000, 0x000000008b800000, 0x000000008b900000|  0%| F|  |TAMS 0x000000008b800000| PB 0x000000008b800000| Untracked 
| 185|0x000000008b900000, 0x000000008b900000, 0x000000008ba00000|  0%| F|  |TAMS 0x000000008b900000| PB 0x000000008b900000| Untracked 
| 186|0x000000008ba00000, 0x000000008ba00000, 0x000000008bb00000|  0%| F|  |TAMS 0x000000008ba00000| PB 0x000000008ba00000| Untracked 
| 187|0x000000008bb00000, 0x000000008bb00000, 0x000000008bc00000|  0%| F|  |TAMS 0x000000008bb00000| PB 0x000000008bb00000| Untracked 
| 188|0x000000008bc00000, 0x000000008bc00000, 0x000000008bd00000|  0%| F|  |TAMS 0x000000008bc00000| PB 0x000000008bc00000| Untracked 
| 189|0x000000008bd00000, 0x000000008bd00000, 0x000000008be00000|  0%| F|  |TAMS 0x000000008bd00000| PB 0x000000008bd00000| Untracked 
| 190|0x000000008be00000, 0x000000008be00000, 0x000000008bf00000|  0%| F|  |TAMS 0x000000008be00000| PB 0x000000008be00000| Untracked 
| 191|0x000000008bf00000, 0x000000008bf00000, 0x000000008c000000|  0%| F|  |TAMS 0x000000008bf00000| PB 0x000000008bf00000| Untracked 
| 192|0x000000008c000000, 0x000000008c000000, 0x000000008c100000|  0%| F|  |TAMS 0x000000008c000000| PB 0x000000008c000000| Untracked 
| 193|0x000000008c100000, 0x000000008c100000, 0x000000008c200000|  0%| F|  |TAMS 0x000000008c100000| PB 0x000000008c100000| Untracked 
| 194|0x000000008c200000, 0x000000008c200000, 0x000000008c300000|  0%| F|  |TAMS 0x000000008c200000| PB 0x000000008c200000| Untracked 
| 195|0x000000008c300000, 0x000000008c300000, 0x000000008c400000|  0%| F|  |TAMS 0x000000008c300000| PB 0x000000008c300000| Untracked 
| 196|0x000000008c400000, 0x000000008c400000, 0x000000008c500000|  0%| F|  |TAMS 0x000000008c400000| PB 0x000000008c400000| Untracked 
| 197|0x000000008c500000, 0x000000008c500000, 0x000000008c600000|  0%| F|  |TAMS 0x000000008c500000| PB 0x000000008c500000| Untracked 
| 198|0x000000008c600000, 0x000000008c600000, 0x000000008c700000|  0%| F|  |TAMS 0x000000008c600000| PB 0x000000008c600000| Untracked 
| 199|0x000000008c700000, 0x000000008c700000, 0x000000008c800000|  0%| F|  |TAMS 0x000000008c700000| PB 0x000000008c700000| Untracked 
| 200|0x000000008c800000, 0x000000008c800000, 0x000000008c900000|  0%| F|  |TAMS 0x000000008c800000| PB 0x000000008c800000| Untracked 
| 201|0x000000008c900000, 0x000000008c900000, 0x000000008ca00000|  0%| F|  |TAMS 0x000000008c900000| PB 0x000000008c900000| Untracked 
| 202|0x000000008ca00000, 0x000000008ca00000, 0x000000008cb00000|  0%| F|  |TAMS 0x000000008ca00000| PB 0x000000008ca00000| Untracked 
| 203|0x000000008cb00000, 0x000000008cb00000, 0x000000008cc00000|  0%| F|  |TAMS 0x000000008cb00000| PB 0x000000008cb00000| Untracked 
| 204|0x000000008cc00000, 0x000000008cc00000, 0x000000008cd00000|  0%| F|  |TAMS 0x000000008cc00000| PB 0x000000008cc00000| Untracked 
| 205|0x000000008cd00000, 0x000000008cd00000, 0x000000008ce00000|  0%| F|  |TAMS 0x000000008cd00000| PB 0x000000008cd00000| Untracked 
| 206|0x000000008ce00000, 0x000000008ce00000, 0x000000008cf00000|  0%| F|  |TAMS 0x000000008ce00000| PB 0x000000008ce00000| Untracked 
| 207|0x000000008cf00000, 0x000000008cf00000, 0x000000008d000000|  0%| F|  |TAMS 0x000000008cf00000| PB 0x000000008cf00000| Untracked 
| 208|0x000000008d000000, 0x000000008d000000, 0x000000008d100000|  0%| F|  |TAMS 0x000000008d000000| PB 0x000000008d000000| Untracked 
| 209|0x000000008d100000, 0x000000008d100000, 0x000000008d200000|  0%| F|  |TAMS 0x000000008d100000| PB 0x000000008d100000| Untracked 
| 210|0x000000008d200000, 0x000000008d200000, 0x000000008d300000|  0%| F|  |TAMS 0x000000008d200000| PB 0x000000008d200000| Untracked 
| 211|0x000000008d300000, 0x000000008d300000, 0x000000008d400000|  0%| F|  |TAMS 0x000000008d300000| PB 0x000000008d300000| Untracked 
| 212|0x000000008d400000, 0x000000008d400000, 0x000000008d500000|  0%| F|  |TAMS 0x000000008d400000| PB 0x000000008d400000| Untracked 
| 213|0x000000008d500000, 0x000000008d500000, 0x000000008d600000|  0%| F|  |TAMS 0x000000008d500000| PB 0x000000008d500000| Untracked 
| 214|0x000000008d600000, 0x000000008d700000, 0x000000008d700000|100%| S|CS|TAMS 0x000000008d600000| PB 0x000000008d600000| Complete 
| 215|0x000000008d700000, 0x000000008d800000, 0x000000008d800000|100%| S|CS|TAMS 0x000000008d700000| PB 0x000000008d700000| Complete 
| 216|0x000000008d800000, 0x000000008d900000, 0x000000008d900000|100%| S|CS|TAMS 0x000000008d800000| PB 0x000000008d800000| Complete 
| 217|0x000000008d900000, 0x000000008da00000, 0x000000008da00000|100%| S|CS|TAMS 0x000000008d900000| PB 0x000000008d900000| Complete 
| 218|0x000000008da00000, 0x000000008db00000, 0x000000008db00000|100%| S|CS|TAMS 0x000000008da00000| PB 0x000000008da00000| Complete 
| 219|0x000000008db00000, 0x000000008dc00000, 0x000000008dc00000|100%| S|CS|TAMS 0x000000008db00000| PB 0x000000008db00000| Complete 
| 220|0x000000008dc00000, 0x000000008dd00000, 0x000000008dd00000|100%| S|CS|TAMS 0x000000008dc00000| PB 0x000000008dc00000| Complete 
| 221|0x000000008dd00000, 0x000000008de00000, 0x000000008de00000|100%| S|CS|TAMS 0x000000008dd00000| PB 0x000000008dd00000| Complete 
| 222|0x000000008de00000, 0x000000008df00000, 0x000000008df00000|100%| S|CS|TAMS 0x000000008de00000| PB 0x000000008de00000| Complete 
| 223|0x000000008df00000, 0x000000008e000000, 0x000000008e000000|100%| S|CS|TAMS 0x000000008df00000| PB 0x000000008df00000| Complete 
| 224|0x000000008e000000, 0x000000008e100000, 0x000000008e100000|100%| S|CS|TAMS 0x000000008e000000| PB 0x000000008e000000| Complete 
| 225|0x000000008e100000, 0x000000008e200000, 0x000000008e200000|100%| S|CS|TAMS 0x000000008e100000| PB 0x000000008e100000| Complete 
| 226|0x000000008e200000, 0x000000008e300000, 0x000000008e300000|100%| S|CS|TAMS 0x000000008e200000| PB 0x000000008e200000| Complete 
| 227|0x000000008e300000, 0x000000008e400000, 0x000000008e400000|100%| S|CS|TAMS 0x000000008e300000| PB 0x000000008e300000| Complete 
| 228|0x000000008e400000, 0x000000008e500000, 0x000000008e500000|100%| S|CS|TAMS 0x000000008e400000| PB 0x000000008e400000| Complete 
| 229|0x000000008e500000, 0x000000008e600000, 0x000000008e600000|100%| S|CS|TAMS 0x000000008e500000| PB 0x000000008e500000| Complete 
| 230|0x000000008e600000, 0x000000008e700000, 0x000000008e700000|100%| S|CS|TAMS 0x000000008e600000| PB 0x000000008e600000| Complete 
| 231|0x000000008e700000, 0x000000008e800000, 0x000000008e800000|100%| S|CS|TAMS 0x000000008e700000| PB 0x000000008e700000| Complete 
| 232|0x000000008e800000, 0x000000008e800000, 0x000000008e900000|  0%| F|  |TAMS 0x000000008e800000| PB 0x000000008e800000| Untracked 
| 233|0x000000008e900000, 0x000000008e900000, 0x000000008ea00000|  0%| F|  |TAMS 0x000000008e900000| PB 0x000000008e900000| Untracked 
| 234|0x000000008ea00000, 0x000000008ea00000, 0x000000008eb00000|  0%| F|  |TAMS 0x000000008ea00000| PB 0x000000008ea00000| Untracked 
| 235|0x000000008eb00000, 0x000000008eb00000, 0x000000008ec00000|  0%| F|  |TAMS 0x000000008eb00000| PB 0x000000008eb00000| Untracked 
| 236|0x000000008ec00000, 0x000000008ec00000, 0x000000008ed00000|  0%| F|  |TAMS 0x000000008ec00000| PB 0x000000008ec00000| Untracked 
| 237|0x000000008ed00000, 0x000000008ed00000, 0x000000008ee00000|  0%| F|  |TAMS 0x000000008ed00000| PB 0x000000008ed00000| Untracked 
| 238|0x000000008ee00000, 0x000000008ef00000, 0x000000008ef00000|100%| O|  |TAMS 0x000000008ee00000| PB 0x000000008ee00000| Untracked 
| 239|0x000000008ef00000, 0x000000008ef00000, 0x000000008f000000|  0%| F|  |TAMS 0x000000008ef00000| PB 0x000000008ef00000| Untracked 
| 240|0x000000008f000000, 0x000000008f000000, 0x000000008f100000|  0%| F|  |TAMS 0x000000008f000000| PB 0x000000008f000000| Untracked 
| 241|0x000000008f100000, 0x000000008f100000, 0x000000008f200000|  0%| F|  |TAMS 0x000000008f100000| PB 0x000000008f100000| Untracked 
| 242|0x000000008f200000, 0x000000008f200000, 0x000000008f300000|  0%| F|  |TAMS 0x000000008f200000| PB 0x000000008f200000| Untracked 
| 243|0x000000008f300000, 0x000000008f300000, 0x000000008f400000|  0%| F|  |TAMS 0x000000008f300000| PB 0x000000008f300000| Untracked 
| 244|0x000000008f400000, 0x000000008f400000, 0x000000008f500000|  0%| F|  |TAMS 0x000000008f400000| PB 0x000000008f400000| Untracked 
| 245|0x000000008f500000, 0x000000008f500000, 0x000000008f600000|  0%| F|  |TAMS 0x000000008f500000| PB 0x000000008f500000| Untracked 
| 246|0x000000008f600000, 0x000000008f600000, 0x000000008f700000|  0%| F|  |TAMS 0x000000008f600000| PB 0x000000008f600000| Untracked 
| 247|0x000000008f700000, 0x000000008f700000, 0x000000008f800000|  0%| F|  |TAMS 0x000000008f700000| PB 0x000000008f700000| Untracked 
| 248|0x000000008f800000, 0x000000008f800000, 0x000000008f900000|  0%| F|  |TAMS 0x000000008f800000| PB 0x000000008f800000| Untracked 
| 249|0x000000008f900000, 0x000000008f900000, 0x000000008fa00000|  0%| F|  |TAMS 0x000000008f900000| PB 0x000000008f900000| Untracked 
| 250|0x000000008fa00000, 0x000000008fa00000, 0x000000008fb00000|  0%| F|  |TAMS 0x000000008fa00000| PB 0x000000008fa00000| Untracked 
| 251|0x000000008fb00000, 0x000000008fb00000, 0x000000008fc00000|  0%| F|  |TAMS 0x000000008fb00000| PB 0x000000008fb00000| Untracked 
| 252|0x000000008fc00000, 0x000000008fc00000, 0x000000008fd00000|  0%| F|  |TAMS 0x000000008fc00000| PB 0x000000008fc00000| Untracked 
| 253|0x000000008fd00000, 0x000000008fd00000, 0x000000008fe00000|  0%| F|  |TAMS 0x000000008fd00000| PB 0x000000008fd00000| Untracked 
| 254|0x000000008fe00000, 0x000000008fe00000, 0x000000008ff00000|  0%| F|  |TAMS 0x000000008fe00000| PB 0x000000008fe00000| Untracked 
| 255|0x000000008ff00000, 0x000000008ff00000, 0x0000000090000000|  0%| F|  |TAMS 0x000000008ff00000| PB 0x000000008ff00000| Untracked 
| 256|0x0000000090000000, 0x0000000090000000, 0x0000000090100000|  0%| F|  |TAMS 0x0000000090000000| PB 0x0000000090000000| Untracked 
| 257|0x0000000090100000, 0x0000000090100000, 0x0000000090200000|  0%| F|  |TAMS 0x0000000090100000| PB 0x0000000090100000| Untracked 
| 258|0x0000000090200000, 0x0000000090200000, 0x0000000090300000|  0%| F|  |TAMS 0x0000000090200000| PB 0x0000000090200000| Untracked 
| 259|0x0000000090300000, 0x0000000090300000, 0x0000000090400000|  0%| F|  |TAMS 0x0000000090300000| PB 0x0000000090300000| Untracked 
| 260|0x0000000090400000, 0x0000000090400000, 0x0000000090500000|  0%| F|  |TAMS 0x0000000090400000| PB 0x0000000090400000| Untracked 
| 261|0x0000000090500000, 0x0000000090500000, 0x0000000090600000|  0%| F|  |TAMS 0x0000000090500000| PB 0x0000000090500000| Untracked 
| 262|0x0000000090600000, 0x0000000090600000, 0x0000000090700000|  0%| F|  |TAMS 0x0000000090600000| PB 0x0000000090600000| Untracked 
| 263|0x0000000090700000, 0x0000000090700000, 0x0000000090800000|  0%| F|  |TAMS 0x0000000090700000| PB 0x0000000090700000| Untracked 
| 264|0x0000000090800000, 0x0000000090800000, 0x0000000090900000|  0%| F|  |TAMS 0x0000000090800000| PB 0x0000000090800000| Untracked 
| 265|0x0000000090900000, 0x0000000090900000, 0x0000000090a00000|  0%| F|  |TAMS 0x0000000090900000| PB 0x0000000090900000| Untracked 
| 266|0x0000000090a00000, 0x0000000090a00000, 0x0000000090b00000|  0%| F|  |TAMS 0x0000000090a00000| PB 0x0000000090a00000| Untracked 
| 267|0x0000000090b00000, 0x0000000090b00000, 0x0000000090c00000|  0%| F|  |TAMS 0x0000000090b00000| PB 0x0000000090b00000| Untracked 
| 268|0x0000000090c00000, 0x0000000090c00000, 0x0000000090d00000|  0%| F|  |TAMS 0x0000000090c00000| PB 0x0000000090c00000| Untracked 
| 269|0x0000000090d00000, 0x0000000090d00000, 0x0000000090e00000|  0%| F|  |TAMS 0x0000000090d00000| PB 0x0000000090d00000| Untracked 
| 270|0x0000000090e00000, 0x0000000090e00000, 0x0000000090f00000|  0%| F|  |TAMS 0x0000000090e00000| PB 0x0000000090e00000| Untracked 
| 271|0x0000000090f00000, 0x0000000090f00000, 0x0000000091000000|  0%| F|  |TAMS 0x0000000090f00000| PB 0x0000000090f00000| Untracked 
| 272|0x0000000091000000, 0x0000000091000000, 0x0000000091100000|  0%| F|  |TAMS 0x0000000091000000| PB 0x0000000091000000| Untracked 
| 273|0x0000000091100000, 0x0000000091100000, 0x0000000091200000|  0%| F|  |TAMS 0x0000000091100000| PB 0x0000000091100000| Untracked 
| 274|0x0000000091200000, 0x0000000091200000, 0x0000000091300000|  0%| F|  |TAMS 0x0000000091200000| PB 0x0000000091200000| Untracked 
| 275|0x0000000091300000, 0x0000000091300000, 0x0000000091400000|  0%| F|  |TAMS 0x0000000091300000| PB 0x0000000091300000| Untracked 
| 276|0x0000000091400000, 0x0000000091400000, 0x0000000091500000|  0%| F|  |TAMS 0x0000000091400000| PB 0x0000000091400000| Untracked 
| 277|0x0000000091500000, 0x0000000091500000, 0x0000000091600000|  0%| F|  |TAMS 0x0000000091500000| PB 0x0000000091500000| Untracked 
| 278|0x0000000091600000, 0x0000000091600000, 0x0000000091700000|  0%| F|  |TAMS 0x0000000091600000| PB 0x0000000091600000| Untracked 
| 279|0x0000000091700000, 0x0000000091700000, 0x0000000091800000|  0%| F|  |TAMS 0x0000000091700000| PB 0x0000000091700000| Untracked 
| 280|0x0000000091800000, 0x0000000091800000, 0x0000000091900000|  0%| F|  |TAMS 0x0000000091800000| PB 0x0000000091800000| Untracked 
| 281|0x0000000091900000, 0x0000000091900000, 0x0000000091a00000|  0%| F|  |TAMS 0x0000000091900000| PB 0x0000000091900000| Untracked 
| 282|0x0000000091a00000, 0x0000000091a00000, 0x0000000091b00000|  0%| F|  |TAMS 0x0000000091a00000| PB 0x0000000091a00000| Untracked 
| 283|0x0000000091b00000, 0x0000000091b00000, 0x0000000091c00000|  0%| F|  |TAMS 0x0000000091b00000| PB 0x0000000091b00000| Untracked 
| 284|0x0000000091c00000, 0x0000000091c00000, 0x0000000091d00000|  0%| F|  |TAMS 0x0000000091c00000| PB 0x0000000091c00000| Untracked 
| 285|0x0000000091d00000, 0x0000000091d00000, 0x0000000091e00000|  0%| F|  |TAMS 0x0000000091d00000| PB 0x0000000091d00000| Untracked 
| 286|0x0000000091e00000, 0x0000000091e00000, 0x0000000091f00000|  0%| F|  |TAMS 0x0000000091e00000| PB 0x0000000091e00000| Untracked 
| 287|0x0000000091f00000, 0x0000000091f00000, 0x0000000092000000|  0%| F|  |TAMS 0x0000000091f00000| PB 0x0000000091f00000| Untracked 
| 288|0x0000000092000000, 0x0000000092000000, 0x0000000092100000|  0%| F|  |TAMS 0x0000000092000000| PB 0x0000000092000000| Untracked 
| 289|0x0000000092100000, 0x0000000092100000, 0x0000000092200000|  0%| F|  |TAMS 0x0000000092100000| PB 0x0000000092100000| Untracked 
| 290|0x0000000092200000, 0x0000000092200000, 0x0000000092300000|  0%| F|  |TAMS 0x0000000092200000| PB 0x0000000092200000| Untracked 
| 291|0x0000000092300000, 0x0000000092300000, 0x0000000092400000|  0%| F|  |TAMS 0x0000000092300000| PB 0x0000000092300000| Untracked 
| 292|0x0000000092400000, 0x0000000092400000, 0x0000000092500000|  0%| F|  |TAMS 0x0000000092400000| PB 0x0000000092400000| Untracked 
| 293|0x0000000092500000, 0x0000000092500000, 0x0000000092600000|  0%| F|  |TAMS 0x0000000092500000| PB 0x0000000092500000| Untracked 
| 294|0x0000000092600000, 0x0000000092600000, 0x0000000092700000|  0%| F|  |TAMS 0x0000000092600000| PB 0x0000000092600000| Untracked 
| 295|0x0000000092700000, 0x0000000092700000, 0x0000000092800000|  0%| F|  |TAMS 0x0000000092700000| PB 0x0000000092700000| Untracked 
| 296|0x0000000092800000, 0x0000000092800000, 0x0000000092900000|  0%| F|  |TAMS 0x0000000092800000| PB 0x0000000092800000| Untracked 
| 297|0x0000000092900000, 0x0000000092900000, 0x0000000092a00000|  0%| F|  |TAMS 0x0000000092900000| PB 0x0000000092900000| Untracked 
| 298|0x0000000092a00000, 0x0000000092a00000, 0x0000000092b00000|  0%| F|  |TAMS 0x0000000092a00000| PB 0x0000000092a00000| Untracked 
| 299|0x0000000092b00000, 0x0000000092b00000, 0x0000000092c00000|  0%| F|  |TAMS 0x0000000092b00000| PB 0x0000000092b00000| Untracked 
| 300|0x0000000092c00000, 0x0000000092c00000, 0x0000000092d00000|  0%| F|  |TAMS 0x0000000092c00000| PB 0x0000000092c00000| Untracked 
| 301|0x0000000092d00000, 0x0000000092d00000, 0x0000000092e00000|  0%| F|  |TAMS 0x0000000092d00000| PB 0x0000000092d00000| Untracked 
| 302|0x0000000092e00000, 0x0000000092e00000, 0x0000000092f00000|  0%| F|  |TAMS 0x0000000092e00000| PB 0x0000000092e00000| Untracked 
| 303|0x0000000092f00000, 0x0000000092f00000, 0x0000000093000000|  0%| F|  |TAMS 0x0000000092f00000| PB 0x0000000092f00000| Untracked 
| 304|0x0000000093000000, 0x0000000093000000, 0x0000000093100000|  0%| F|  |TAMS 0x0000000093000000| PB 0x0000000093000000| Untracked 
| 305|0x0000000093100000, 0x0000000093100000, 0x0000000093200000|  0%| F|  |TAMS 0x0000000093100000| PB 0x0000000093100000| Untracked 
| 306|0x0000000093200000, 0x0000000093200000, 0x0000000093300000|  0%| F|  |TAMS 0x0000000093200000| PB 0x0000000093200000| Untracked 
| 307|0x0000000093300000, 0x0000000093300000, 0x0000000093400000|  0%| F|  |TAMS 0x0000000093300000| PB 0x0000000093300000| Untracked 
| 308|0x0000000093400000, 0x0000000093400000, 0x0000000093500000|  0%| F|  |TAMS 0x0000000093400000| PB 0x0000000093400000| Untracked 
| 309|0x0000000093500000, 0x0000000093500000, 0x0000000093600000|  0%| F|  |TAMS 0x0000000093500000| PB 0x0000000093500000| Untracked 
| 310|0x0000000093600000, 0x0000000093600000, 0x0000000093700000|  0%| F|  |TAMS 0x0000000093600000| PB 0x0000000093600000| Untracked 
| 311|0x0000000093700000, 0x0000000093700000, 0x0000000093800000|  0%| F|  |TAMS 0x0000000093700000| PB 0x0000000093700000| Untracked 
| 312|0x0000000093800000, 0x0000000093800000, 0x0000000093900000|  0%| F|  |TAMS 0x0000000093800000| PB 0x0000000093800000| Untracked 
| 313|0x0000000093900000, 0x0000000093900000, 0x0000000093a00000|  0%| F|  |TAMS 0x0000000093900000| PB 0x0000000093900000| Untracked 
| 314|0x0000000093a00000, 0x0000000093a00000, 0x0000000093b00000|  0%| F|  |TAMS 0x0000000093a00000| PB 0x0000000093a00000| Untracked 
| 315|0x0000000093b00000, 0x0000000093b00000, 0x0000000093c00000|  0%| F|  |TAMS 0x0000000093b00000| PB 0x0000000093b00000| Untracked 
| 316|0x0000000093c00000, 0x0000000093c00000, 0x0000000093d00000|  0%| F|  |TAMS 0x0000000093c00000| PB 0x0000000093c00000| Untracked 
| 317|0x0000000093d00000, 0x0000000093d00000, 0x0000000093e00000|  0%| F|  |TAMS 0x0000000093d00000| PB 0x0000000093d00000| Untracked 
| 318|0x0000000093e00000, 0x0000000093e00000, 0x0000000093f00000|  0%| F|  |TAMS 0x0000000093e00000| PB 0x0000000093e00000| Untracked 
| 319|0x0000000093f00000, 0x0000000093f00000, 0x0000000094000000|  0%| F|  |TAMS 0x0000000093f00000| PB 0x0000000093f00000| Untracked 
| 320|0x0000000094000000, 0x0000000094000000, 0x0000000094100000|  0%| F|  |TAMS 0x0000000094000000| PB 0x0000000094000000| Untracked 
| 321|0x0000000094100000, 0x0000000094100000, 0x0000000094200000|  0%| F|  |TAMS 0x0000000094100000| PB 0x0000000094100000| Untracked 
| 322|0x0000000094200000, 0x0000000094200000, 0x0000000094300000|  0%| F|  |TAMS 0x0000000094200000| PB 0x0000000094200000| Untracked 
| 323|0x0000000094300000, 0x0000000094300000, 0x0000000094400000|  0%| F|  |TAMS 0x0000000094300000| PB 0x0000000094300000| Untracked 
| 324|0x0000000094400000, 0x0000000094400000, 0x0000000094500000|  0%| F|  |TAMS 0x0000000094400000| PB 0x0000000094400000| Untracked 
| 325|0x0000000094500000, 0x0000000094500000, 0x0000000094600000|  0%| F|  |TAMS 0x0000000094500000| PB 0x0000000094500000| Untracked 
| 326|0x0000000094600000, 0x0000000094600000, 0x0000000094700000|  0%| F|  |TAMS 0x0000000094600000| PB 0x0000000094600000| Untracked 
| 327|0x0000000094700000, 0x0000000094700000, 0x0000000094800000|  0%| F|  |TAMS 0x0000000094700000| PB 0x0000000094700000| Untracked 
| 328|0x0000000094800000, 0x0000000094800000, 0x0000000094900000|  0%| F|  |TAMS 0x0000000094800000| PB 0x0000000094800000| Untracked 
| 329|0x0000000094900000, 0x0000000094900000, 0x0000000094a00000|  0%| F|  |TAMS 0x0000000094900000| PB 0x0000000094900000| Untracked 
| 330|0x0000000094a00000, 0x0000000094a00000, 0x0000000094b00000|  0%| F|  |TAMS 0x0000000094a00000| PB 0x0000000094a00000| Untracked 
| 331|0x0000000094b00000, 0x0000000094b00000, 0x0000000094c00000|  0%| F|  |TAMS 0x0000000094b00000| PB 0x0000000094b00000| Untracked 
| 332|0x0000000094c00000, 0x0000000094c00000, 0x0000000094d00000|  0%| F|  |TAMS 0x0000000094c00000| PB 0x0000000094c00000| Untracked 
| 333|0x0000000094d00000, 0x0000000094d00000, 0x0000000094e00000|  0%| F|  |TAMS 0x0000000094d00000| PB 0x0000000094d00000| Untracked 
| 334|0x0000000094e00000, 0x0000000094e00000, 0x0000000094f00000|  0%| F|  |TAMS 0x0000000094e00000| PB 0x0000000094e00000| Untracked 
| 335|0x0000000094f00000, 0x0000000094f00000, 0x0000000095000000|  0%| F|  |TAMS 0x0000000094f00000| PB 0x0000000094f00000| Untracked 
| 336|0x0000000095000000, 0x0000000095000000, 0x0000000095100000|  0%| F|  |TAMS 0x0000000095000000| PB 0x0000000095000000| Untracked 
| 337|0x0000000095100000, 0x0000000095100000, 0x0000000095200000|  0%| F|  |TAMS 0x0000000095100000| PB 0x0000000095100000| Untracked 
| 338|0x0000000095200000, 0x0000000095200000, 0x0000000095300000|  0%| F|  |TAMS 0x0000000095200000| PB 0x0000000095200000| Untracked 
| 339|0x0000000095300000, 0x0000000095300000, 0x0000000095400000|  0%| F|  |TAMS 0x0000000095300000| PB 0x0000000095300000| Untracked 
| 340|0x0000000095400000, 0x0000000095400000, 0x0000000095500000|  0%| F|  |TAMS 0x0000000095400000| PB 0x0000000095400000| Untracked 
| 341|0x0000000095500000, 0x0000000095500000, 0x0000000095600000|  0%| F|  |TAMS 0x0000000095500000| PB 0x0000000095500000| Untracked 
| 342|0x0000000095600000, 0x0000000095600000, 0x0000000095700000|  0%| F|  |TAMS 0x0000000095600000| PB 0x0000000095600000| Untracked 
| 343|0x0000000095700000, 0x0000000095700000, 0x0000000095800000|  0%| F|  |TAMS 0x0000000095700000| PB 0x0000000095700000| Untracked 
| 344|0x0000000095800000, 0x0000000095800000, 0x0000000095900000|  0%| F|  |TAMS 0x0000000095800000| PB 0x0000000095800000| Untracked 
| 345|0x0000000095900000, 0x0000000095900000, 0x0000000095a00000|  0%| F|  |TAMS 0x0000000095900000| PB 0x0000000095900000| Untracked 
| 346|0x0000000095a00000, 0x0000000095a00000, 0x0000000095b00000|  0%| F|  |TAMS 0x0000000095a00000| PB 0x0000000095a00000| Untracked 
| 347|0x0000000095b00000, 0x0000000095b00000, 0x0000000095c00000|  0%| F|  |TAMS 0x0000000095b00000| PB 0x0000000095b00000| Untracked 
| 348|0x0000000095c00000, 0x0000000095c00000, 0x0000000095d00000|  0%| F|  |TAMS 0x0000000095c00000| PB 0x0000000095c00000| Untracked 
| 349|0x0000000095d00000, 0x0000000095d00000, 0x0000000095e00000|  0%| F|  |TAMS 0x0000000095d00000| PB 0x0000000095d00000| Untracked 
| 350|0x0000000095e00000, 0x0000000095e00000, 0x0000000095f00000|  0%| F|  |TAMS 0x0000000095e00000| PB 0x0000000095e00000| Untracked 
| 351|0x0000000095f00000, 0x0000000095f00000, 0x0000000096000000|  0%| F|  |TAMS 0x0000000095f00000| PB 0x0000000095f00000| Untracked 
| 352|0x0000000096000000, 0x0000000096000000, 0x0000000096100000|  0%| F|  |TAMS 0x0000000096000000| PB 0x0000000096000000| Untracked 
| 353|0x0000000096100000, 0x0000000096100000, 0x0000000096200000|  0%| F|  |TAMS 0x0000000096100000| PB 0x0000000096100000| Untracked 
| 354|0x0000000096200000, 0x0000000096200000, 0x0000000096300000|  0%| F|  |TAMS 0x0000000096200000| PB 0x0000000096200000| Untracked 
| 355|0x0000000096300000, 0x0000000096300000, 0x0000000096400000|  0%| F|  |TAMS 0x0000000096300000| PB 0x0000000096300000| Untracked 
| 356|0x0000000096400000, 0x0000000096400000, 0x0000000096500000|  0%| F|  |TAMS 0x0000000096400000| PB 0x0000000096400000| Untracked 
| 357|0x0000000096500000, 0x0000000096500000, 0x0000000096600000|  0%| F|  |TAMS 0x0000000096500000| PB 0x0000000096500000| Untracked 
| 358|0x0000000096600000, 0x0000000096600000, 0x0000000096700000|  0%| F|  |TAMS 0x0000000096600000| PB 0x0000000096600000| Untracked 
| 359|0x0000000096700000, 0x0000000096700000, 0x0000000096800000|  0%| F|  |TAMS 0x0000000096700000| PB 0x0000000096700000| Untracked 
| 360|0x0000000096800000, 0x0000000096800000, 0x0000000096900000|  0%| F|  |TAMS 0x0000000096800000| PB 0x0000000096800000| Untracked 
| 361|0x0000000096900000, 0x0000000096900000, 0x0000000096a00000|  0%| F|  |TAMS 0x0000000096900000| PB 0x0000000096900000| Untracked 
| 362|0x0000000096a00000, 0x0000000096a00000, 0x0000000096b00000|  0%| F|  |TAMS 0x0000000096a00000| PB 0x0000000096a00000| Untracked 
| 363|0x0000000096b00000, 0x0000000096b00000, 0x0000000096c00000|  0%| F|  |TAMS 0x0000000096b00000| PB 0x0000000096b00000| Untracked 
| 364|0x0000000096c00000, 0x0000000096c00000, 0x0000000096d00000|  0%| F|  |TAMS 0x0000000096c00000| PB 0x0000000096c00000| Untracked 
| 365|0x0000000096d00000, 0x0000000096d00000, 0x0000000096e00000|  0%| F|  |TAMS 0x0000000096d00000| PB 0x0000000096d00000| Untracked 
| 366|0x0000000096e00000, 0x0000000096e00000, 0x0000000096f00000|  0%| F|  |TAMS 0x0000000096e00000| PB 0x0000000096e00000| Untracked 
| 367|0x0000000096f00000, 0x0000000096f00000, 0x0000000097000000|  0%| F|  |TAMS 0x0000000096f00000| PB 0x0000000096f00000| Untracked 
| 368|0x0000000097000000, 0x0000000097000000, 0x0000000097100000|  0%| F|  |TAMS 0x0000000097000000| PB 0x0000000097000000| Untracked 
| 369|0x0000000097100000, 0x0000000097100000, 0x0000000097200000|  0%| F|  |TAMS 0x0000000097100000| PB 0x0000000097100000| Untracked 
| 370|0x0000000097200000, 0x0000000097200000, 0x0000000097300000|  0%| F|  |TAMS 0x0000000097200000| PB 0x0000000097200000| Untracked 
| 371|0x0000000097300000, 0x0000000097300000, 0x0000000097400000|  0%| F|  |TAMS 0x0000000097300000| PB 0x0000000097300000| Untracked 
| 372|0x0000000097400000, 0x0000000097400000, 0x0000000097500000|  0%| F|  |TAMS 0x0000000097400000| PB 0x0000000097400000| Untracked 
| 373|0x0000000097500000, 0x0000000097500000, 0x0000000097600000|  0%| F|  |TAMS 0x0000000097500000| PB 0x0000000097500000| Untracked 
| 374|0x0000000097600000, 0x0000000097600000, 0x0000000097700000|  0%| F|  |TAMS 0x0000000097600000| PB 0x0000000097600000| Untracked 
| 375|0x0000000097700000, 0x0000000097700000, 0x0000000097800000|  0%| F|  |TAMS 0x0000000097700000| PB 0x0000000097700000| Untracked 
| 376|0x0000000097800000, 0x0000000097800000, 0x0000000097900000|  0%| F|  |TAMS 0x0000000097800000| PB 0x0000000097800000| Untracked 
| 377|0x0000000097900000, 0x0000000097900000, 0x0000000097a00000|  0%| F|  |TAMS 0x0000000097900000| PB 0x0000000097900000| Untracked 
| 378|0x0000000097a00000, 0x0000000097a00000, 0x0000000097b00000|  0%| F|  |TAMS 0x0000000097a00000| PB 0x0000000097a00000| Untracked 
| 379|0x0000000097b00000, 0x0000000097b00000, 0x0000000097c00000|  0%| F|  |TAMS 0x0000000097b00000| PB 0x0000000097b00000| Untracked 
| 380|0x0000000097c00000, 0x0000000097c00000, 0x0000000097d00000|  0%| F|  |TAMS 0x0000000097c00000| PB 0x0000000097c00000| Untracked 
| 381|0x0000000097d00000, 0x0000000097d00000, 0x0000000097e00000|  0%| F|  |TAMS 0x0000000097d00000| PB 0x0000000097d00000| Untracked 
| 382|0x0000000097e00000, 0x0000000097e00000, 0x0000000097f00000|  0%| F|  |TAMS 0x0000000097e00000| PB 0x0000000097e00000| Untracked 
| 383|0x0000000097f00000, 0x0000000097f00000, 0x0000000098000000|  0%| F|  |TAMS 0x0000000097f00000| PB 0x0000000097f00000| Untracked 
| 384|0x0000000098000000, 0x0000000098000000, 0x0000000098100000|  0%| F|  |TAMS 0x0000000098000000| PB 0x0000000098000000| Untracked 
| 385|0x0000000098100000, 0x0000000098100000, 0x0000000098200000|  0%| F|  |TAMS 0x0000000098100000| PB 0x0000000098100000| Untracked 
| 386|0x0000000098200000, 0x0000000098200000, 0x0000000098300000|  0%| F|  |TAMS 0x0000000098200000| PB 0x0000000098200000| Untracked 
| 387|0x0000000098300000, 0x0000000098300000, 0x0000000098400000|  0%| F|  |TAMS 0x0000000098300000| PB 0x0000000098300000| Untracked 
| 388|0x0000000098400000, 0x0000000098400000, 0x0000000098500000|  0%| F|  |TAMS 0x0000000098400000| PB 0x0000000098400000| Untracked 
| 389|0x0000000098500000, 0x0000000098500000, 0x0000000098600000|  0%| F|  |TAMS 0x0000000098500000| PB 0x0000000098500000| Untracked 
| 390|0x0000000098600000, 0x0000000098600000, 0x0000000098700000|  0%| F|  |TAMS 0x0000000098600000| PB 0x0000000098600000| Untracked 
| 391|0x0000000098700000, 0x0000000098700000, 0x0000000098800000|  0%| F|  |TAMS 0x0000000098700000| PB 0x0000000098700000| Untracked 
| 392|0x0000000098800000, 0x0000000098800000, 0x0000000098900000|  0%| F|  |TAMS 0x0000000098800000| PB 0x0000000098800000| Untracked 
| 393|0x0000000098900000, 0x0000000098900000, 0x0000000098a00000|  0%| F|  |TAMS 0x0000000098900000| PB 0x0000000098900000| Untracked 
| 394|0x0000000098a00000, 0x0000000098a00000, 0x0000000098b00000|  0%| F|  |TAMS 0x0000000098a00000| PB 0x0000000098a00000| Untracked 
| 395|0x0000000098b00000, 0x0000000098b00000, 0x0000000098c00000|  0%| F|  |TAMS 0x0000000098b00000| PB 0x0000000098b00000| Untracked 
| 396|0x0000000098c00000, 0x0000000098c00000, 0x0000000098d00000|  0%| F|  |TAMS 0x0000000098c00000| PB 0x0000000098c00000| Untracked 
| 397|0x0000000098d00000, 0x0000000098d00000, 0x0000000098e00000|  0%| F|  |TAMS 0x0000000098d00000| PB 0x0000000098d00000| Untracked 
| 398|0x0000000098e00000, 0x0000000098e00000, 0x0000000098f00000|  0%| F|  |TAMS 0x0000000098e00000| PB 0x0000000098e00000| Untracked 
| 399|0x0000000098f00000, 0x0000000098f00000, 0x0000000099000000|  0%| F|  |TAMS 0x0000000098f00000| PB 0x0000000098f00000| Untracked 
| 400|0x0000000099000000, 0x0000000099000000, 0x0000000099100000|  0%| F|  |TAMS 0x0000000099000000| PB 0x0000000099000000| Untracked 
| 401|0x0000000099100000, 0x0000000099100000, 0x0000000099200000|  0%| F|  |TAMS 0x0000000099100000| PB 0x0000000099100000| Untracked 
| 402|0x0000000099200000, 0x0000000099200000, 0x0000000099300000|  0%| F|  |TAMS 0x0000000099200000| PB 0x0000000099200000| Untracked 
| 403|0x0000000099300000, 0x0000000099300000, 0x0000000099400000|  0%| F|  |TAMS 0x0000000099300000| PB 0x0000000099300000| Untracked 
| 404|0x0000000099400000, 0x0000000099400000, 0x0000000099500000|  0%| F|  |TAMS 0x0000000099400000| PB 0x0000000099400000| Untracked 
| 405|0x0000000099500000, 0x0000000099500000, 0x0000000099600000|  0%| F|  |TAMS 0x0000000099500000| PB 0x0000000099500000| Untracked 
| 406|0x0000000099600000, 0x0000000099600000, 0x0000000099700000|  0%| F|  |TAMS 0x0000000099600000| PB 0x0000000099600000| Untracked 
| 407|0x0000000099700000, 0x0000000099700000, 0x0000000099800000|  0%| F|  |TAMS 0x0000000099700000| PB 0x0000000099700000| Untracked 
| 408|0x0000000099800000, 0x0000000099800000, 0x0000000099900000|  0%| F|  |TAMS 0x0000000099800000| PB 0x0000000099800000| Untracked 
| 409|0x0000000099900000, 0x0000000099900000, 0x0000000099a00000|  0%| F|  |TAMS 0x0000000099900000| PB 0x0000000099900000| Untracked 
| 410|0x0000000099a00000, 0x0000000099a00000, 0x0000000099b00000|  0%| F|  |TAMS 0x0000000099a00000| PB 0x0000000099a00000| Untracked 
| 411|0x0000000099b00000, 0x0000000099b00000, 0x0000000099c00000|  0%| F|  |TAMS 0x0000000099b00000| PB 0x0000000099b00000| Untracked 
| 412|0x0000000099c00000, 0x0000000099c00000, 0x0000000099d00000|  0%| F|  |TAMS 0x0000000099c00000| PB 0x0000000099c00000| Untracked 
| 413|0x0000000099d00000, 0x0000000099d00000, 0x0000000099e00000|  0%| F|  |TAMS 0x0000000099d00000| PB 0x0000000099d00000| Untracked 
| 414|0x0000000099e00000, 0x0000000099e00000, 0x0000000099f00000|  0%| F|  |TAMS 0x0000000099e00000| PB 0x0000000099e00000| Untracked 
| 415|0x0000000099f00000, 0x0000000099f00000, 0x000000009a000000|  0%| F|  |TAMS 0x0000000099f00000| PB 0x0000000099f00000| Untracked 
| 416|0x000000009a000000, 0x000000009a000000, 0x000000009a100000|  0%| F|  |TAMS 0x000000009a000000| PB 0x000000009a000000| Untracked 
| 417|0x000000009a100000, 0x000000009a100000, 0x000000009a200000|  0%| F|  |TAMS 0x000000009a100000| PB 0x000000009a100000| Untracked 
| 418|0x000000009a200000, 0x000000009a200000, 0x000000009a300000|  0%| F|  |TAMS 0x000000009a200000| PB 0x000000009a200000| Untracked 
| 419|0x000000009a300000, 0x000000009a300000, 0x000000009a400000|  0%| F|  |TAMS 0x000000009a300000| PB 0x000000009a300000| Untracked 
| 420|0x000000009a400000, 0x000000009a400000, 0x000000009a500000|  0%| F|  |TAMS 0x000000009a400000| PB 0x000000009a400000| Untracked 
| 421|0x000000009a500000, 0x000000009a500000, 0x000000009a600000|  0%| F|  |TAMS 0x000000009a500000| PB 0x000000009a500000| Untracked 
| 422|0x000000009a600000, 0x000000009a600000, 0x000000009a700000|  0%| F|  |TAMS 0x000000009a600000| PB 0x000000009a600000| Untracked 
| 423|0x000000009a700000, 0x000000009a700000, 0x000000009a800000|  0%| F|  |TAMS 0x000000009a700000| PB 0x000000009a700000| Untracked 
| 424|0x000000009a800000, 0x000000009a800000, 0x000000009a900000|  0%| F|  |TAMS 0x000000009a800000| PB 0x000000009a800000| Untracked 
| 425|0x000000009a900000, 0x000000009a900000, 0x000000009aa00000|  0%| F|  |TAMS 0x000000009a900000| PB 0x000000009a900000| Untracked 
| 426|0x000000009aa00000, 0x000000009aa00000, 0x000000009ab00000|  0%| F|  |TAMS 0x000000009aa00000| PB 0x000000009aa00000| Untracked 
| 427|0x000000009ab00000, 0x000000009ab00000, 0x000000009ac00000|  0%| F|  |TAMS 0x000000009ab00000| PB 0x000000009ab00000| Untracked 
| 428|0x000000009ac00000, 0x000000009ac00000, 0x000000009ad00000|  0%| F|  |TAMS 0x000000009ac00000| PB 0x000000009ac00000| Untracked 
| 429|0x000000009ad00000, 0x000000009ad00000, 0x000000009ae00000|  0%| F|  |TAMS 0x000000009ad00000| PB 0x000000009ad00000| Untracked 
| 430|0x000000009ae00000, 0x000000009ae00000, 0x000000009af00000|  0%| F|  |TAMS 0x000000009ae00000| PB 0x000000009ae00000| Untracked 
| 431|0x000000009af00000, 0x000000009af00000, 0x000000009b000000|  0%| F|  |TAMS 0x000000009af00000| PB 0x000000009af00000| Untracked 
| 432|0x000000009b000000, 0x000000009b000000, 0x000000009b100000|  0%| F|  |TAMS 0x000000009b000000| PB 0x000000009b000000| Untracked 
| 433|0x000000009b100000, 0x000000009b140010, 0x000000009b200000| 25%| E|  |TAMS 0x000000009b100000| PB 0x000000009b100000| Complete 
| 434|0x000000009b200000, 0x000000009b2c1aa0, 0x000000009b300000| 75%| E|  |TAMS 0x000000009b200000| PB 0x000000009b200000| Complete 
| 435|0x000000009b300000, 0x000000009b400000, 0x000000009b400000|100%| E|CS|TAMS 0x000000009b300000| PB 0x000000009b300000| Complete 
| 436|0x000000009b400000, 0x000000009b500000, 0x000000009b500000|100%| E|CS|TAMS 0x000000009b400000| PB 0x000000009b400000| Complete 
| 437|0x000000009b500000, 0x000000009b600000, 0x000000009b600000|100%| E|CS|TAMS 0x000000009b500000| PB 0x000000009b500000| Complete 
| 438|0x000000009b600000, 0x000000009b700000, 0x000000009b700000|100%| E|CS|TAMS 0x000000009b600000| PB 0x000000009b600000| Complete 
| 439|0x000000009b700000, 0x000000009b800000, 0x000000009b800000|100%| E|CS|TAMS 0x000000009b700000| PB 0x000000009b700000| Complete 
| 440|0x000000009b800000, 0x000000009b900000, 0x000000009b900000|100%| E|CS|TAMS 0x000000009b800000| PB 0x000000009b800000| Complete 
| 441|0x000000009b900000, 0x000000009ba00000, 0x000000009ba00000|100%| E|CS|TAMS 0x000000009b900000| PB 0x000000009b900000| Complete 
| 442|0x000000009ba00000, 0x000000009bb00000, 0x000000009bb00000|100%| E|CS|TAMS 0x000000009ba00000| PB 0x000000009ba00000| Complete 
| 443|0x000000009bb00000, 0x000000009bc00000, 0x000000009bc00000|100%| E|CS|TAMS 0x000000009bb00000| PB 0x000000009bb00000| Complete 
| 444|0x000000009bc00000, 0x000000009bd00000, 0x000000009bd00000|100%| E|CS|TAMS 0x000000009bc00000| PB 0x000000009bc00000| Complete 
| 445|0x000000009bd00000, 0x000000009be00000, 0x000000009be00000|100%| E|CS|TAMS 0x000000009bd00000| PB 0x000000009bd00000| Complete 
| 446|0x000000009be00000, 0x000000009bf00000, 0x000000009bf00000|100%| E|CS|TAMS 0x000000009be00000| PB 0x000000009be00000| Complete 
| 447|0x000000009bf00000, 0x000000009c000000, 0x000000009c000000|100%| E|CS|TAMS 0x000000009bf00000| PB 0x000000009bf00000| Complete 
| 448|0x000000009c000000, 0x000000009c100000, 0x000000009c100000|100%| E|CS|TAMS 0x000000009c000000| PB 0x000000009c000000| Complete 
| 449|0x000000009c100000, 0x000000009c200000, 0x000000009c200000|100%| E|CS|TAMS 0x000000009c100000| PB 0x000000009c100000| Complete 
| 450|0x000000009c200000, 0x000000009c300000, 0x000000009c300000|100%| E|CS|TAMS 0x000000009c200000| PB 0x000000009c200000| Complete 
| 451|0x000000009c300000, 0x000000009c400000, 0x000000009c400000|100%| E|CS|TAMS 0x000000009c300000| PB 0x000000009c300000| Complete 
| 452|0x000000009c400000, 0x000000009c500000, 0x000000009c500000|100%| E|CS|TAMS 0x000000009c400000| PB 0x000000009c400000| Complete 
| 453|0x000000009c500000, 0x000000009c600000, 0x000000009c600000|100%| E|CS|TAMS 0x000000009c500000| PB 0x000000009c500000| Complete 
| 454|0x000000009c600000, 0x000000009c700000, 0x000000009c700000|100%| E|CS|TAMS 0x000000009c600000| PB 0x000000009c600000| Complete 
| 455|0x000000009c700000, 0x000000009c800000, 0x000000009c800000|100%| E|CS|TAMS 0x000000009c700000| PB 0x000000009c700000| Complete 
| 456|0x000000009c800000, 0x000000009c900000, 0x000000009c900000|100%| E|CS|TAMS 0x000000009c800000| PB 0x000000009c800000| Complete 
| 457|0x000000009c900000, 0x000000009ca00000, 0x000000009ca00000|100%| E|CS|TAMS 0x000000009c900000| PB 0x000000009c900000| Complete 
| 458|0x000000009ca00000, 0x000000009cb00000, 0x000000009cb00000|100%| E|CS|TAMS 0x000000009ca00000| PB 0x000000009ca00000| Complete 
| 459|0x000000009cb00000, 0x000000009cc00000, 0x000000009cc00000|100%| E|CS|TAMS 0x000000009cb00000| PB 0x000000009cb00000| Complete 
| 460|0x000000009cc00000, 0x000000009cd00000, 0x000000009cd00000|100%| E|CS|TAMS 0x000000009cc00000| PB 0x000000009cc00000| Complete 
| 461|0x000000009cd00000, 0x000000009ce00000, 0x000000009ce00000|100%| E|CS|TAMS 0x000000009cd00000| PB 0x000000009cd00000| Complete 
| 462|0x000000009ce00000, 0x000000009cf00000, 0x000000009cf00000|100%| E|CS|TAMS 0x000000009ce00000| PB 0x000000009ce00000| Complete 
| 463|0x000000009cf00000, 0x000000009d000000, 0x000000009d000000|100%| E|CS|TAMS 0x000000009cf00000| PB 0x000000009cf00000| Complete 
| 464|0x000000009d000000, 0x000000009d100000, 0x000000009d100000|100%| E|CS|TAMS 0x000000009d000000| PB 0x000000009d000000| Complete 
| 465|0x000000009d100000, 0x000000009d200000, 0x000000009d200000|100%| E|CS|TAMS 0x000000009d100000| PB 0x000000009d100000| Complete 
| 466|0x000000009d200000, 0x000000009d300000, 0x000000009d300000|100%| E|CS|TAMS 0x000000009d200000| PB 0x000000009d200000| Complete 
| 467|0x000000009d300000, 0x000000009d400000, 0x000000009d400000|100%| E|CS|TAMS 0x000000009d300000| PB 0x000000009d300000| Complete 
| 468|0x000000009d400000, 0x000000009d500000, 0x000000009d500000|100%| E|CS|TAMS 0x000000009d400000| PB 0x000000009d400000| Complete 
| 469|0x000000009d500000, 0x000000009d600000, 0x000000009d600000|100%| E|CS|TAMS 0x000000009d500000| PB 0x000000009d500000| Complete 
| 470|0x000000009d600000, 0x000000009d700000, 0x000000009d700000|100%| E|CS|TAMS 0x000000009d600000| PB 0x000000009d600000| Complete 
| 471|0x000000009d700000, 0x000000009d800000, 0x000000009d800000|100%| E|CS|TAMS 0x000000009d700000| PB 0x000000009d700000| Complete 
| 472|0x000000009d800000, 0x000000009d900000, 0x000000009d900000|100%| E|CS|TAMS 0x000000009d800000| PB 0x000000009d800000| Complete 
| 473|0x000000009d900000, 0x000000009da00000, 0x000000009da00000|100%| E|CS|TAMS 0x000000009d900000| PB 0x000000009d900000| Complete 
| 474|0x000000009da00000, 0x000000009db00000, 0x000000009db00000|100%| E|CS|TAMS 0x000000009da00000| PB 0x000000009da00000| Complete 
| 475|0x000000009db00000, 0x000000009dc00000, 0x000000009dc00000|100%| E|CS|TAMS 0x000000009db00000| PB 0x000000009db00000| Complete 
| 476|0x000000009dc00000, 0x000000009dd00000, 0x000000009dd00000|100%| E|CS|TAMS 0x000000009dc00000| PB 0x000000009dc00000| Complete 
| 477|0x000000009dd00000, 0x000000009de00000, 0x000000009de00000|100%| E|CS|TAMS 0x000000009dd00000| PB 0x000000009dd00000| Complete 
| 478|0x000000009de00000, 0x000000009df00000, 0x000000009df00000|100%| E|CS|TAMS 0x000000009de00000| PB 0x000000009de00000| Complete 
| 479|0x000000009df00000, 0x000000009e000000, 0x000000009e000000|100%| E|CS|TAMS 0x000000009df00000| PB 0x000000009df00000| Complete 
| 480|0x000000009e000000, 0x000000009e100000, 0x000000009e100000|100%| E|CS|TAMS 0x000000009e000000| PB 0x000000009e000000| Complete 
| 481|0x000000009e100000, 0x000000009e200000, 0x000000009e200000|100%| E|CS|TAMS 0x000000009e100000| PB 0x000000009e100000| Complete 
| 482|0x000000009e200000, 0x000000009e300000, 0x000000009e300000|100%| E|CS|TAMS 0x000000009e200000| PB 0x000000009e200000| Complete 
| 483|0x000000009e300000, 0x000000009e400000, 0x000000009e400000|100%| E|CS|TAMS 0x000000009e300000| PB 0x000000009e300000| Complete 
| 484|0x000000009e400000, 0x000000009e500000, 0x000000009e500000|100%| E|CS|TAMS 0x000000009e400000| PB 0x000000009e400000| Complete 
| 485|0x000000009e500000, 0x000000009e600000, 0x000000009e600000|100%| E|CS|TAMS 0x000000009e500000| PB 0x000000009e500000| Complete 
| 486|0x000000009e600000, 0x000000009e700000, 0x000000009e700000|100%| E|CS|TAMS 0x000000009e600000| PB 0x000000009e600000| Complete 
| 487|0x000000009e700000, 0x000000009e800000, 0x000000009e800000|100%| E|CS|TAMS 0x000000009e700000| PB 0x000000009e700000| Complete 
| 488|0x000000009e800000, 0x000000009e900000, 0x000000009e900000|100%| E|CS|TAMS 0x000000009e800000| PB 0x000000009e800000| Complete 
| 489|0x000000009e900000, 0x000000009ea00000, 0x000000009ea00000|100%| E|CS|TAMS 0x000000009e900000| PB 0x000000009e900000| Complete 
| 490|0x000000009ea00000, 0x000000009eb00000, 0x000000009eb00000|100%| E|CS|TAMS 0x000000009ea00000| PB 0x000000009ea00000| Complete 
| 491|0x000000009eb00000, 0x000000009ec00000, 0x000000009ec00000|100%| E|CS|TAMS 0x000000009eb00000| PB 0x000000009eb00000| Complete 
| 492|0x000000009ec00000, 0x000000009ed00000, 0x000000009ed00000|100%| E|CS|TAMS 0x000000009ec00000| PB 0x000000009ec00000| Complete 
| 493|0x000000009ed00000, 0x000000009ee00000, 0x000000009ee00000|100%| E|CS|TAMS 0x000000009ed00000| PB 0x000000009ed00000| Complete 
| 494|0x000000009ee00000, 0x000000009ef00000, 0x000000009ef00000|100%| E|CS|TAMS 0x000000009ee00000| PB 0x000000009ee00000| Complete 
| 503|0x000000009f700000, 0x000000009f800000, 0x000000009f800000|100%| E|CS|TAMS 0x000000009f700000| PB 0x000000009f700000| Complete 
| 504|0x000000009f800000, 0x000000009f900000, 0x000000009f900000|100%| E|CS|TAMS 0x000000009f800000| PB 0x000000009f800000| Complete 
| 505|0x000000009f900000, 0x000000009fa00000, 0x000000009fa00000|100%| E|CS|TAMS 0x000000009f900000| PB 0x000000009f900000| Complete 
| 506|0x000000009fa00000, 0x000000009fb00000, 0x000000009fb00000|100%| E|CS|TAMS 0x000000009fa00000| PB 0x000000009fa00000| Complete 
| 507|0x000000009fb00000, 0x000000009fc00000, 0x000000009fc00000|100%| E|CS|TAMS 0x000000009fb00000| PB 0x000000009fb00000| Complete 
| 508|0x000000009fc00000, 0x000000009fd00000, 0x000000009fd00000|100%| E|CS|TAMS 0x000000009fc00000| PB 0x000000009fc00000| Complete 
| 509|0x000000009fd00000, 0x000000009fe00000, 0x000000009fe00000|100%| E|CS|TAMS 0x000000009fd00000| PB 0x000000009fd00000| Complete 
| 510|0x000000009fe00000, 0x000000009ff00000, 0x000000009ff00000|100%| E|CS|TAMS 0x000000009fe00000| PB 0x000000009fe00000| Complete 
| 511|0x000000009ff00000, 0x00000000a0000000, 0x00000000a0000000|100%| E|CS|TAMS 0x000000009ff00000| PB 0x000000009ff00000| Complete 
| 512|0x00000000a0000000, 0x00000000a0100000, 0x00000000a0100000|100%| E|CS|TAMS 0x00000000a0000000| PB 0x00000000a0000000| Complete 
| 513|0x00000000a0100000, 0x00000000a0200000, 0x00000000a0200000|100%| E|CS|TAMS 0x00000000a0100000| PB 0x00000000a0100000| Complete 
| 514|0x00000000a0200000, 0x00000000a0300000, 0x00000000a0300000|100%| E|CS|TAMS 0x00000000a0200000| PB 0x00000000a0200000| Complete 
| 515|0x00000000a0300000, 0x00000000a0400000, 0x00000000a0400000|100%| E|CS|TAMS 0x00000000a0300000| PB 0x00000000a0300000| Complete 
| 516|0x00000000a0400000, 0x00000000a0500000, 0x00000000a0500000|100%| E|CS|TAMS 0x00000000a0400000| PB 0x00000000a0400000| Complete 
| 517|0x00000000a0500000, 0x00000000a0600000, 0x00000000a0600000|100%| E|CS|TAMS 0x00000000a0500000| PB 0x00000000a0500000| Complete 
| 518|0x00000000a0600000, 0x00000000a0700000, 0x00000000a0700000|100%| E|CS|TAMS 0x00000000a0600000| PB 0x00000000a0600000| Complete 
| 519|0x00000000a0700000, 0x00000000a0800000, 0x00000000a0800000|100%| E|CS|TAMS 0x00000000a0700000| PB 0x00000000a0700000| Complete 
| 520|0x00000000a0800000, 0x00000000a0900000, 0x00000000a0900000|100%| E|CS|TAMS 0x00000000a0800000| PB 0x00000000a0800000| Complete 
| 521|0x00000000a0900000, 0x00000000a0a00000, 0x00000000a0a00000|100%| E|CS|TAMS 0x00000000a0900000| PB 0x00000000a0900000| Complete 
| 522|0x00000000a0a00000, 0x00000000a0b00000, 0x00000000a0b00000|100%| E|CS|TAMS 0x00000000a0a00000| PB 0x00000000a0a00000| Complete 
| 523|0x00000000a0b00000, 0x00000000a0c00000, 0x00000000a0c00000|100%| E|CS|TAMS 0x00000000a0b00000| PB 0x00000000a0b00000| Complete 
| 524|0x00000000a0c00000, 0x00000000a0d00000, 0x00000000a0d00000|100%| E|CS|TAMS 0x00000000a0c00000| PB 0x00000000a0c00000| Complete 
| 525|0x00000000a0d00000, 0x00000000a0e00000, 0x00000000a0e00000|100%| E|CS|TAMS 0x00000000a0d00000| PB 0x00000000a0d00000| Complete 
| 526|0x00000000a0e00000, 0x00000000a0f00000, 0x00000000a0f00000|100%| E|CS|TAMS 0x00000000a0e00000| PB 0x00000000a0e00000| Complete 
| 527|0x00000000a0f00000, 0x00000000a1000000, 0x00000000a1000000|100%| E|CS|TAMS 0x00000000a0f00000| PB 0x00000000a0f00000| Complete 
|2033|0x00000000ff100000, 0x00000000ff200000, 0x00000000ff200000|100%| O|  |TAMS 0x00000000ff100000| PB 0x00000000ff100000| Untracked 
|2034|0x00000000ff200000, 0x00000000ff300000, 0x00000000ff300000|100%| O|  |TAMS 0x00000000ff200000| PB 0x00000000ff200000| Untracked 
|2035|0x00000000ff300000, 0x00000000ff400000, 0x00000000ff400000|100%| E|CS|TAMS 0x00000000ff300000| PB 0x00000000ff300000| Complete 
|2036|0x00000000ff400000, 0x00000000ff500000, 0x00000000ff500000|100%| O|  |TAMS 0x00000000ff400000| PB 0x00000000ff400000| Untracked 
|2037|0x00000000ff500000, 0x00000000ff600000, 0x00000000ff600000|100%| O|  |TAMS 0x00000000ff500000| PB 0x00000000ff500000| Untracked 
|2038|0x00000000ff600000, 0x00000000ff700000, 0x00000000ff700000|100%| O|  |TAMS 0x00000000ff600000| PB 0x00000000ff600000| Untracked 
|2039|0x00000000ff700000, 0x00000000ff800000, 0x00000000ff800000|100%| O|  |TAMS 0x00000000ff700000| PB 0x00000000ff700000| Untracked 
|2040|0x00000000ff800000, 0x00000000ff900000, 0x00000000ff900000|100%| E|CS|TAMS 0x00000000ff800000| PB 0x00000000ff800000| Complete 
|2041|0x00000000ff900000, 0x00000000ffa00000, 0x00000000ffa00000|100%| O|  |TAMS 0x00000000ff900000| PB 0x00000000ff900000| Untracked 
|2042|0x00000000ffa00000, 0x00000000ffb00000, 0x00000000ffb00000|100%| O|  |TAMS 0x00000000ffa00000| PB 0x00000000ffa00000| Untracked 
|2043|0x00000000ffb00000, 0x00000000ffc00000, 0x00000000ffc00000|100%| E|CS|TAMS 0x00000000ffb00000| PB 0x00000000ffb00000| Complete 
|2044|0x00000000ffc00000, 0x00000000ffd00000, 0x00000000ffd00000|100%| O|  |TAMS 0x00000000ffc00000| PB 0x00000000ffc00000| Untracked 
|2045|0x00000000ffd00000, 0x00000000ffe00000, 0x00000000ffe00000|100%| E|CS|TAMS 0x00000000ffd00000| PB 0x00000000ffd00000| Complete 
|2046|0x00000000ffe00000, 0x00000000fff00000, 0x00000000fff00000|100%| E|CS|TAMS 0x00000000ffe00000| PB 0x00000000ffe00000| Complete 
|2047|0x00000000fff00000, 0x0000000100000000, 0x0000000100000000|100%| O|  |TAMS 0x00000000fff00000| PB 0x00000000fff00000| Untracked 

Card table byte_map: [0x000001397d080000,0x000001397d480000] _byte_map_base: 0x000001397cc80000

Marking Bits: (CMBitMap*) 0x000001396a85b4b0
 Bits: [0x000001397d480000, 0x000001397f480000)

Polling page: 0x0000013968780000

Metaspace:

Usage:
  Non-class:    143.67 MB used.
      Class:     20.13 MB used.
       Both:    163.80 MB used.

Virtual space:
  Non-class space:      192.00 MB reserved,     144.69 MB ( 75%) committed,  3 nodes.
      Class space:        1.00 GB reserved,      21.81 MB (  2%) committed,  1 nodes.
             Both:        1.19 GB reserved,     166.50 MB ( 14%) committed. 

Chunk freelists:
   Non-Class:  15.13 MB
       Class:  11.01 MB
        Both:  26.14 MB

MaxMetaspaceSize: unlimited
CompressedClassSpaceSize: 1.00 GB
Initial GC threshold: 21.00 MB
Current GC threshold: 279.69 MB
CDS: off
 - commit_granule_bytes: 65536.
 - commit_granule_words: 8192.
 - virtual_space_node_default_size: 8388608.
 - enlarge_chunks_in_place: 1.
 - use_allocation_guard: 0.


Internal statistics:

num_allocs_failed_limit: 9.
num_arena_births: 5218.
num_arena_deaths: 2668.
num_vsnodes_births: 4.
num_vsnodes_deaths: 0.
num_space_committed: 2702.
num_space_uncommitted: 25.
num_chunks_returned_to_freelist: 3670.
num_chunks_taken_from_freelist: 13551.
num_chunk_merges: 1109.
num_chunk_splits: 8087.
num_chunks_enlarged: 5259.
num_inconsistent_stats: 0.

CodeHeap 'non-profiled nmethods': size=120000Kb used=33087Kb max_used=33276Kb free=86913Kb
 bounds [0x0000013975420000, 0x00000139774d0000, 0x000001397c950000]
CodeHeap 'profiled nmethods': size=120000Kb used=37011Kb max_used=55162Kb free=82988Kb
 bounds [0x000001396d950000, 0x0000013970fa0000, 0x0000013974e80000]
CodeHeap 'non-nmethods': size=5760Kb used=2496Kb max_used=2601Kb free=3263Kb
 bounds [0x0000013974e80000, 0x0000013975130000, 0x0000013975420000]
 total_blobs=22682 nmethods=21738 adapters=846
 compilation: enabled
              stopped_count=0, restarted_count=0
 full_count=0

Compilation events (20 events):
Event: 17571.803 Thread 0x0000013902208760 58500       2       com.android.tools.r8.synthesis.y::a (358 bytes)
Event: 17571.805 Thread 0x0000013902208760 nmethod 58500 0x00000139706be890 code [0x00000139706beb00, 0x00000139706bf100]
Event: 17571.811 Thread 0x0000013902208760 58503   !   2       com.android.tools.r8.internal.nq0::a (38 bytes)
Event: 17571.812 Thread 0x0000013902208760 nmethod 58503 0x000001396ef53e90 code [0x000001396ef54060, 0x000001396ef54398]
Event: 17571.812 Thread 0x0000013902208760 58506       2       com.android.tools.r8.internal.aq0::a (28 bytes)
Event: 17571.813 Thread 0x0000013902208760 nmethod 58506 0x000001396f8b3310 code [0x000001396f8b34e0, 0x000001396f8b3770]
Event: 17571.813 Thread 0x0000013902208760 58505       2       com.android.tools.r8.internal.aq0::a (30 bytes)
Event: 17571.813 Thread 0x0000013902208760 nmethod 58505 0x000001396f4f6010 code [0x000001396f4f61e0, 0x000001396f4f64a0]
Event: 17571.813 Thread 0x0000013902208760 58507       2       com.android.tools.r8.internal.aq0$$Lambda/0x0000000101032dc0::<init> (10 bytes)
Event: 17571.813 Thread 0x0000013902208760 nmethod 58507 0x0000013970c9c610 code [0x0000013970c9c7a0, 0x0000013970c9c8f0]
Event: 17571.816 Thread 0x0000013902208760 58508       2       com.android.tools.r8.dex.k0$$Lambda/0x00000001012036f0::apply (8 bytes)
Event: 17571.816 Thread 0x0000013902208760 nmethod 58508 0x000001396ef5e790 code [0x000001396ef5e940, 0x000001396ef5eb40]
Event: 17571.817 Thread 0x0000013902208760 58509       2       com.android.tools.r8.dex.k0::a (8 bytes)
Event: 17571.817 Thread 0x0000013902208760 nmethod 58509 0x000001396fd12490 code [0x000001396fd12620, 0x000001396fd127b8]
Event: 17571.823 Thread 0x0000013902208760 58510       3       com.android.tools.r8.dex.L$$Lambda/0x00000001011a3cd0::accept (12 bytes)
Event: 17571.824 Thread 0x0000013902208760 nmethod 58510 0x000001396ef84210 code [0x000001396ef843c0, 0x000001396ef845e8]
Event: 17571.829 Thread 0x0000013902208760 58511       2       com.android.tools.r8.dex.k0$$Lambda/0x0000000101203940::accept (16 bytes)
Event: 17571.830 Thread 0x0000013902208760 nmethod 58511 0x000001396ff13410 code [0x000001396ff135c0, 0x000001396ff13760]
Event: 17571.867 Thread 0x000001390d1a9ef0 nmethod 57898% 0x00000139774bc910 code [0x00000139774bd7c0, 0x00000139774c8590]
Event: 17571.868 Thread 0x000001390d1a9ef0 57912 %     4       com.android.tools.r8.internal.tA::a @ 979 (3948 bytes)

GC Heap History (20 events):
Event: 17177.409 GC heap before
{Heap before GC invocations=162 (full 0):
 garbage-first heap   total 495616K, used 441287K [0x0000000080000000, 0x0000000100000000)
  region size 1024K, 290 young (296960K), 17 survivors (17408K)
 Metaspace       used 168062K, committed 170496K, reserved 1245184K
  class space    used 20651K, committed 22336K, reserved 1048576K
}
Event: 17177.426 GC heap after
{Heap after GC invocations=163 (full 0):
 garbage-first heap   total 495616K, used 148956K [0x0000000080000000, 0x0000000100000000)
  region size 1024K, 11 young (11264K), 11 survivors (11264K)
 Metaspace       used 168062K, committed 170496K, reserved 1245184K
  class space    used 20651K, committed 22336K, reserved 1048576K
}
Event: 17177.800 GC heap before
{Heap before GC invocations=163 (full 0):
 garbage-first heap   total 495616K, used 230876K [0x0000000080000000, 0x0000000100000000)
  region size 1024K, 93 young (95232K), 11 survivors (11264K)
 Metaspace       used 168082K, committed 170496K, reserved 1245184K
  class space    used 20652K, committed 22336K, reserved 1048576K
}
Event: 17177.814 GC heap after
{Heap after GC invocations=164 (full 0):
 garbage-first heap   total 495616K, used 156150K [0x0000000080000000, 0x0000000100000000)
  region size 1024K, 20 young (20480K), 20 survivors (20480K)
 Metaspace       used 168082K, committed 170496K, reserved 1245184K
  class space    used 20652K, committed 22336K, reserved 1048576K
}
Event: 17305.237 GC heap before
{Heap before GC invocations=165 (full 0):
 garbage-first heap   total 495616K, used 435702K [0x0000000080000000, 0x0000000100000000)
  region size 1024K, 290 young (296960K), 20 survivors (20480K)
 Metaspace       used 168786K, committed 171136K, reserved 1245184K
  class space    used 20705K, committed 22336K, reserved 1048576K
}
Event: 17305.249 GC heap after
{Heap after GC invocations=166 (full 0):
 garbage-first heap   total 495616K, used 154402K [0x0000000080000000, 0x0000000100000000)
  region size 1024K, 16 young (16384K), 16 survivors (16384K)
 Metaspace       used 168786K, committed 171136K, reserved 1245184K
  class space    used 20705K, committed 22336K, reserved 1048576K
}
Event: 17307.348 GC heap before
{Heap before GC invocations=166 (full 0):
 garbage-first heap   total 495616K, used 438050K [0x0000000080000000, 0x0000000100000000)
  region size 1024K, 290 young (296960K), 16 survivors (16384K)
 Metaspace       used 169475K, committed 171840K, reserved 1245184K
  class space    used 20758K, committed 22336K, reserved 1048576K
}
Event: 17307.378 GC heap after
{Heap after GC invocations=167 (full 0):
 garbage-first heap   total 495616K, used 156771K [0x0000000080000000, 0x0000000100000000)
  region size 1024K, 22 young (22528K), 22 survivors (22528K)
 Metaspace       used 169475K, committed 171840K, reserved 1245184K
  class space    used 20758K, committed 22336K, reserved 1048576K
}
Event: 17309.187 GC heap before
{Heap before GC invocations=167 (full 0):
 garbage-first heap   total 495616K, used 430179K [0x0000000080000000, 0x0000000100000000)
  region size 1024K, 290 young (296960K), 22 survivors (22528K)
 Metaspace       used 169484K, committed 171840K, reserved 1245184K
  class space    used 20758K, committed 22336K, reserved 1048576K
}
Event: 17309.210 GC heap after
{Heap after GC invocations=168 (full 0):
 garbage-first heap   total 495616K, used 163452K [0x0000000080000000, 0x0000000100000000)
  region size 1024K, 27 young (27648K), 27 survivors (27648K)
 Metaspace       used 169484K, committed 171840K, reserved 1245184K
  class space    used 20758K, committed 22336K, reserved 1048576K
}
Event: 17310.410 GC heap before
{Heap before GC invocations=169 (full 0):
 garbage-first heap   total 495616K, used 431740K [0x0000000080000000, 0x0000000100000000)
  region size 1024K, 290 young (296960K), 27 survivors (27648K)
 Metaspace       used 169488K, committed 171840K, reserved 1245184K
  class space    used 20758K, committed 22336K, reserved 1048576K
}
Event: 17310.430 GC heap after
{Heap after GC invocations=170 (full 0):
 garbage-first heap   total 495616K, used 162477K [0x0000000080000000, 0x0000000100000000)
  region size 1024K, 16 young (16384K), 16 survivors (16384K)
 Metaspace       used 169488K, committed 171840K, reserved 1245184K
  class space    used 20758K, committed 22336K, reserved 1048576K
}
Event: 17312.042 GC heap before
{Heap before GC invocations=170 (full 0):
 garbage-first heap   total 534528K, used 533165K [0x0000000080000000, 0x0000000100000000)
  region size 1024K, 132 young (135168K), 16 survivors (16384K)
 Metaspace       used 169609K, committed 171904K, reserved 1245184K
  class space    used 20772K, committed 22336K, reserved 1048576K
}
Event: 17312.055 GC heap after
{Heap after GC invocations=171 (full 0):
 garbage-first heap   total 547840K, used 151552K [0x0000000080000000, 0x0000000100000000)
  region size 1024K, 7 young (7168K), 7 survivors (7168K)
 Metaspace       used 169609K, committed 171904K, reserved 1245184K
  class space    used 20772K, committed 22336K, reserved 1048576K
}
Event: 17568.636 GC heap before
{Heap before GC invocations=171 (full 0):
 garbage-first heap   total 547840K, used 308224K [0x0000000080000000, 0x0000000100000000)
  region size 1024K, 162 young (165888K), 7 survivors (7168K)
 Metaspace       used 169623K, committed 171904K, reserved 1245184K
  class space    used 20772K, committed 22336K, reserved 1048576K
}
Event: 17568.656 GC heap after
{Heap after GC invocations=172 (full 0):
 garbage-first heap   total 547840K, used 167736K [0x0000000080000000, 0x0000000100000000)
  region size 1024K, 23 young (23552K), 23 survivors (23552K)
 Metaspace       used 169623K, committed 171904K, reserved 1245184K
  class space    used 20772K, committed 22336K, reserved 1048576K
}
Event: 17570.929 GC heap before
{Heap before GC invocations=173 (full 0):
 garbage-first heap   total 547840K, used 473912K [0x0000000080000000, 0x0000000100000000)
  region size 1024K, 321 young (328704K), 23 survivors (23552K)
 Metaspace       used 167718K, committed 170496K, reserved 1245184K
  class space    used 20609K, committed 22336K, reserved 1048576K
}
Event: 17570.954 GC heap after
{Heap after GC invocations=174 (full 0):
 garbage-first heap   total 547840K, used 178809K [0x0000000080000000, 0x0000000100000000)
  region size 1024K, 29 young (29696K), 29 survivors (29696K)
 Metaspace       used 167718K, committed 170496K, reserved 1245184K
  class space    used 20609K, committed 22336K, reserved 1048576K
}
Event: 17571.472 GC heap before
{Heap before GC invocations=174 (full 0):
 garbage-first heap   total 547840K, used 476793K [0x0000000080000000, 0x0000000100000000)
  region size 1024K, 321 young (328704K), 29 survivors (29696K)
 Metaspace       used 167727K, committed 170496K, reserved 1245184K
  class space    used 20609K, committed 22336K, reserved 1048576K
}
Event: 17571.499 GC heap after
{Heap after GC invocations=175 (full 0):
 garbage-first heap   total 547840K, used 171644K [0x0000000080000000, 0x0000000100000000)
  region size 1024K, 18 young (18432K), 18 survivors (18432K)
 Metaspace       used 167727K, committed 170496K, reserved 1245184K
  class space    used 20609K, committed 22336K, reserved 1048576K
}

Dll operation events (3 events):
Event: 0.162 Loaded shared library D:\Android Studio\jbr\bin\java.dll
Event: 0.195 Loaded shared library D:\Android Studio\jbr\bin\zip.dll
Event: 0.806 Loaded shared library D:\Android Studio\jbr\bin\verify.dll

Deoptimization events (20 events):
Event: 17571.694 Thread 0x000001390c2e72f0 DEOPT PACKING pc=0x000001396f0eabe1 sp=0x0000003517afd2a0
Event: 17571.695 Thread 0x000001390c2e72f0 DEOPT UNPACKING pc=0x0000013974ed88e2 sp=0x0000003517afc7b0 mode 0
Event: 17571.698 Thread 0x000001390c2e6c60 DEOPT PACKING pc=0x000001396dd2b568 sp=0x0000003517efc850
Event: 17571.698 Thread 0x000001390c2e6c60 DEOPT UNPACKING pc=0x0000013974ed88e2 sp=0x0000003517efbd28 mode 0
Event: 17571.722 Thread 0x000001390c2e6c60 DEOPT PACKING pc=0x0000013970a8781f sp=0x0000003517efdc50
Event: 17571.722 Thread 0x000001390c2e6c60 DEOPT UNPACKING pc=0x0000013974ed88e2 sp=0x0000003517efd178 mode 0
Event: 17571.742 Thread 0x000001390c2e6c60 DEOPT PACKING pc=0x0000013970585a53 sp=0x0000003517efd380
Event: 17571.742 Thread 0x000001390c2e6c60 DEOPT UNPACKING pc=0x0000013974ed88e2 sp=0x0000003517efc820 mode 0
Event: 17571.748 Thread 0x000001390c2e65d0 DEOPT PACKING pc=0x000001396da946ac sp=0x0000003517bfc840
Event: 17571.748 Thread 0x000001390c2e65d0 DEOPT UNPACKING pc=0x0000013974ed88e2 sp=0x0000003517bfbe48 mode 0
Event: 17571.778 Thread 0x000001390c2e65d0 DEOPT PACKING pc=0x000001396de756f8 sp=0x0000003517bfcf00
Event: 17571.778 Thread 0x000001390c2e65d0 DEOPT UNPACKING pc=0x0000013974ed88e2 sp=0x0000003517bfc400 mode 0
Event: 17571.834 Thread 0x000001390c2e65d0 DEOPT PACKING pc=0x000001397086eb85 sp=0x0000003517bfd520
Event: 17571.834 Thread 0x000001390c2e65d0 DEOPT UNPACKING pc=0x0000013974ed88e2 sp=0x0000003517bfca20 mode 0
Event: 17571.839 Thread 0x000001390c2e65d0 DEOPT PACKING pc=0x0000013970585a53 sp=0x0000003517bfcec0
Event: 17571.839 Thread 0x000001390c2e65d0 DEOPT UNPACKING pc=0x0000013974ed88e2 sp=0x0000003517bfc360 mode 0
Event: 17571.841 Thread 0x000001390c2e65d0 DEOPT PACKING pc=0x000001396f0eabe1 sp=0x0000003517bfd020
Event: 17571.841 Thread 0x000001390c2e65d0 DEOPT UNPACKING pc=0x0000013974ed88e2 sp=0x0000003517bfc530 mode 0
Event: 17571.844 Thread 0x000001390c2e65d0 DEOPT PACKING pc=0x000001396e821788 sp=0x0000003517bfcd80
Event: 17571.844 Thread 0x000001390c2e65d0 DEOPT UNPACKING pc=0x0000013974ed88e2 sp=0x0000003517bfc270 mode 0

Classes loaded (20 events):
Event: 1150.732 Loading class java/lang/runtime/ObjectMethods$1
Event: 1150.732 Loading class java/lang/runtime/ObjectMethods$1 done
Event: 1150.735 Loading class java/lang/invoke/DirectMethodHandle$1
Event: 1150.735 Loading class java/lang/invoke/DirectMethodHandle$1 done
Event: 1150.825 Loading class java/util/function/ToIntBiFunction
Event: 1150.825 Loading class java/util/function/ToIntBiFunction done
Event: 1151.498 Loading class jdk/internal/math/FloatToDecimal
Event: 1151.499 Loading class jdk/internal/math/FloatToDecimal done
Event: 1153.505 Loading class java/text/MessageFormat
Event: 1153.541 Loading class java/text/MessageFormat done
Event: 1153.579 Loading class java/util/EnumMap$Values
Event: 1153.580 Loading class java/util/EnumMap$Values done
Event: 1153.580 Loading class java/util/EnumMap$ValueIterator
Event: 1153.580 Loading class java/util/EnumMap$ValueIterator done
Event: 1874.741 Loading class java/text/MessageFormat$Field
Event: 1874.741 Loading class java/text/MessageFormat$Field done
Event: 2473.783 Loading class java/text/FieldPosition$Delegate
Event: 2473.783 Loading class java/text/FieldPosition$Delegate done
Event: 2473.796 Loading class java/lang/invoke/WrongMethodTypeException
Event: 2473.796 Loading class java/lang/invoke/WrongMethodTypeException done

Classes unloaded (20 events):
Event: 17568.845 Thread 0x000001396868c450 Unloading class 0x0000000100918cc0 'com/bumptech/glide/annotation/compiler/RequestBuilderGenerator'
Event: 17568.845 Thread 0x000001396868c450 Unloading class 0x0000000100918aa0 'com/bumptech/glide/annotation/compiler/GlideGenerator'
Event: 17568.845 Thread 0x000001396868c450 Unloading class 0x0000000100918880 'com/bumptech/glide/annotation/compiler/RequestManagerFactoryGenerator'
Event: 17568.845 Thread 0x000001396868c450 Unloading class 0x0000000100918660 'com/bumptech/glide/annotation/compiler/RequestManagerGenerator'
Event: 17568.845 Thread 0x000001396868c450 Unloading class 0x0000000100918440 'com/bumptech/glide/annotation/compiler/RequestOptionsOverrideGenerator'
Event: 17568.845 Thread 0x000001396868c450 Unloading class 0x0000000100918220 'com/bumptech/glide/annotation/compiler/RequestOptionsGenerator'
Event: 17568.845 Thread 0x000001396868c450 Unloading class 0x0000000100918000 'com/bumptech/glide/annotation/compiler/AppModuleGenerator'
Event: 17568.845 Thread 0x000001396868c450 Unloading class 0x0000000100c46d60 'com/bumptech/glide/annotation/compiler/AppModuleProcessor'
Event: 17568.845 Thread 0x000001396868c450 Unloading class 0x0000000100c46b40 'com/bumptech/glide/annotation/compiler/LibraryModuleProcessor'
Event: 17568.845 Thread 0x000001396868c450 Unloading class 0x0000000100c46920 'com/bumptech/glide/annotation/compiler/IndexerGenerator'
Event: 17568.845 Thread 0x000001396868c450 Unloading class 0x0000000100c46708 'com/bumptech/glide/repackaged/com/squareup/javapoet/Util'
Event: 17568.846 Thread 0x000001396868c450 Unloading class 0x0000000100c464b0 'com/bumptech/glide/repackaged/com/squareup/javapoet/TypeVariableName'
Event: 17568.846 Thread 0x000001396868c450 Unloading class 0x0000000100c46258 'com/bumptech/glide/repackaged/com/squareup/javapoet/ParameterizedTypeName'
Event: 17568.846 Thread 0x000001396868c450 Unloading class 0x0000000100c46000 'com/bumptech/glide/repackaged/com/squareup/javapoet/ArrayTypeName'
Event: 17568.846 Thread 0x000001396868c450 Unloading class 0x00000001011c8468 'com/bumptech/glide/repackaged/com/squareup/javapoet/ClassName'
Event: 17568.846 Thread 0x000001396868c450 Unloading class 0x00000001011c8210 'com/bumptech/glide/repackaged/com/squareup/javapoet/TypeName'
Event: 17568.846 Thread 0x000001396868c450 Unloading class 0x00000001011c8000 'com/bumptech/glide/repackaged/com/google/common/base/Predicate'
Event: 17568.846 Thread 0x000001396868c450 Unloading class 0x00000001012244b8 'com/bumptech/glide/repackaged/com/google/common/base/Function'
Event: 17568.846 Thread 0x000001396868c450 Unloading class 0x0000000101224298 'com/bumptech/glide/annotation/compiler/ProcessorUtil'
Event: 17568.846 Thread 0x000001396868c450 Unloading class 0x0000000101224000 'com/bumptech/glide/annotation/compiler/GlideAnnotationProcessor'

Classes redefined (0 events):
No events

Internal exceptions (20 events):
Event: 17571.833 Thread 0x000001390c2e72f0 Exception <a 'sun/nio/fs/WindowsException'{0x000000009c1d39f8}> (0x000000009c1d39f8) 
thrown [s\src\hotspot\share\prims\jni.cpp, line 535]
Event: 17571.834 Thread 0x000001390c2e6c60 Exception <a 'sun/nio/fs/WindowsException'{0x000000009c6e8398}> (0x000000009c6e8398) 
thrown [s\src\hotspot\share\prims\jni.cpp, line 535]
Event: 17571.835 Thread 0x000001390c2e72f0 Exception <a 'sun/nio/fs/WindowsException'{0x000000009c1d89e0}> (0x000000009c1d89e0) 
thrown [s\src\hotspot\share\prims\jni.cpp, line 535]
Event: 17571.837 Thread 0x000001390c2e6c60 Exception <a 'sun/nio/fs/WindowsException'{0x000000009c6f6df0}> (0x000000009c6f6df0) 
thrown [s\src\hotspot\share\prims\jni.cpp, line 535]
Event: 17571.839 Thread 0x000001390c2e72f0 Exception <a 'sun/nio/fs/WindowsException'{0x000000009c1e12e8}> (0x000000009c1e12e8) 
thrown [s\src\hotspot\share\prims\jni.cpp, line 535]
Event: 17571.840 Thread 0x000001390c2e6c60 Exception <a 'sun/nio/fs/WindowsException'{0x000000009c6fdf70}> (0x000000009c6fdf70) 
thrown [s\src\hotspot\share\prims\jni.cpp, line 535]
Event: 17571.841 Thread 0x000001390c2e72f0 Exception <a 'sun/nio/fs/WindowsException'{0x000000009c1e7a30}> (0x000000009c1e7a30) 
thrown [s\src\hotspot\share\prims\jni.cpp, line 535]
Event: 17571.842 Thread 0x000001390c2e6c60 Exception <a 'sun/nio/fs/WindowsException'{0x000000009bdce068}> (0x000000009bdce068) 
thrown [s\src\hotspot\share\prims\jni.cpp, line 535]
Event: 17571.844 Thread 0x000001390c2e72f0 Exception <a 'sun/nio/fs/WindowsException'{0x000000009c1efc70}> (0x000000009c1efc70) 
thrown [s\src\hotspot\share\prims\jni.cpp, line 535]
Event: 17571.847 Thread 0x000001390c2e65d0 Exception <a 'sun/nio/fs/WindowsException'{0x000000009bcded98}> (0x000000009bcded98) 
thrown [s\src\hotspot\share\prims\jni.cpp, line 535]
Event: 17571.852 Thread 0x000001390c2e6c60 Exception <a 'sun/nio/fs/WindowsException'{0x000000009bdd4470}> (0x000000009bdd4470) 
thrown [s\src\hotspot\share\prims\jni.cpp, line 535]
Event: 17571.854 Thread 0x000001390c2e65d0 Exception <a 'sun/nio/fs/WindowsException'{0x000000009bce8e40}> (0x000000009bce8e40) 
thrown [s\src\hotspot\share\prims\jni.cpp, line 535]
Event: 17571.855 Thread 0x000001390c2e72f0 Exception <a 'sun/nio/fs/WindowsException'{0x000000009c1f49b0}> (0x000000009c1f49b0) 
thrown [s\src\hotspot\share\prims\jni.cpp, line 535]
Event: 17571.857 Thread 0x000001390c2e6c60 Exception <a 'sun/nio/fs/WindowsException'{0x000000009bdd9780}> (0x000000009bdd9780) 
thrown [s\src\hotspot\share\prims\jni.cpp, line 535]
Event: 17571.859 Thread 0x000001390c2e72f0 Exception <a 'sun/nio/fs/WindowsException'{0x000000009c1fa720}> (0x000000009c1fa720) 
thrown [s\src\hotspot\share\prims\jni.cpp, line 535]
Event: 17571.859 Thread 0x000001390c2e65d0 Exception <a 'sun/nio/fs/WindowsException'{0x000000009bcf08a8}> (0x000000009bcf08a8) 
thrown [s\src\hotspot\share\prims\jni.cpp, line 535]
Event: 17571.873 Thread 0x000001390c2e6c60 Exception <a 'sun/nio/fs/WindowsException'{0x000000009bde07a0}> (0x000000009bde07a0) 
thrown [s\src\hotspot\share\prims\jni.cpp, line 535]
Event: 17571.875 Thread 0x000001390c2e6c60 Exception <a 'sun/nio/fs/WindowsException'{0x000000009bded2c8}> (0x000000009bded2c8) 
thrown [s\src\hotspot\share\prims\jni.cpp, line 535]
Event: 17571.877 Thread 0x000001390c2e72f0 Exception <a 'sun/nio/fs/WindowsException'{0x000000009bac6de8}> (0x000000009bac6de8) 
thrown [s\src\hotspot\share\prims\jni.cpp, line 535]
Event: 17571.878 Thread 0x000001390c2e72f0 Exception <a 'sun/nio/fs/WindowsException'{0x000000009bacce28}> (0x000000009bacce28) 
thrown [s\src\hotspot\share\prims\jni.cpp, line 535]

ZGC Phase Switch (0 events):
No events

VM Operations (20 events):
Event: 17570.082 Executing VM operation: Cleanup
Event: 17570.082 Executing VM operation: Cleanup done
Event: 17570.823 Executing VM operation: ICBufferFull
Event: 17570.823 Executing VM operation: ICBufferFull done
Event: 17570.835 Executing VM operation: ICBufferFull
Event: 17570.836 Executing VM operation: ICBufferFull done
Event: 17570.844 Executing VM operation: ICBufferFull
Event: 17570.848 Executing VM operation: ICBufferFull done
Event: 17570.848 Executing VM operation: ICBufferFull
Event: 17570.848 Executing VM operation: ICBufferFull done
Event: 17570.897 Executing VM operation: ICBufferFull
Event: 17570.898 Executing VM operation: ICBufferFull done
Event: 17570.929 Executing VM operation: G1CollectForAllocation (G1 Evacuation Pause)
Event: 17570.955 Executing VM operation: G1CollectForAllocation (G1 Evacuation Pause) done
Event: 17571.205 Executing VM operation: ICBufferFull
Event: 17571.205 Executing VM operation: ICBufferFull done
Event: 17571.379 Executing VM operation: ICBufferFull
Event: 17571.380 Executing VM operation: ICBufferFull done
Event: 17571.472 Executing VM operation: G1CollectForAllocation (G1 Evacuation Pause)
Event: 17571.499 Executing VM operation: G1CollectForAllocation (G1 Evacuation Pause) done

Memory protections (0 events):
No events

Nmethod flushes (20 events):
Event: 17568.928 Thread 0x000001396868c450 flushing  nmethod 0x0000013970a5b490
Event: 17568.928 Thread 0x000001396868c450 flushing  nmethod 0x0000013970adfb90
Event: 17568.928 Thread 0x000001396868c450 flushing  nmethod 0x0000013970ae1590
Event: 17568.928 Thread 0x000001396868c450 flushing  nmethod 0x0000013970ae3290
Event: 17568.928 Thread 0x000001396868c450 flushing  nmethod 0x0000013970ae3c10
Event: 17568.928 Thread 0x000001396868c450 flushing  nmethod 0x0000013970ae4b10
Event: 17568.928 Thread 0x000001396868c450 flushing  nmethod 0x0000013970ae5710
Event: 17568.928 Thread 0x000001396868c450 flushing  nmethod 0x0000013970ae6990
Event: 17568.928 Thread 0x000001396868c450 flushing  nmethod 0x0000013970af2910
Event: 17568.928 Thread 0x000001396868c450 flushing  nmethod 0x0000013970b32d90
Event: 17568.928 Thread 0x000001396868c450 flushing  nmethod 0x0000013970b33c90
Event: 17568.928 Thread 0x000001396868c450 flushing  nmethod 0x0000013970b36310
Event: 17568.928 Thread 0x000001396868c450 flushing  nmethod 0x0000013970b36f10
Event: 17568.928 Thread 0x000001396868c450 flushing  nmethod 0x0000013970b38390
Event: 17568.928 Thread 0x000001396868c450 flushing  nmethod 0x0000013970b39e10
Event: 17568.928 Thread 0x000001396868c450 flushing  nmethod 0x0000013970b72710
Event: 17568.928 Thread 0x000001396868c450 flushing  nmethod 0x0000013970bf0f90
Event: 17568.928 Thread 0x000001396868c450 flushing  nmethod 0x0000013970ce4e10
Event: 17568.928 Thread 0x000001396868c450 flushing  nmethod 0x0000013970d40610
Event: 17568.928 Thread 0x000001396868c450 flushing  nmethod 0x0000013970dacd90

Events (20 events):
Event: 17568.448 Thread 0x0000013913c94910 Thread added: 0x000001391f19a3a0
Event: 17568.448 Thread 0x0000013913c94910 Thread added: 0x000001391f198ff0
Event: 17568.516 Thread 0x000001390d1a9ef0 Thread exited: 0x000001390d1a9ef0
Event: 17568.516 Thread 0x000001390d1ab360 Thread exited: 0x000001390d1ab360
Event: 17569.850 Thread 0x0000013902208760 Thread added: 0x000001390d1ac7d0
Event: 17570.622 Thread 0x0000013913c95cc0 Thread added: 0x000001391d8cb3b0
Event: 17570.623 Thread 0x0000013913c95cc0 Thread added: 0x000001391d8cc760
Event: 17570.624 Thread 0x0000013913c95cc0 Thread added: 0x000001391d8cd480
Event: 17570.624 Thread 0x0000013913c95cc0 Thread added: 0x000001391d8cba40
Event: 17570.624 Thread 0x0000013913c95cc0 Thread added: 0x000001391d8cc0d0
Event: 17570.687 Thread 0x0000013913c0b3d0 Thread added: 0x000001390c2de920
Event: 17570.688 Thread 0x0000013913c0b3d0 Thread added: 0x000001390c2e72f0
Event: 17570.690 Thread 0x0000013913c0b3d0 Thread added: 0x000001390c2e65d0
Event: 17570.692 Thread 0x0000013913c0b3d0 Thread added: 0x000001390c2ea770
Event: 17570.694 Thread 0x0000013913c0b3d0 Thread added: 0x000001390c2e58b0
Event: 17570.695 Thread 0x0000013913c0b3d0 Thread added: 0x000001390c2e6c60
Event: 17570.696 Thread 0x0000013913c0b3d0 Thread added: 0x000001390c2ea0e0
Event: 17570.697 Thread 0x0000013913c0b3d0 Thread added: 0x000001390c2e8010
Event: 17570.697 Thread 0x0000013913c0b3d0 Thread added: 0x000001390c2e86a0
Event: 17570.701 Thread 0x0000013902208760 Thread added: 0x000001390d1a9ef0


Dynamic libraries:
0x00007ff7d2cc0000 - 0x00007ff7d2cca000 	D:\Android Studio\jbr\bin\java.exe
0x00007ffb29190000 - 0x00007ffb29388000 	C:\WINDOWS\SYSTEM32\ntdll.dll
0x00007ffb28c10000 - 0x00007ffb28cd2000 	C:\WINDOWS\System32\KERNEL32.DLL
0x00007ffb26d60000 - 0x00007ffb27056000 	C:\WINDOWS\System32\KERNELBASE.dll
0x00007ffb27060000 - 0x00007ffb27160000 	C:\WINDOWS\System32\ucrtbase.dll
0x00007ffaf6870000 - 0x00007ffaf688b000 	D:\Android Studio\jbr\bin\VCRUNTIME140.dll
0x00007ffabe630000 - 0x00007ffabe648000 	D:\Android Studio\jbr\bin\jli.dll
0x00007ffb27520000 - 0x00007ffb276bd000 	C:\WINDOWS\System32\USER32.dll
0x00007ffb14c60000 - 0x00007ffb14efa000 	C:\WINDOWS\WinSxS\amd64_microsoft.windows.common-controls_6595b64144ccf1df_6.0.19041.5915_none_60b4b9d171f9c7c7\COMCTL32.dll
0x00007ffb26d30000 - 0x00007ffb26d52000 	C:\WINDOWS\System32\win32u.dll
0x00007ffb280a0000 - 0x00007ffb280cb000 	C:\WINDOWS\System32\GDI32.dll
0x00007ffb268e0000 - 0x00007ffb269f9000 	C:\WINDOWS\System32\gdi32full.dll
0x00007ffb26a80000 - 0x00007ffb26b1d000 	C:\WINDOWS\System32\msvcp_win.dll
0x00007ffb28630000 - 0x00007ffb286ce000 	C:\WINDOWS\System32\msvcrt.dll
0x00007ffb28600000 - 0x00007ffb2862f000 	C:\WINDOWS\System32\IMM32.DLL
0x00007ffaf6860000 - 0x00007ffaf686c000 	D:\Android Studio\jbr\bin\vcruntime140_1.dll
0x00007ffabe560000 - 0x00007ffabe5ed000 	D:\Android Studio\jbr\bin\msvcp140.dll
0x00007ffaee420000 - 0x00007ffaef0a3000 	D:\Android Studio\jbr\bin\server\jvm.dll
0x00007ffb280d0000 - 0x00007ffb28181000 	C:\WINDOWS\System32\ADVAPI32.dll
0x00007ffb28190000 - 0x00007ffb2822f000 	C:\WINDOWS\System32\sechost.dll
0x00007ffb286d0000 - 0x00007ffb287f3000 	C:\WINDOWS\System32\RPCRT4.dll
0x00007ffb26820000 - 0x00007ffb26847000 	C:\WINDOWS\System32\bcrypt.dll
0x00007ffb28020000 - 0x00007ffb2808b000 	C:\WINDOWS\System32\WS2_32.dll
0x00007ffb1a7c0000 - 0x00007ffb1a7e7000 	C:\WINDOWS\SYSTEM32\WINMM.dll
0x00007ffb202a0000 - 0x00007ffb202aa000 	C:\WINDOWS\SYSTEM32\VERSION.dll
0x00007ffb25d60000 - 0x00007ffb25dab000 	C:\WINDOWS\SYSTEM32\POWRPROF.dll
0x00007ffb25c20000 - 0x00007ffb25c32000 	C:\WINDOWS\SYSTEM32\UMPDC.dll
0x00007ffb25000000 - 0x00007ffb25012000 	C:\WINDOWS\SYSTEM32\kernel.appcore.dll
0x00007ffaf6850000 - 0x00007ffaf685a000 	D:\Android Studio\jbr\bin\jimage.dll
0x00007ffb24cd0000 - 0x00007ffb24ed1000 	C:\WINDOWS\SYSTEM32\DBGHELP.DLL
0x00007ffafecc0000 - 0x00007ffafecf4000 	C:\WINDOWS\SYSTEM32\dbgcore.DLL
0x00007ffb26850000 - 0x00007ffb268d2000 	C:\WINDOWS\System32\bcryptPrimitives.dll
0x00007ffac04a0000 - 0x00007ffac04ae000 	D:\Android Studio\jbr\bin\instrument.dll
0x00007ffaf6780000 - 0x00007ffaf67a0000 	D:\Android Studio\jbr\bin\java.dll
0x00007ffaf64d0000 - 0x00007ffaf64e8000 	D:\Android Studio\jbr\bin\zip.dll
0x00007ffb278b0000 - 0x00007ffb2801e000 	C:\WINDOWS\System32\SHELL32.dll
0x00007ffb24520000 - 0x00007ffb24cc4000 	C:\WINDOWS\SYSTEM32\windows.storage.dll
0x00007ffb288b0000 - 0x00007ffb28c03000 	C:\WINDOWS\System32\combase.dll
0x00007ffb26250000 - 0x00007ffb2627b000 	C:\WINDOWS\SYSTEM32\Wldp.dll
0x00007ffb276c0000 - 0x00007ffb2778d000 	C:\WINDOWS\System32\OLEAUT32.dll
0x00007ffb28290000 - 0x00007ffb2833d000 	C:\WINDOWS\System32\SHCORE.dll
0x00007ffb28230000 - 0x00007ffb2828b000 	C:\WINDOWS\System32\shlwapi.dll
0x00007ffb26750000 - 0x00007ffb26775000 	C:\WINDOWS\SYSTEM32\profapi.dll
0x00007ffaf6770000 - 0x00007ffaf6780000 	D:\Android Studio\jbr\bin\net.dll
0x00007ffb23790000 - 0x00007ffb2389a000 	C:\WINDOWS\SYSTEM32\WINHTTP.dll
0x00007ffb25fb0000 - 0x00007ffb2601a000 	C:\WINDOWS\system32\mswsock.dll
0x00007ffaf5e20000 - 0x00007ffaf5e36000 	D:\Android Studio\jbr\bin\nio.dll
0x00007ffaee1c0000 - 0x00007ffaee1d0000 	D:\Android Studio\jbr\bin\verify.dll
0x00007ffaa9b60000 - 0x00007ffaa9b87000 	C:\Users\dell\.gradle\native\c067742578af261105cb4f569cf0c3c89f3d7b1fecec35dd04571415982c5e48\windows-amd64\native-platform.dll
0x00007ffa92460000 - 0x00007ffa925a4000 	C:\Users\dell\.gradle\native\100fb08df4bc3b14c8652ba06237920a3bd2aa13389f12d3474272988ae205f9\windows-amd64\native-platform-file-events.dll
0x00007ffaef520000 - 0x00007ffaef529000 	D:\Android Studio\jbr\bin\management.dll
0x00007ffaef510000 - 0x00007ffaef51b000 	D:\Android Studio\jbr\bin\management_ext.dll
0x00007ffb27370000 - 0x00007ffb27378000 	C:\WINDOWS\System32\PSAPI.DLL
0x00007ffb261a0000 - 0x00007ffb261b8000 	C:\WINDOWS\SYSTEM32\CRYPTSP.dll
0x00007ffb25840000 - 0x00007ffb25878000 	C:\WINDOWS\system32\rsaenh.dll
0x00007ffb266d0000 - 0x00007ffb266fe000 	C:\WINDOWS\SYSTEM32\USERENV.dll
0x00007ffb261c0000 - 0x00007ffb261cc000 	C:\WINDOWS\SYSTEM32\CRYPTBASE.dll
0x00007ffb25c40000 - 0x00007ffb25c7b000 	C:\WINDOWS\SYSTEM32\IPHLPAPI.DLL
0x00007ffb28090000 - 0x00007ffb28098000 	C:\WINDOWS\System32\NSI.dll
0x00007ffaef530000 - 0x00007ffaef539000 	D:\Android Studio\jbr\bin\extnet.dll
0x00007ffaf7630000 - 0x00007ffaf7637000 	C:\WINDOWS\system32\wshunix.dll
0x00007ffb25ab0000 - 0x00007ffb25ae3000 	C:\WINDOWS\SYSTEM32\ntmarta.dll

dbghelp: loaded successfully - version: 4.0.5 - missing functions: none
symbol engine: initialized successfully - sym options: 0x614 - pdb path: .;D:\Android Studio\jbr\bin;C:\WINDOWS\SYSTEM32;C:\WINDOWS\WinSxS\amd64_microsoft.windows.common-controls_6595b64144ccf1df_6.0.19041.5915_none_60b4b9d171f9c7c7;D:\Android Studio\jbr\bin\server;C:\Users\dell\.gradle\native\c067742578af261105cb4f569cf0c3c89f3d7b1fecec35dd04571415982c5e48\windows-amd64;C:\Users\dell\.gradle\native\100fb08df4bc3b14c8652ba06237920a3bd2aa13389f12d3474272988ae205f9\windows-amd64

VM Arguments:
jvm_args: --add-opens=java.base/java.util=ALL-UNNAMED --add-opens=java.base/java.lang=ALL-UNNAMED --add-opens=java.base/java.lang.invoke=ALL-UNNAMED --add-opens=java.prefs/java.util.prefs=ALL-UNNAMED --add-exports=jdk.compiler/com.sun.tools.javac.api=ALL-UNNAMED --add-exports=jdk.compiler/com.sun.tools.javac.util=ALL-UNNAMED --add-opens=java.base/java.nio.charset=ALL-UNNAMED --add-opens=java.base/java.net=ALL-UNNAMED --add-opens=java.base/java.util.concurrent.atomic=ALL-UNNAMED -Xmx2048m -Dfile.encoding=UTF-8 -Duser.country=US -Duser.language=en -Duser.variant -javaagent:C:\Users\dell\.gradle\wrapper\dists\gradle-8.10.2-bin\a04bxjujx95o3nb99gddekhwo\gradle-8.10.2\lib\agents\gradle-instrumentation-agent-8.10.2.jar 
java_command: org.gradle.launcher.daemon.bootstrap.GradleDaemon 8.10.2
java_class_path (initial): C:\Users\dell\.gradle\wrapper\dists\gradle-8.10.2-bin\a04bxjujx95o3nb99gddekhwo\gradle-8.10.2\lib\gradle-daemon-main-8.10.2.jar
Launcher Type: SUN_STANDARD

[Global flags]
     intx CICompilerCount                          = 4                                         {product} {ergonomic}
     uint ConcGCThreads                            = 2                                         {product} {ergonomic}
     uint G1ConcRefinementThreads                  = 8                                         {product} {ergonomic}
   size_t G1HeapRegionSize                         = 1048576                                   {product} {ergonomic}
    uintx GCDrainStackTargetSize                   = 64                                        {product} {ergonomic}
   size_t InitialHeapSize                          = 264241152                                 {product} {ergonomic}
   size_t MarkStackSize                            = 4194304                                   {product} {ergonomic}
   size_t MaxHeapSize                              = 2147483648                                {product} {command line}
   size_t MaxNewSize                               = 1287651328                                {product} {ergonomic}
   size_t MinHeapDeltaBytes                        = 1048576                                   {product} {ergonomic}
   size_t MinHeapSize                              = 8388608                                   {product} {ergonomic}
    uintx NonNMethodCodeHeapSize                   = 5839372                                {pd product} {ergonomic}
    uintx NonProfiledCodeHeapSize                  = 122909434                              {pd product} {ergonomic}
    uintx ProfiledCodeHeapSize                     = 122909434                              {pd product} {ergonomic}
    uintx ReservedCodeCacheSize                    = 251658240                              {pd product} {ergonomic}
     bool SegmentedCodeCache                       = true                                      {product} {ergonomic}
   size_t SoftMaxHeapSize                          = 2147483648                             {manageable} {ergonomic}
     bool UseCompressedOops                        = true                           {product lp64_product} {ergonomic}
     bool UseG1GC                                  = true                                      {product} {ergonomic}
     bool UseLargePagesIndividualAllocation        = false                                  {pd product} {ergonomic}

Logging:
Log output configuration:
 #0: stdout all=warning uptime,level,tags foldmultilines=false
 #1: stderr all=off uptime,level,tags foldmultilines=false

Environment Variables:
JAVA_HOME=D:\java\jdk21
PATH=d:\cursor\resources\app\bin;C:\Program Files\Microsoft MPI\Bin\;C:\Program Files\Common Files\Oracle\Java\javapath;C:\WINDOWS\system32;C:\WINDOWS;C:\WINDOWS\System32\Wbem;C:\WINDOWS\System32\WindowsPowerShell\v1.0\;C:\WINDOWS\System32\OpenSSH\;C:\Program Files\Microsoft SQL Server\Client SDK\ODBC\170\Tools\Binn\;D:\Install\bin;D:\Git\cmd;D:\XAMPP\php;C:\ProgramData\ComposerSetup\bin;C:\mingw64\bin;C:\TDM-GCC-32\bin;D:\notejs\;D:\XAMPP\mysql\bin;D:\Maven\bin;D:\Maven\apache-maven-3.9.9\bin;C:\Program Files (x86)\Microsoft SQL Server\160\Tools\Binn\;C:\Program Files\Microsoft SQL Server\160\Tools\Binn\;C:\Program Files\Microsoft SQL Server\160\DTS\Binn\;C:\Program Files (x86)\Microsoft SQL Server\160\DTS\Binn\;D:\python\Scripts\;D:\python\;D:\java\jdk21\bin;C:\Users\dell\AppData\Roaming\Composer\vendor\bin;C:\mingw64\bin;C:\Users\dell\AppData\Roaming\npm;D:\nodejs;D:\PyCharm\PyCharm Community Edition 2024.2.4\bin;;D:\Wireshark;D:\python3.10;D:\python39;D:\JetBrains\IntelliJ IDEA 2024.3.4.1\bin;;D:\Maven\bin;D:\;D:\python\Scripts\;D:\python\;D:\java\jdk21\bin;D:\Microsoft VS Code\bin;C:\Users\dell\AppData\Roaming\Composer\vendor\bin;C:\mingw64\bin;C:\Users\dell\AppData\Roaming\npm;D:\nodejs;D:\PyCharm\PyCharm Community Edition 2024.2.4\bin;;D:\Wireshark;D:\python3.10;D:\python39;D:\JetBrains\IntelliJ IDEA 2024.3.4.1\bin;;D:\Maven\bin
USERNAME=dell
OS=Windows_NT
PROCESSOR_IDENTIFIER=Intel64 Family 6 Model 140 Stepping 1, GenuineIntel
TMP=C:\Users\dell\AppData\Local\Temp
TEMP=C:\Users\dell\AppData\Local\Temp




Periodic native trim disabled

JNI global refs:
JNI global refs: 31, weak refs: 317

JNI global refs memory usage: 835, weak refs: 3553

Process memory usage:
Resident Set Size: 1020088K (6% of 16505636K total physical memory with 1972672K free physical memory)

OOME stack traces (most recent first):
Classloader memory used:
Loader org.gradle.internal.classloader.VisitableURLClassLoader$InstrumentingVisitableURLClassLoader: 64025K
Loader org.gradle.internal.classloader.VisitableURLClassLoader                         : 44899K
Loader bootstrap                                                                       : 31466K
Loader org.gradle.initialization.MixInLegacyTypesClassLoader                           : 13253K
Loader jdk.internal.loader.ClassLoaders$AppClassLoader                                 : 11278K
Loader jdk.internal.loader.ClassLoaders$PlatformClassLoader                            : 826K
Loader jdk.internal.jrtfs.JrtFileSystemProvider$JrtFsLoader                            : 597K
Loader jdk.internal.reflect.DelegatingClassLoader                                      : 551K
Loader java.net.URLClassLoader                                                         : 537K
Loader org.gradle.internal.classloader.VisitableURLClassLoader                         : 289K
Loader sun.reflect.misc.MethodUtil                                                     : 2952B

Classes loaded by more than one classloader:
Class Program                                                                         : loaded 5 times (x 68B)
Class jdk.internal.jrtfs.JrtFileSystem                                                : loaded 3 times (x 98B)
Class jdk.internal.jimage.ImageStrings                                                : loaded 3 times (x 66B)
Class jdk.internal.jimage.ImageReader$Directory                                       : loaded 3 times (x 80B)
Class Build_gradle$1                                                                  : loaded 3 times (x 70B)
Class jdk.internal.jimage.BasicImageReader                                            : loaded 3 times (x 91B)
Class jdk.internal.jimage.ImageReader$SharedImageReader$LocationVisitor               : loaded 3 times (x 66B)
Class jdk.internal.jrtfs.JrtPath                                                      : loaded 3 times (x 114B)
Class jdk.internal.jimage.ImageBufferCache                                            : loaded 3 times (x 67B)
Class jdk.internal.jrtfs.JrtFileAttributes                                            : loaded 3 times (x 79B)
Class jdk.internal.jimage.ImageReader$Resource                                        : loaded 3 times (x 80B)
Class jdk.internal.jimage.decompressor.Decompressor                                   : loaded 3 times (x 68B)
Class Build_gradle                                                                    : loaded 3 times (x 126B)
Class jdk.internal.jimage.BasicImageReader$1                                          : loaded 3 times (x 73B)
Class jdk.internal.jimage.ImageReader$Node                                            : loaded 3 times (x 80B)
Class jdk.internal.jimage.ImageReader$SharedImageReader                               : loaded 3 times (x 91B)
Class jdk.internal.jimage.ImageReader                                                 : loaded 3 times (x 71B)
Class jdk.internal.jimage.ImageStringsReader                                          : loaded 3 times (x 76B)
Class jdk.internal.jrtfs.JrtDirectoryStream                                           : loaded 3 times (x 85B)
Class jdk.internal.jimage.ImageHeader                                                 : loaded 3 times (x 67B)
Class jdk.internal.jimage.ImageBufferCache$2                                          : loaded 3 times (x 87B)
Class jdk.internal.jimage.ImageBufferCache$1                                          : loaded 3 times (x 79B)
Class jdk.internal.jimage.ImageLocation                                               : loaded 3 times (x 86B)
Class jdk.internal.jrtfs.JrtDirectoryStream$1                                         : loaded 3 times (x 79B)
Class jdk.internal.jrtfs.JrtFileSystemProvider                                        : loaded 3 times (x 97B)
Class jdk.internal.jrtfs.SystemImage$2                                                : loaded 3 times (x 72B)
Class jdk.internal.jrtfs.SystemImage$1                                                : loaded 3 times (x 74B)
Class jdk.internal.jrtfs.SystemImage                                                  : loaded 3 times (x 70B)
Class com.google.common.collect.UnmodifiableListIterator                              : loaded 2 times (x 91B)
Class com.google.common.collect.MapMakerInternalMap$StrongKeyDummyValueEntry$LinkedStrongKeyDummyValueEntry: loaded 2 times (x 78B)
Class com.google.common.collect.MapMakerInternalMap$Strength                          : loaded 2 times (x 76B)
Class com.google.common.base.Platform$JdkPatternCompiler                              : loaded 2 times (x 71B)
Class org.objectweb.asm.MethodTooLargeException                                       : loaded 2 times (x 79B)
Class [Lcom.google.common.cache.CacheBuilder$OneWeigher;                              : loaded 2 times (x 65B)
Class com.google.common.base.Suppliers                                                : loaded 2 times (x 67B)
Class org.gradle.internal.classloader.DefaultClassLoaderFactory                       : loaded 2 times (x 78B)
Class com.google.common.io.ByteSource$ConcatenatedByteSource                          : loaded 2 times (x 81B)
Class [Lcom.google.common.collect.AbstractIterator$State;                             : loaded 2 times (x 65B)
Class org.apache.commons.io.file.PathUtils                                            : loaded 2 times (x 67B)
Class com.google.common.base.CharMatcher$None                                         : loaded 2 times (x 108B)
Class org.gradle.internal.classloader.ClassLoaderVisitor                              : loaded 2 times (x 72B)
Class jdk.internal.jrtfs.ExplodedImage                                                : loaded 2 times (x 73B)
Class com.bumptech.glide.repackaged.com.google.common.base.Function                   : loaded 2 times (x 66B)
Class [Lcom.google.common.collect.ImmutableMapEntry;                                  : loaded 2 times (x 65B)
Class org.gradle.api.internal.classpath.EffectiveClassPath                            : loaded 2 times (x 86B)
Class com.google.common.collect.ImmutableRangeSet                                     : loaded 2 times (x 111B)
Class com.google.common.collect.CollectSpliterators$1WithCharacteristics              : loaded 2 times (x 86B)
Class com.google.common.collect.AbstractIterator$1                                    : loaded 2 times (x 67B)
Class [Lorg.apache.commons.io.StandardLineSeparator;                                  : loaded 2 times (x 65B)
Class org.apache.commons.io.output.StringBuilderWriter                                : loaded 2 times (x 96B)
Class com.google.common.collect.ImmutableEnumMap                                      : loaded 2 times (x 121B)
Class com.google.common.collect.ListMultimap                                          : loaded 2 times (x 66B)
Class com.google.common.collect.Iterators$EmptyModifiableIterator                     : loaded 2 times (x 82B)
Class com.google.common.collect.Sets$1                                                : loaded 2 times (x 135B)
Class org.objectweb.asm.AnnotationVisitor                                             : loaded 2 times (x 74B)
Class com.google.common.base.Splitter                                                 : loaded 2 times (x 68B)
Class org.gradle.api.internal.DefaultClassPathProvider                                : loaded 2 times (x 72B)
Class org.apache.commons.io.FilenameUtils                                             : loaded 2 times (x 67B)
Class com.google.common.collect.MapMakerInternalMap$Strength$1                        : loaded 2 times (x 76B)
Class [Lcom.google.common.base.Function;                                              : loaded 2 times (x 65B)
Class com.google.common.collect.Maps$ViewCachingAbstractMap                           : loaded 2 times (x 121B)
Class com.google.common.collect.Sets$2                                                : loaded 2 times (x 135B)
Class [Lorg.gradle.api.internal.ClassPathProvider;                                    : loaded 2 times (x 65B)
Class org.gradle.api.internal.ClassPathProvider                                       : loaded 2 times (x 66B)
Class org.objectweb.asm.ClassVisitor                                                  : loaded 2 times (x 84B)
Class com.google.common.collect.MapMakerInternalMap$Strength$2                        : loaded 2 times (x 76B)
Class com.google.common.reflect.Types$ClassOwnership$1                                : loaded 2 times (x 76B)
Class [Lorg.objectweb.asm.AnnotationVisitor;                                          : loaded 2 times (x 65B)
Class com.google.common.collect.Sets$3                                                : loaded 2 times (x 135B)
Class com.google.common.util.concurrent.AbstractFuture$SafeAtomicHelper               : loaded 2 times (x 75B)
Class com.google.common.cache.LocalCache$LocalLoadingCache                            : loaded 2 times (x 130B)
Class com.google.common.base.AbstractIterator$State                                   : loaded 2 times (x 75B)
Class org.gradle.internal.service.UnknownServiceException                             : loaded 2 times (x 79B)
Class com.google.common.collect.MapMakerInternalMap$StrongValueEntry                  : loaded 2 times (x 66B)
Class com.google.common.reflect.Types$ClassOwnership$2                                : loaded 2 times (x 76B)
Class com.google.common.reflect.TypeResolver                                          : loaded 2 times (x 68B)
Class com.google.common.io.ByteArrayDataInput                                         : loaded 2 times (x 66B)
Class com.google.common.collect.Sets$4                                                : loaded 2 times (x 135B)
Class org.objectweb.asm.ModuleVisitor                                                 : loaded 2 times (x 77B)
Class com.google.common.cache.LocalCache$Strength$1                                   : loaded 2 times (x 77B)
Class com.google.common.collect.Collections2$FilteredCollection                       : loaded 2 times (x 115B)
Class com.google.common.reflect.Types$ClassOwnership$3                                : loaded 2 times (x 67B)
Class org.apache.commons.io.output.QueueOutputStream                                  : loaded 2 times (x 83B)
Class com.google.common.util.concurrent.SettableFuture                                : loaded 2 times (x 110B)
Class com.google.common.cache.LocalCache$Strength$2                                   : loaded 2 times (x 77B)
Class jdk.internal.jrtfs.JrtFileStore                                                 : loaded 2 times (x 79B)
Class com.bumptech.glide.repackaged.com.google.common.collect.ImmutableList           : loaded 2 times (x 201B)
Class com.google.common.collect.Interners$InternerImpl                                : loaded 2 times (x 71B)
Class com.google.common.collect.Interner                                              : loaded 2 times (x 66B)
Class [Lcom.google.common.collect.Maps$EntryFunction;                                 : loaded 2 times (x 65B)
Class com.google.common.collect.TransformedIterator                                   : loaded 2 times (x 76B)
Class com.google.common.io.ByteStreams                                                : loaded 2 times (x 67B)
Class com.google.common.cache.LocalCache$Strength$3                                   : loaded 2 times (x 77B)
Class com.google.common.collect.MapDifference                                         : loaded 2 times (x 66B)
Class com.google.common.base.Splitter$1                                               : loaded 2 times (x 73B)
Class jdk.internal.jimage.ImageReader$LinkNode                                        : loaded 2 times (x 80B)
Class com.bumptech.glide.repackaged.com.google.common.collect.ObjectArrays            : loaded 2 times (x 67B)
Class com.google.common.collect.MapMaker$Dummy                                        : loaded 2 times (x 75B)
Class com.google.common.reflect.Invokable                                             : loaded 2 times (x 99B)
Class org.objectweb.asm.FieldWriter                                                   : loaded 2 times (x 74B)
Class com.google.common.cache.CacheBuilder$NullListener                               : loaded 2 times (x 78B)
Class org.gradle.internal.classpath.TransformedClassPath                              : loaded 2 times (x 92B)
Class org.gradle.internal.classloader.InstrumentingClassLoader                        : loaded 2 times (x 66B)
Class [Lorg.objectweb.asm.Symbol;                                                     : loaded 2 times (x 65B)
Class com.google.common.collect.ImmutableRangeSet$AsSet                               : loaded 2 times (x 295B)
Class com.google.common.collect.Maps$IteratorBasedAbstractMap$1                       : loaded 2 times (x 134B)
Class com.google.common.reflect.Types$ParameterizedTypeImpl                           : loaded 2 times (x 77B)
Class org.apache.commons.io.output.UnsynchronizedByteArrayOutputStream                : loaded 2 times (x 98B)
Class com.google.common.cache.CacheLoader$FunctionToCacheLoader                       : loaded 2 times (x 71B)
Class com.google.common.collect.Iterators$ArrayItr                                    : loaded 2 times (x 93B)
Class com.google.common.collect.ImmutableCollection$Builder                           : loaded 2 times (x 72B)
Class com.google.common.reflect.TypeCapture                                           : loaded 2 times (x 67B)
Class com.bumptech.glide.annotation.compiler.RequestBuilderGenerator                  : loaded 2 times (x 68B)
Class com.google.common.collect.BaseImmutableMultimap                                 : loaded 2 times (x 119B)
Class com.google.common.reflect.TypeResolver$TypeVariableKey                          : loaded 2 times (x 68B)
Class org.apache.commons.io.output.ByteArrayOutputStream                              : loaded 2 times (x 98B)
Class com.google.common.base.Joiner                                                   : loaded 2 times (x 75B)
Class com.google.common.base.MoreObjects                                              : loaded 2 times (x 67B)
Class [Lorg.objectweb.asm.Type;                                                       : loaded 2 times (x 65B)
Class com.google.common.collect.Platform                                              : loaded 2 times (x 67B)
Class com.google.common.collect.UnmodifiableIterator                                  : loaded 2 times (x 76B)
Class org.gradle.internal.service.ServiceLocator                                      : loaded 2 times (x 66B)
Class com.google.common.collect.TransformedListIterator                               : loaded 2 times (x 89B)
Class org.apache.commons.io.FileExistsException                                       : loaded 2 times (x 78B)
Class com.google.common.collect.HashBiMap$BiEntry                                     : loaded 2 times (x 79B)
Class com.google.common.base.Ascii                                                    : loaded 2 times (x 67B)
Class com.google.common.collect.SingletonImmutableBiMap                               : loaded 2 times (x 139B)
Class com.google.common.cache.LocalCache$1                                            : loaded 2 times (x 85B)
Class com.google.common.collect.AbstractMapEntry                                      : loaded 2 times (x 77B)
Class com.bumptech.glide.repackaged.com.google.common.collect.RegularImmutableAsList  : loaded 2 times (x 205B)
Class com.google.common.collect.MapMakerInternalMap$AbstractStrongKeyEntry            : loaded 2 times (x 76B)
Class com.google.common.io.ByteSource$ByteArrayByteSource                             : loaded 2 times (x 81B)
Class com.google.common.reflect.TypeToken$SimpleTypeToken                             : loaded 2 times (x 69B)
Class com.google.common.collect.Sets$ImprovedAbstractSet                              : loaded 2 times (x 131B)
Class com.google.common.collect.ImmutableList$Builder                                 : loaded 2 times (x 73B)
Class com.google.common.cache.LocalCache$2                                            : loaded 2 times (x 138B)
Class com.google.common.collect.AbstractMultimap                                      : loaded 2 times (x 119B)
Class com.google.common.collect.ImmutableRangeSet$1                                   : loaded 2 times (x 205B)
Class com.google.common.util.concurrent.AbstractFuture$UnsafeAtomicHelper$1           : loaded 2 times (x 72B)
Class com.google.common.collect.RegularImmutableAsList                                : loaded 2 times (x 212B)
Class com.google.common.collect.Range                                                 : loaded 2 times (x 83B)
Class com.google.common.base.Optional                                                 : loaded 2 times (x 76B)
Class com.google.common.util.concurrent.AbstractFuture$Trusted                        : loaded 2 times (x 66B)
Class com.google.common.collect.Iterators                                             : loaded 2 times (x 67B)
Class com.google.common.base.CharMatcher$RangesMatcher                                : loaded 2 times (x 108B)
Class com.google.common.cache.LocalCache$Values                                       : loaded 2 times (x 114B)
Class org.apache.commons.io.function.IOFunction                                       : loaded 2 times (x 66B)
Class com.google.common.io.ByteSink$AsCharSink                                        : loaded 2 times (x 76B)
Class com.google.common.util.concurrent.UncheckedExecutionException                   : loaded 2 times (x 78B)
Class com.google.common.collect.Lists$StringAsImmutableList                           : loaded 2 times (x 203B)
Class org.gradle.kotlin.dsl.VersionCatalogAccessorsKt                                 : loaded 2 times (x 67B)
Class com.bumptech.glide.repackaged.com.google.common.collect.ImmutableAsList         : loaded 2 times (x 203B)
Class com.google.common.collect.ImmutableSortedSetFauxverideShim                      : loaded 2 times (x 143B)
Class com.google.common.base.CharMatcher$JavaLetterOrDigit                            : loaded 2 times (x 107B)
Class org.gradle.internal.InternalTransformer                                         : loaded 2 times (x 66B)
Class com.google.common.collect.ImmutableMap$MapViewOfValuesAsSingletonSets           : loaded 2 times (x 121B)
Class com.bumptech.glide.annotation.compiler.ExtensionProcessor                       : loaded 2 times (x 68B)
Class com.google.common.collect.AbstractMapBasedMultimap$KeySet$1                     : loaded 2 times (x 78B)
Class org.objectweb.asm.ClassWriter                                                   : loaded 2 times (x 102B)
Class com.google.common.cache.CacheLoader$UnsupportedLoadingOperationException        : loaded 2 times (x 78B)
Class com.google.common.base.CharMatcher$And                                          : loaded 2 times (x 108B)
Class org.gradle.internal.classloader.ClasspathUtil$1                                 : loaded 2 times (x 72B)
Class com.google.common.collect.RegularImmutableMap                                   : loaded 2 times (x 117B)
Class com.google.common.collect.FluentIterable$1                                      : loaded 2 times (x 77B)
Class com.google.common.base.Objects                                                  : loaded 2 times (x 67B)
Class org.objectweb.asm.FieldVisitor                                                  : loaded 2 times (x 73B)
Class com.google.common.collect.IndexedImmutableSet                                   : loaded 2 times (x 146B)
Class com.google.common.collect.ImmutableMap$1                                        : loaded 2 times (x 77B)
Class com.google.common.collect.BiMap                                                 : loaded 2 times (x 66B)
Class org.gradle.api.internal.classpath.DefaultModuleRegistry$DefaultModule           : loaded 2 times (x 82B)
Class com.google.common.collect.FluentIterable$2                                      : loaded 2 times (x 77B)
Class com.google.common.base.Absent                                                   : loaded 2 times (x 76B)
Class com.google.common.reflect.Reflection                                            : loaded 2 times (x 67B)
Class com.google.common.primitives.Ints                                               : loaded 2 times (x 67B)
Class com.google.common.collect.AbstractIterator                                      : loaded 2 times (x 78B)
Class com.google.common.collect.FluentIterable$3                                      : loaded 2 times (x 77B)
Class com.google.common.math.MathPreconditions                                        : loaded 2 times (x 67B)
Class com.google.common.collect.Multiset                                              : loaded 2 times (x 66B)
Class com.google.common.collect.ArrayListMultimapGwtSerializationDependencies         : loaded 2 times (x 168B)
Class com.google.common.collect.ObjectArrays                                          : loaded 2 times (x 67B)
Class com.google.common.collect.AbstractIndexedListIterator                           : loaded 2 times (x 92B)
Class org.apache.commons.io.output.NullOutputStream                                   : loaded 2 times (x 81B)
Class com.google.common.collect.ImmutableMapEntrySet                                  : loaded 2 times (x 147B)
Class org.gradle.api.internal.classpath.Module                                        : loaded 2 times (x 66B)
Class com.google.common.cache.Weigher                                                 : loaded 2 times (x 66B)
Class org.gradle.api.internal.classpath.UnknownModuleException                        : loaded 2 times (x 78B)
Class com.google.common.io.ByteArrayDataOutput                                        : loaded 2 times (x 66B)
Class org.apache.commons.io.Charsets                                                  : loaded 2 times (x 67B)
Class com.google.common.base.Stopwatch                                                : loaded 2 times (x 68B)
Class com.google.common.cache.LocalCache$Strength                                     : loaded 2 times (x 77B)
Class com.google.common.cache.Cache                                                   : loaded 2 times (x 66B)
Class org.apache.commons.io.filefilter.IOFileFilter                                   : loaded 2 times (x 66B)
Class com.google.common.io.Files$2                                                    : loaded 2 times (x 72B)
Class com.google.common.util.concurrent.AbstractFuture$Cancellation                   : loaded 2 times (x 68B)
Class com.google.common.collect.ImmutableMap$Builder                                  : loaded 2 times (x 78B)
Class com.google.common.base.NullnessCasts                                            : loaded 2 times (x 67B)
Class com.google.common.collect.AbstractMapBasedMultimap$WrappedCollection$WrappedIterator: loaded 2 times (x 80B)
Class com.google.common.collect.Maps$EntryFunction$1                                  : loaded 2 times (x 87B)
Class com.google.common.base.Present                                                  : loaded 2 times (x 77B)
Class com.google.common.cache.RemovalListener                                         : loaded 2 times (x 66B)
Class org.gradle.api.internal.DefaultClassPathRegistry                                : loaded 2 times (x 72B)
Class com.google.common.collect.Maps$EntryFunction$2                                  : loaded 2 times (x 87B)
Class org.apache.commons.io.file.DeleteOption                                         : loaded 2 times (x 66B)
Class com.google.common.reflect.Invokable$ConstructorInvokable                        : loaded 2 times (x 103B)
Class com.google.common.primitives.IntsMethodsForWeb                                  : loaded 2 times (x 67B)
Class com.google.common.collect.Multimap                                              : loaded 2 times (x 66B)
Class org.gradle.api.internal.ClassPathRegistry                                       : loaded 2 times (x 66B)
Class org.gradle.internal.classpath.DefaultClassPath$ImmutableUniqueList              : loaded 2 times (x 195B)
Class com.google.common.collect.MapMakerInternalMap$Segment                           : loaded 2 times (x 138B)
Class com.google.common.collect.NullnessCasts                                         : loaded 2 times (x 67B)
Class com.google.common.reflect.TypeToken                                             : loaded 2 times (x 69B)
Class com.google.common.base.ExtraObjectsMethodsForWeb                                : loaded 2 times (x 67B)
Class org.apache.commons.io.IOUtils                                                   : loaded 2 times (x 67B)
Class org.gradle.api.internal.classpath.ManifestUtil                                  : loaded 2 times (x 67B)
Class com.google.common.cache.RemovalCause                                            : loaded 2 times (x 76B)
Class com.google.common.io.ByteSink                                                   : loaded 2 times (x 72B)
Class com.google.common.cache.CacheBuilder                                            : loaded 2 times (x 68B)
Class com.google.common.collect.SingletonImmutableList                                : loaded 2 times (x 203B)
Class Settings_gradle$1                                                               : loaded 2 times (x 70B)
Class org.gradle.internal.classpath.ClassPath                                         : loaded 2 times (x 66B)
Class org.gradle.api.UncheckedIOException                                             : loaded 2 times (x 78B)
Class com.google.common.collect.Interners$InternerBuilder                             : loaded 2 times (x 72B)
Class com.google.common.io.Files$FileByteSource                                       : loaded 2 times (x 81B)
Class [Lcom.google.common.reflect.Types$JavaVersion;                                  : loaded 2 times (x 65B)
Class com.google.common.collect.ImmutableList$ReverseImmutableList                    : loaded 2 times (x 204B)
Class com.google.common.base.JdkPattern                                               : loaded 2 times (x 71B)
Class org.objectweb.asm.SymbolTable$Entry                                             : loaded 2 times (x 70B)
Class com.google.common.util.concurrent.AbstractFuture$AtomicHelper                   : loaded 2 times (x 74B)
Class com.google.common.collect.ImmutableList$1                                       : loaded 2 times (x 93B)
Class org.objectweb.asm.Edge                                                          : loaded 2 times (x 68B)
Class com.google.common.base.Suppliers$SupplierOfInstance                             : loaded 2 times (x 75B)
Class com.google.common.collect.Iterators$1                                           : loaded 2 times (x 77B)
Class com.google.common.reflect.TypeToken$1                                           : loaded 2 times (x 106B)
Class com.google.common.cache.LocalCache$ComputingValueReference                      : loaded 2 times (x 92B)
Class com.google.common.collect.SingletonImmutableSet                                 : loaded 2 times (x 142B)
Class com.google.common.collect.ImmutableMap$IteratorBasedImmutableMap                : loaded 2 times (x 121B)
Class com.google.common.util.concurrent.ExecutionError                                : loaded 2 times (x 78B)
Class com.google.common.reflect.TypeToken$2                                           : loaded 2 times (x 106B)
Class com.google.common.cache.LocalCache$Segment                                      : loaded 2 times (x 150B)
Class com.google.common.collect.ImmutableEnumSet                                      : loaded 2 times (x 142B)
Class com.bumptech.glide.repackaged.com.squareup.javapoet.Util                        : loaded 2 times (x 67B)
Class com.google.common.collect.SortedIterable                                        : loaded 2 times (x 66B)
Class [Lorg.objectweb.asm.SymbolTable$Entry;                                          : loaded 2 times (x 65B)
Class com.google.common.cache.CacheLoader                                             : loaded 2 times (x 70B)
Class com.google.common.collect.Iterators$4                                           : loaded 2 times (x 78B)
Class com.google.common.collect.ImmutableBiMap                                        : loaded 2 times (x 139B)
Class com.google.common.collect.AbstractListMultimap                                  : loaded 2 times (x 168B)
Class org.gradle.internal.installation.GradleInstallation$1                           : loaded 2 times (x 71B)
Class org.gradle.api.internal.classpath.ModuleRegistry                                : loaded 2 times (x 66B)
Class org.apache.commons.io.output.NullWriter                                         : loaded 2 times (x 95B)
Class com.google.common.util.concurrent.internal.InternalFutureFailureAccess          : loaded 2 times (x 68B)
Class com.google.common.collect.Iterators$5                                           : loaded 2 times (x 78B)
Class com.google.common.collect.ImmutableSet$JdkBackedSetBuilderImpl                  : loaded 2 times (x 72B)
Class com.google.common.base.Splitter$SplittingIterator                               : loaded 2 times (x 80B)
Class com.google.common.collect.Iterators$6                                           : loaded 2 times (x 77B)
Class com.google.common.io.Closer$SuppressingSuppressor                               : loaded 2 times (x 71B)
Class com.google.common.collect.HashBiMap$Inverse                                     : loaded 2 times (x 138B)
Class com.google.common.util.concurrent.AbstractFuture$UnsafeAtomicHelper             : loaded 2 times (x 74B)
Class com.google.common.cache.LocalCache$LocalManualCache$1                           : loaded 2 times (x 71B)
Class com.google.common.base.CharMatcher$ForPredicate                                 : loaded 2 times (x 108B)
Class com.google.common.collect.AbstractMapBasedMultimap$WrappedCollection            : loaded 2 times (x 120B)
Class com.bumptech.glide.repackaged.com.squareup.javapoet.TypeVariableName            : loaded 2 times (x 75B)
Class com.bumptech.glide.repackaged.com.squareup.javapoet.TypeName                    : loaded 2 times (x 75B)
Class com.google.common.collect.ImmutableCollection                                   : loaded 2 times (x 121B)
Class com.google.common.base.CharMatcher$AnyOf                                        : loaded 2 times (x 108B)
Class org.gradle.api.internal.classpath.DefaultModuleRegistry                         : loaded 2 times (x 82B)
Class [Lcom.google.common.cache.RemovalCause;                                         : loaded 2 times (x 65B)
Class com.google.common.util.concurrent.ListenableFuture                              : loaded 2 times (x 66B)
Class com.google.common.cache.ReferenceEntry                                          : loaded 2 times (x 66B)
Class com.bumptech.glide.repackaged.com.google.common.collect.RegularImmutableSet     : loaded 2 times (x 139B)
Class com.google.common.base.Converter                                                : loaded 2 times (x 86B)
Class com.google.common.collect.Lists                                                 : loaded 2 times (x 67B)
Class com.google.common.base.CharMatcher$Any                                          : loaded 2 times (x 108B)
Class jdk.internal.jimage.BasicImageReader$2                                          : loaded 2 times (x 73B)
Class com.bumptech.glide.annotation.GlideExtension                                    : loaded 2 times (x 66B)
Class com.google.common.util.concurrent.AbstractFuture                                : loaded 2 times (x 102B)
Class com.google.common.base.FunctionalEquivalence                                    : loaded 2 times (x 79B)
Class com.google.common.collect.Iterators$9                                           : loaded 2 times (x 77B)
Class com.google.common.collect.AbstractMapBasedMultimap                              : loaded 2 times (x 135B)
Class com.google.common.collect.ImmutableAsList                                       : loaded 2 times (x 205B)
Class com.google.common.reflect.TypeResolver$TypeTable                                : loaded 2 times (x 69B)
Class org.objectweb.asm.RecordComponentVisitor                                        : loaded 2 times (x 73B)
Class com.google.common.cache.CacheLoader$SupplierToCacheLoader                       : loaded 2 times (x 71B)
Class org.gradle.internal.classloader.ClassLoaderHierarchy                            : loaded 2 times (x 66B)
Class com.google.common.base.CharMatcher$IsEither                                     : loaded 2 times (x 107B)
Class com.google.common.reflect.TypeResolver$TypeTable$1                              : loaded 2 times (x 69B)
Class com.google.common.collect.Maps$EntryTransformer                                 : loaded 2 times (x 66B)
Class org.gradle.internal.service.ServiceLookupException                              : loaded 2 times (x 78B)
Class [Lcom.google.common.base.AbstractIterator$State;                                : loaded 2 times (x 65B)
Class com.bumptech.glide.repackaged.com.google.common.collect.ImmutableCollection     : loaded 2 times (x 119B)
Class com.google.common.collect.ImmutableSortedSet                                    : loaded 2 times (x 295B)
Class com.google.common.collect.Lists$ReverseList                                     : loaded 2 times (x 196B)
Class [Lcom.google.common.cache.LocalCache$EntryFactory;                              : loaded 2 times (x 65B)
Class com.google.common.base.CharMatcher$JavaLetter                                   : loaded 2 times (x 107B)
Class org.gradle.internal.classloader.ClassLoaderFactory                              : loaded 2 times (x 66B)
Class com.bumptech.glide.repackaged.com.squareup.javapoet.ClassName                   : loaded 2 times (x 78B)
Class com.google.common.collect.ImmutableMap$SerializedForm                           : loaded 2 times (x 69B)
Class org.apache.commons.io.CloseableURLConnection                                    : loaded 2 times (x 113B)
Class com.google.common.cache.LocalCache$LocalManualCache                             : loaded 2 times (x 95B)
Class com.google.common.base.CharMatcher$IsNot                                        : loaded 2 times (x 107B)
Class com.google.common.base.CommonPattern                                            : loaded 2 times (x 70B)
Class org.gradle.internal.service.CachingServiceLocator                               : loaded 2 times (x 78B)
Class com.google.common.collect.RegularImmutableSortedSet                             : loaded 2 times (x 295B)
Class com.google.common.collect.AbstractMapBasedMultimap$KeySet                       : loaded 2 times (x 133B)
Class com.google.common.math.IntMath                                                  : loaded 2 times (x 67B)
Class com.bumptech.glide.annotation.compiler.RequestManagerFactoryGenerator           : loaded 2 times (x 68B)
Class com.google.common.collect.MapMakerInternalMap$InternalEntry                     : loaded 2 times (x 66B)
Class com.google.common.reflect.Types$TypeVariableInvocationHandler                   : loaded 2 times (x 71B)
Class [Lcom.google.common.collect.HashBiMap$BiEntry;                                  : loaded 2 times (x 65B)
Class com.google.common.collect.Iterators$10                                          : loaded 2 times (x 77B)
Class com.google.common.collect.ImmutableMapEntry                                     : loaded 2 times (x 81B)
Class com.google.common.base.CharMatcher$JavaDigit                                    : loaded 2 times (x 107B)
Class com.bumptech.glide.repackaged.com.google.common.collect.ImmutableSet            : loaded 2 times (x 138B)
Class com.google.common.collect.ImmutableMultimap                                     : loaded 2 times (x 143B)
Class com.google.common.base.Predicates                                               : loaded 2 times (x 67B)
Class com.google.common.base.Equivalence                                              : loaded 2 times (x 78B)
Class com.google.common.collect.ImmutableMapEntry$NonTerminalImmutableMapEntry        : loaded 2 times (x 81B)
Class com.google.common.base.Function                                                 : loaded 2 times (x 66B)
Class org.apache.commons.io.output.AbstractByteArrayOutputStream                      : loaded 2 times (x 98B)
Class com.google.common.collect.IndexedImmutableSet$1                                 : loaded 2 times (x 208B)
Class com.google.common.cache.CacheBuilder$OneWeigher                                 : loaded 2 times (x 78B)
Class com.google.common.collect.RegularImmutableList                                  : loaded 2 times (x 208B)
Class com.google.common.io.FileWriteMode                                              : loaded 2 times (x 75B)
Class [Lcom.google.common.collect.MapMakerInternalMap$Segment;                        : loaded 2 times (x 65B)
Class com.bumptech.glide.annotation.compiler.GlideGenerator                           : loaded 2 times (x 68B)
Class com.google.common.collect.Maps$EntryFunction                                    : loaded 2 times (x 87B)
Class com.google.common.reflect.Types$ClassOwnership$1LocalClass                      : loaded 2 times (x 67B)
Class com.google.common.collect.ImmutableBiMapFauxverideShim                          : loaded 2 times (x 116B)
Class org.gradle.internal.classloader.ClasspathUtil                                   : loaded 2 times (x 67B)
Class com.bumptech.glide.annotation.compiler.LibraryModuleProcessor                   : loaded 2 times (x 68B)
Class com.google.common.base.Charsets                                                 : loaded 2 times (x 67B)
Class com.google.common.util.concurrent.Uninterruptibles                              : loaded 2 times (x 67B)
Class com.bumptech.glide.annotation.compiler.RequestOptionsGenerator                  : loaded 2 times (x 68B)
Class com.google.common.io.CharSource                                                 : loaded 2 times (x 81B)
Class com.google.common.collect.Maps                                                  : loaded 2 times (x 67B)
Class com.google.common.base.CharMatcher$JavaUpperCase                                : loaded 2 times (x 107B)
Class org.gradle.api.specs.Spec                                                       : loaded 2 times (x 66B)
Class com.google.common.cache.LocalCache$ValueIterator                                : loaded 2 times (x 82B)
Class com.bumptech.glide.annotation.compiler.AppModuleProcessor                       : loaded 2 times (x 68B)
Class com.google.common.collect.MapMaker                                              : loaded 2 times (x 68B)
Class org.apache.commons.io.file.PathFilter                                           : loaded 2 times (x 66B)
Class com.google.common.reflect.Types$JavaVersion                                     : loaded 2 times (x 79B)
Class [Lcom.google.common.collect.ImmutableEntry;                                     : loaded 2 times (x 65B)
Class com.google.common.collect.Sets$3$1                                              : loaded 2 times (x 78B)
Class com.google.common.cache.LocalCache$LoadingValueReference                        : loaded 2 times (x 92B)
Class org.gradle.internal.classloader.FilteringClassLoader                            : loaded 2 times (x 101B)
Class com.google.common.collect.MapMakerInternalMap$StrongKeyDummyValueEntry          : loaded 2 times (x 78B)
Class com.google.common.collect.CollectSpliterators                                   : loaded 2 times (x 67B)
Class com.google.common.reflect.Invokable$MethodInvokable                             : loaded 2 times (x 103B)
Class com.google.common.base.Platform                                                 : loaded 2 times (x 67B)
Class com.google.common.collect.RegularImmutableMap$KeySet                            : loaded 2 times (x 146B)
Class com.bumptech.glide.annotation.compiler.ProcessorUtil                            : loaded 2 times (x 68B)
Class com.google.common.collect.AbstractMapBasedMultimap$WrappedList                  : loaded 2 times (x 201B)
Class [Lorg.objectweb.asm.AnnotationWriter;                                           : loaded 2 times (x 65B)
Class com.google.common.primitives.Ints$IntConverter                                  : loaded 2 times (x 86B)
Class com.google.common.collect.Maps$8                                                : loaded 2 times (x 78B)
Class [Lcom.google.common.collect.Iterators$EmptyModifiableIterator;                  : loaded 2 times (x 65B)
Class com.google.common.collect.ImmutableRangeSet$Builder                             : loaded 2 times (x 73B)
Class com.google.common.base.Predicates$CompositionPredicate                          : loaded 2 times (x 84B)
Class com.google.common.collect.Lists$ReverseList$1                                   : loaded 2 times (x 95B)
Class com.google.common.collect.Sets$SetView                                          : loaded 2 times (x 134B)
Class com.google.common.cache.LocalCache$StrongValueReference                         : loaded 2 times (x 86B)
Class com.google.common.util.concurrent.AbstractFuture$SynchronizedHelper             : loaded 2 times (x 74B)
Class com.google.common.base.CharMatcher$Invisible                                    : loaded 2 times (x 108B)
Class com.google.common.graph.SuccessorsFunction                                      : loaded 2 times (x 66B)
Class org.objectweb.asm.Type                                                          : loaded 2 times (x 68B)
Class org.gradle.internal.classloader.VisitableURLClassLoader$InstrumentingVisitableURLClassLoader: loaded 2 times (x 119B)
Class com.google.common.collect.MapMakerInternalMap$StrongKeyDummyValueEntry$Helper   : loaded 2 times (x 75B)
Class org.apache.commons.io.FileUtils                                                 : loaded 2 times (x 67B)
Class com.google.common.io.Files$FileByteSink                                         : loaded 2 times (x 73B)
Class org.objectweb.asm.ByteVector                                                    : loaded 2 times (x 75B)
Class [Lcom.google.common.cache.CacheBuilder$NullListener;                            : loaded 2 times (x 65B)
Class com.google.common.math.IntMath$1                                                : loaded 2 times (x 67B)
Class org.gradle.internal.classloader.VisitableURLClassLoader$Spec                    : loaded 2 times (x 70B)
Class org.gradle.internal.classpath.DefaultClassPath                                  : loaded 2 times (x 86B)
Class com.google.common.reflect.Types$ClassOwnership                                  : loaded 2 times (x 76B)
Class org.objectweb.asm.Symbol                                                        : loaded 2 times (x 69B)
Class com.google.common.base.AbstractIterator                                         : loaded 2 times (x 76B)
Class com.bumptech.glide.annotation.compiler.RequestManagerGenerator                  : loaded 2 times (x 68B)
Class com.google.common.collect.Sets$FilteredSet                                      : loaded 2 times (x 133B)
Class com.google.common.io.Closer                                                     : loaded 2 times (x 74B)
Class com.google.common.collect.RegularImmutableMap$Values                            : loaded 2 times (x 203B)
Class com.google.common.collect.ImmutableSet                                          : loaded 2 times (x 141B)
Class com.google.common.base.CharMatcher$Ascii                                        : loaded 2 times (x 108B)
Class com.google.common.base.CharMatcher$BitSetMatcher                                : loaded 2 times (x 108B)
Class org.gradle.internal.classloader.ClassLoaderSpec                                 : loaded 2 times (x 67B)
Class com.google.common.io.ByteSource$EmptyByteSource                                 : loaded 2 times (x 81B)
Class org.objectweb.asm.AnnotationWriter                                              : loaded 2 times (x 75B)
Class com.google.common.cache.CacheStats                                              : loaded 2 times (x 67B)
Class com.google.common.collect.Interners                                             : loaded 2 times (x 67B)
Class com.google.common.io.LineProcessor                                              : loaded 2 times (x 66B)
Class com.google.common.io.Closer$Suppressor                                          : loaded 2 times (x 66B)
Class org.objectweb.asm.RecordComponentWriter                                         : loaded 2 times (x 74B)
Class com.google.common.util.concurrent.AbstractFuture$Listener                       : loaded 2 times (x 68B)
Class com.google.common.base.CharMatcher$Or                                           : loaded 2 times (x 108B)
Class Settings_gradle$1$1                                                             : loaded 2 times (x 70B)
Class com.bumptech.glide.annotation.compiler.IndexerGenerator                         : loaded 2 times (x 68B)
Class com.bumptech.glide.repackaged.com.squareup.javapoet.ParameterizedTypeName       : loaded 2 times (x 75B)
Class com.bumptech.glide.repackaged.com.squareup.javapoet.ArrayTypeName               : loaded 2 times (x 75B)
Class org.objectweb.asm.Attribute                                                     : loaded 2 times (x 73B)
Class com.google.common.base.Supplier                                                 : loaded 2 times (x 66B)
Class org.gradle.internal.classloader.VisitableURLClassLoader                         : loaded 2 times (x 113B)
Class com.google.common.collect.ImmutableList$SerializedForm                          : loaded 2 times (x 69B)
Class com.google.common.util.concurrent.AbstractFuture$Waiter                         : loaded 2 times (x 68B)
Class Settings_gradle                                                                 : loaded 2 times (x 124B)
Class org.gradle.internal.Cast                                                        : loaded 2 times (x 67B)
Class org.gradle.api.Action                                                           : loaded 2 times (x 66B)
Class com.google.common.collect.MapMakerInternalMap                                   : loaded 2 times (x 157B)
Class com.google.common.collect.HashBiMap                                             : loaded 2 times (x 139B)
Class com.google.common.base.Strings                                                  : loaded 2 times (x 67B)
Class com.google.common.collect.Sets                                                  : loaded 2 times (x 67B)
Class org.objectweb.asm.Handler                                                       : loaded 2 times (x 68B)
Class com.google.common.base.Ticker                                                   : loaded 2 times (x 68B)
Class com.google.common.base.CharMatcher$FastMatcher                                  : loaded 2 times (x 107B)
Class com.google.common.cache.RemovalCause$1                                          : loaded 2 times (x 76B)
Class [Lcom.google.common.cache.LocalCache$Segment;                                   : loaded 2 times (x 65B)
Class [Lcom.google.common.cache.LocalCache$Strength;                                  : loaded 2 times (x 65B)
Class com.google.common.cache.CacheBuilder$1                                          : loaded 2 times (x 81B)
Class com.google.common.collect.ImmutableMap                                          : loaded 2 times (x 116B)
Class com.google.common.base.Predicate                                                : loaded 2 times (x 66B)
Class org.gradle.internal.classpath.DefaultClassPath$ImmutableUniqueList$Builder      : loaded 2 times (x 71B)
Class com.google.common.cache.RemovalCause$2                                          : loaded 2 times (x 76B)
Class com.google.common.collect.MapMakerInternalMap$WeakValueReference                : loaded 2 times (x 66B)
Class com.google.common.collect.AbstractRangeSet                                      : loaded 2 times (x 110B)
Class com.google.common.cache.LocalCache                                              : loaded 2 times (x 183B)
Class com.google.common.cache.CacheBuilder$2                                          : loaded 2 times (x 68B)
Class com.google.common.base.CharMatcher$NegatedFastMatcher                           : loaded 2 times (x 109B)
Class com.google.common.cache.RemovalCause$3                                          : loaded 2 times (x 76B)
Class [Lcom.google.common.collect.AbstractMapEntry;                                   : loaded 2 times (x 65B)
Class com.google.common.collect.ImmutableEntry                                        : loaded 2 times (x 78B)
Class com.google.common.collect.ArrayListMultimap                                     : loaded 2 times (x 168B)
Class com.google.common.base.AbstractIterator$1                                       : loaded 2 times (x 67B)
Class com.google.common.base.CharMatcher$Digit                                        : loaded 2 times (x 108B)
Class org.gradle.api.GradleException                                                  : loaded 2 times (x 78B)
Class com.google.common.base.PairwiseEquivalence                                      : loaded 2 times (x 79B)
Class com.google.common.cache.RemovalCause$4                                          : loaded 2 times (x 76B)
Class com.google.common.base.Suppliers$MemoizingSupplier                              : loaded 2 times (x 75B)
Class org.apache.commons.io.StandardLineSeparator                                     : loaded 2 times (x 75B)
Class com.google.common.collect.CollectPreconditions                                  : loaded 2 times (x 67B)
Class com.google.common.base.CharMatcher$JavaIsoControl                               : loaded 2 times (x 108B)
Class com.google.common.cache.RemovalCause$5                                          : loaded 2 times (x 76B)
Class [Lcom.google.common.collect.MapMakerInternalMap$Strength;                       : loaded 2 times (x 65B)
Class [Lcom.google.common.io.FileWriteMode;                                           : loaded 2 times (x 65B)
Class com.google.common.collect.Maps$AbstractFilteredMap                              : loaded 2 times (x 123B)
Class com.google.common.collect.SortedMapDifference                                   : loaded 2 times (x 66B)
Class com.google.common.base.CharMatcher$JavaLowerCase                                : loaded 2 times (x 107B)
Class com.google.common.collect.Iterables$4                                           : loaded 2 times (x 77B)
Class com.google.common.collect.MapMakerInternalMap$StrongKeyDummyValueSegment        : loaded 2 times (x 138B)
Class com.google.common.io.Files                                                      : loaded 2 times (x 67B)
Class com.google.common.cache.LocalCache$WriteThroughEntry                            : loaded 2 times (x 75B)
Class com.google.common.cache.LocalCache$HashIterator                                 : loaded 2 times (x 82B)
Class com.google.common.cache.LocalCache$EntryFactory                                 : loaded 2 times (x 79B)
Class [Lcom.google.common.collect.MapMaker$Dummy;                                     : loaded 2 times (x 65B)
Class com.google.common.collect.Iterables$5                                           : loaded 2 times (x 77B)
Class com.google.common.reflect.Types$NativeTypeVariableEquals                        : loaded 2 times (x 67B)
Class com.google.common.reflect.TypeParameter                                         : loaded 2 times (x 68B)
Class com.google.common.cache.LocalCache$AbstractReferenceEntry                       : loaded 2 times (x 103B)
Class com.google.common.base.Splitter$1$1                                             : loaded 2 times (x 82B)
Class com.google.common.base.CharMatcher$Whitespace                                   : loaded 2 times (x 108B)
Class org.gradle.internal.IoActions                                                   : loaded 2 times (x 67B)
Class com.bumptech.glide.annotation.compiler.AppModuleGenerator                       : loaded 2 times (x 68B)
Class com.google.common.collect.ImmutableMapKeySet                                    : loaded 2 times (x 146B)
Class com.google.common.collect.ImmutableRangeSet$ComplementRanges                    : loaded 2 times (x 203B)
Class org.objectweb.asm.SymbolTable                                                   : loaded 2 times (x 68B)
Class com.google.common.cache.CacheLoader$InvalidCacheLoadException                   : loaded 2 times (x 78B)
Class com.google.common.collect.ImmutableSet$RegularSetBuilderImpl                    : loaded 2 times (x 73B)
Class com.google.common.base.CharMatcher$SingleWidth                                  : loaded 2 times (x 108B)
Class org.gradle.internal.classloader.SystemClassLoaderSpec                           : loaded 2 times (x 67B)
Class com.google.common.collect.FluentIterable                                        : loaded 2 times (x 77B)
Class com.google.common.cache.LocalCache$StrongEntry                                  : loaded 2 times (x 104B)
Class com.google.common.util.concurrent.AbstractFuture$TrustedFuture                  : loaded 2 times (x 110B)
Class com.google.common.cache.LoadingCache                                            : loaded 2 times (x 66B)
Class com.google.common.base.Equivalence$Identity                                     : loaded 2 times (x 78B)
Class com.bumptech.glide.repackaged.com.google.common.collect.Hashing                 : loaded 2 times (x 67B)
Class com.google.common.io.ByteStreams$LimitedInputStream                             : loaded 2 times (x 88B)
Class com.google.common.base.Suppliers$NonSerializableMemoizingSupplier               : loaded 2 times (x 75B)
Class org.objectweb.asm.MethodWriter                                                  : loaded 2 times (x 102B)
Class [Lcom.google.common.cache.Weigher;                                              : loaded 2 times (x 65B)
Class com.google.common.collect.RegularImmutableMap$BucketOverflowException           : loaded 2 times (x 78B)
Class com.google.common.collect.AbstractMapBasedMultimap$RandomAccessWrappedList      : loaded 2 times (x 201B)
Class com.bumptech.glide.annotation.GlideModule                                       : loaded 2 times (x 66B)
Class com.google.common.collect.AbstractIterator$State                                : loaded 2 times (x 75B)
Class com.google.common.reflect.Types$JavaVersion$1                                   : loaded 2 times (x 79B)
Class com.google.common.collect.RegularImmutableBiMap                                 : loaded 2 times (x 144B)
Class com.google.common.cache.LocalCache$ValueReference                               : loaded 2 times (x 66B)
Class com.google.common.base.CharMatcher$Negated                                      : loaded 2 times (x 109B)
Class com.google.common.base.CharMatcher$Is                                           : loaded 2 times (x 107B)
Class com.google.common.reflect.Types$JavaVersion$2                                   : loaded 2 times (x 79B)
Class com.google.common.reflect.Types                                                 : loaded 2 times (x 67B)
Class com.google.common.hash.PrimitiveSink                                            : loaded 2 times (x 66B)
Class com.google.common.base.PatternCompiler                                          : loaded 2 times (x 66B)
Class com.google.common.util.concurrent.AbstractFuture$Failure                        : loaded 2 times (x 68B)
Class com.google.common.base.Equivalence$Equals                                       : loaded 2 times (x 78B)
Class com.google.common.collect.Hashing                                               : loaded 2 times (x 67B)
Class com.google.common.base.Preconditions                                            : loaded 2 times (x 67B)
Class com.google.common.collect.ImmutableSetMultimap                                  : loaded 2 times (x 176B)
Class com.google.common.io.CharSink                                                   : loaded 2 times (x 75B)
Class [Lorg.apache.commons.io.file.DeleteOption;                                      : loaded 2 times (x 65B)
Class com.google.common.reflect.Types$JavaVersion$3                                   : loaded 2 times (x 79B)
Class com.google.common.base.Joiner$1                                                 : loaded 2 times (x 76B)
Class org.objectweb.asm.Label                                                         : loaded 2 times (x 69B)
Class org.objectweb.asm.CurrentFrame                                                  : loaded 2 times (x 69B)
Class org.objectweb.asm.ClassTooLargeException                                        : loaded 2 times (x 79B)
Class com.google.common.collect.PeekingIterator                                       : loaded 2 times (x 66B)
Class com.google.common.base.CharMatcher                                              : loaded 2 times (x 107B)
Class com.google.common.collect.MapMakerInternalMap$InternalEntryHelper               : loaded 2 times (x 66B)
Class com.google.common.collect.RangeGwtSerializationDependencies                     : loaded 2 times (x 67B)
Class com.google.common.collect.Table                                                 : loaded 2 times (x 66B)
Class com.google.common.io.ByteSource$AsCharSource                                    : loaded 2 times (x 82B)
Class com.google.common.reflect.Types$JavaVersion$4                                   : loaded 2 times (x 79B)
Class com.google.common.collect.Maps$IteratorBasedAbstractMap                         : loaded 2 times (x 121B)
Class com.google.common.base.Joiner$2                                                 : loaded 2 times (x 75B)
Class org.objectweb.asm.Frame                                                         : loaded 2 times (x 69B)
Class org.objectweb.asm.MethodVisitor                                                 : loaded 2 times (x 101B)
Class com.google.common.cache.LocalCache$EntryFactory$1                               : loaded 2 times (x 79B)
Class [Lcom.google.common.cache.RemovalListener;                                      : loaded 2 times (x 65B)
Class com.google.common.base.CharMatcher$1                                            : loaded 2 times (x 109B)
Class com.google.common.base.CharMatcher$NamedFastMatcher                             : loaded 2 times (x 108B)
Class com.google.common.collect.RangeSet                                              : loaded 2 times (x 66B)
Class com.google.common.reflect.Types$JavaVersion$5                                   : loaded 2 times (x 67B)
Class [Lcom.google.common.reflect.Types$ClassOwnership;                               : loaded 2 times (x 65B)
Class com.google.common.cache.LocalCache$EntryFactory$2                               : loaded 2 times (x 79B)
Class org.gradle.api.internal.classpath.GlobalCacheRootsProvider                      : loaded 2 times (x 66B)
Class com.bumptech.glide.repackaged.com.google.common.collect.SingletonImmutableSet   : loaded 2 times (x 139B)
Class com.google.common.collect.CollectCollectors                                     : loaded 2 times (x 67B)
Class org.objectweb.asm.ModuleWriter                                                  : loaded 2 times (x 78B)
Class com.google.common.cache.LocalCache$EntryFactory$3                               : loaded 2 times (x 79B)
Class com.google.common.base.Ticker$1                                                 : loaded 2 times (x 68B)
Class com.google.common.collect.ImmutableMapEntrySet$RegularEntrySet                  : loaded 2 times (x 147B)
Class com.google.common.collect.Maps$BiMapConverter                                   : loaded 2 times (x 86B)
Class com.bumptech.glide.annotation.compiler.RequestOptionsOverrideGenerator          : loaded 2 times (x 68B)
Class com.google.common.collect.SetMultimap                                           : loaded 2 times (x 66B)
Class com.google.common.cache.LocalCache$EntryFactory$4                               : loaded 2 times (x 79B)
Class com.google.common.collect.ImmutableSet$Builder                                  : loaded 2 times (x 81B)
Class com.google.common.base.CharMatcher$InRange                                      : loaded 2 times (x 107B)
Class com.google.common.io.ByteStreams$1                                              : loaded 2 times (x 81B)
Class com.google.common.cache.LocalCache$EntryFactory$5                               : loaded 2 times (x 79B)
Class com.bumptech.glide.annotation.compiler.GlideAnnotationProcessor                 : loaded 2 times (x 83B)
Class com.google.common.collect.ImmutableSet$CachingAsList                            : loaded 2 times (x 143B)
Class org.apache.commons.io.output.AppendableWriter                                   : loaded 2 times (x 96B)
Class com.google.common.cache.LocalCache$EntryFactory$6                               : loaded 2 times (x 79B)
Class org.gradle.internal.installation.CurrentGradleInstallationLocator               : loaded 2 times (x 67B)
Class com.google.common.io.ByteSource$SlicedByteSource                                : loaded 2 times (x 81B)
Class org.apache.commons.io.output.ThresholdingOutputStream                           : loaded 2 times (x 90B)
Class com.google.common.collect.Maps$KeySet                                           : loaded 2 times (x 133B)
Class com.google.common.cache.LocalCache$EntryFactory$7                               : loaded 2 times (x 79B)
Class com.google.common.collect.ImmutableSet$EmptySetBuilderImpl                      : loaded 2 times (x 72B)
Class com.google.common.collect.ImmutableList                                         : loaded 2 times (x 202B)
Class org.gradle.internal.service.DefaultServiceLocator                               : loaded 2 times (x 79B)
Class com.bumptech.glide.repackaged.com.google.common.base.Predicate                  : loaded 2 times (x 66B)
Class com.google.common.cache.LocalCache$SoftValueReference                           : loaded 2 times (x 93B)
Class com.google.common.collect.Maps$EntrySet                                         : loaded 2 times (x 132B)
Class com.google.common.cache.LocalCache$EntryFactory$8                               : loaded 2 times (x 79B)
Class com.google.common.collect.ImmutableSet$SetBuilderImpl                           : loaded 2 times (x 72B)
Class org.gradle.internal.installation.CurrentGradleInstallation                      : loaded 2 times (x 69B)
Class com.google.common.cache.CacheLoader$1                                           : loaded 2 times (x 71B)
Class com.google.common.collect.ForwardingObject                                      : loaded 2 times (x 68B)
Class com.google.common.collect.ImmutableList$SubList                                 : loaded 2 times (x 204B)
Class org.gradle.util.internal.GUtil                                                  : loaded 2 times (x 67B)
Class com.google.common.io.ByteSource                                                 : loaded 2 times (x 80B)
Class com.google.common.util.concurrent.AbstractFuture$SetFuture                      : loaded 2 times (x 71B)
Class com.google.common.cache.AbstractCache$StatsCounter                              : loaded 2 times (x 66B)
Class com.google.common.collect.MapMakerInternalMap$1                                 : loaded 2 times (x 79B)
Class com.google.common.reflect.Types$TypeVariableImpl                                : loaded 2 times (x 68B)
Class com.google.common.collect.Iterators$MergingIterator                             : loaded 2 times (x 77B)
Class com.google.common.collect.RegularImmutableSet                                   : loaded 2 times (x 144B)
Class org.gradle.internal.installation.GradleInstallation                             : loaded 2 times (x 71B)
Class com.bumptech.glide.annotation.compiler.GlideExtensionValidator                  : loaded 2 times (x 68B)
Class com.google.common.collect.Iterables                                             : loaded 2 times (x 67B)
Class com.google.common.base.Splitter$Strategy                                        : loaded 2 times (x 66B)
Class com.google.common.collect.Lists$RandomAccessReverseList                         : loaded 2 times (x 196B)

---------------  S Y S T E M  ---------------

OS:
 Windows 10 , 64 bit Build 19041 (10.0.19041.5915)
OS uptime: 0 days 4:55 hours
Hyper-V role detected

CPU: total 8 (initial active 8) (4 cores per cpu, 2 threads per core) family 6 model 140 stepping 1 microcode 0xbc, cx8, cmov, fxsr, ht, mmx, 3dnowpref, sse, sse2, sse3, ssse3, sse4.1, sse4.2, popcnt, lzcnt, tsc, tscinvbit, avx, avx2, aes, erms, clmul, bmi1, bmi2, adx, avx512f, avx512dq, avx512cd, avx512bw, avx512vl, sha, fma, vzeroupper, avx512_vpopcntdq, avx512_vpclmulqdq, avx512_vaes, avx512_vnni, clflush, clflushopt, clwb, avx512_vbmi2, avx512_vbmi, hv, rdtscp, rdpid, fsrm, gfni, avx512_bitalg, f16c, cet_ibt, cet_ss, avx512_ifma
Processor Information for all 8 processors :
  Max Mhz: 2419, Current Mhz: 2419, Mhz Limit: 2419

Memory: 4k page, system-wide physical 16118M (1911M free)
TotalPageFile size 20340M (AvailPageFile size 21M)
current process WorkingSet (physical memory assigned to process): 997M, peak: 1591M
current process commit charge ("private bytes"): 1115M, peak: 1647M

vm_info: OpenJDK 64-Bit Server VM (21.0.4+-12508038-b607.1) for windows-amd64 JRE (21.0.4+-12508038-b607.1), built on 2024-10-16T17:23:34Z by "builder" with MS VC++ 16.10 / 16.11 (VS2019)

END.
