#
# There is insufficient memory for the Java Runtime Environment to continue.
# Native memory allocation (mmap) failed to map 91226112 bytes. Error detail: G1 virtual space
# Possible reasons:
#   The system is out of physical RAM or swap space
#   This process is running with CompressedOops enabled, and the Java Heap may be blocking the growth of the native heap
# Possible solutions:
#   Reduce memory load on the system
#   Increase physical memory or swap space
#   Check if swap backing store is full
#   Decrease Java heap size (-Xmx/-Xms)
#   Decrease number of Java threads
#   Decrease Java thread stack sizes (-Xss)
#   Set larger code cache with -XX:ReservedCodeCacheSize=
#   JVM is running with Unscaled Compressed Oops mode in which the Java heap is
#     placed in the first 4GB address space. The Java Heap base address is the
#     maximum limit for the native heap growth. Please use -XX:HeapBaseMinAddress
#     to set the Java Heap base and to place the Java Heap above 4GB virtual address.
# This output file may be truncated or incomplete.
#
#  Out of Memory Error (os_windows.cpp:3828), pid=20472, tid=17720
#
# JRE version: OpenJDK Runtime Environment (21.0.4) (build 21.0.4+-12508038-b607.1)
# Java VM: OpenJDK 64-Bit Server VM (21.0.4+-12508038-b607.1, mixed mode, tiered, compressed oops, compressed class ptrs, g1 gc, windows-amd64)
# No core dump will be written. Minidumps are not enabled by default on client versions of Windows
#

---------------  S U M M A R Y ------------

Command Line: --add-opens=java.base/java.util=ALL-UNNAMED --add-opens=java.base/java.lang=ALL-UNNAMED --add-opens=java.base/java.lang.invoke=ALL-UNNAMED --add-opens=java.prefs/java.util.prefs=ALL-UNNAMED --add-exports=jdk.compiler/com.sun.tools.javac.api=ALL-UNNAMED --add-exports=jdk.compiler/com.sun.tools.javac.util=ALL-UNNAMED --add-opens=java.base/java.nio.charset=ALL-UNNAMED --add-opens=java.base/java.net=ALL-UNNAMED --add-opens=java.base/java.util.concurrent.atomic=ALL-UNNAMED -Xmx2048m -Dfile.encoding=UTF-8 -Duser.country=US -Duser.language=en -Duser.variant -javaagent:C:\Users\dell\.gradle\wrapper\dists\gradle-8.10.2-bin\a04bxjujx95o3nb99gddekhwo\gradle-8.10.2\lib\agents\gradle-instrumentation-agent-8.10.2.jar org.gradle.launcher.daemon.bootstrap.GradleDaemon 8.10.2

Host: 11th Gen Intel(R) Core(TM) i5-1135G7 @ 2.40GHz, 8 cores, 15G,  Windows 10 , 64 bit Build 19041 (10.0.19041.5915)
Time: Mon Jun 16 23:25:53 2025 SE Asia Standard Time elapsed time: 11307.392717 seconds (0d 3h 8m 27s)

---------------  T H R E A D  ---------------

Current thread (0x000001f1ba080ad0):  VMThread "VM Thread"          [id=17720, stack(0x000000a7f4100000,0x000000a7f4200000) (1024K)]

Stack: [0x000000a7f4100000,0x000000a7f4200000]
Native frames: (J=compiled Java code, j=interpreted, Vv=VM code, C=native code)
V  [jvm.dll+0x6ce539]
V  [jvm.dll+0x85bf03]
V  [jvm.dll+0x85e45e]
V  [jvm.dll+0x85eb43]
V  [jvm.dll+0x27dd06]
V  [jvm.dll+0x6cada5]
V  [jvm.dll+0x6bf27a]
V  [jvm.dll+0x3541fb]
V  [jvm.dll+0x35be36]
V  [jvm.dll+0x3adbc6]
V  [jvm.dll+0x3ade98]
V  [jvm.dll+0x32691c]
V  [jvm.dll+0x329326]
V  [jvm.dll+0x33325d]
V  [jvm.dll+0x36a865]
V  [jvm.dll+0x8648c8]
V  [jvm.dll+0x865c44]
V  [jvm.dll+0x866180]
V  [jvm.dll+0x866413]
V  [jvm.dll+0x804418]
V  [jvm.dll+0x6cce0d]
C  [ucrtbase.dll+0x21bb2]
C  [KERNEL32.DLL+0x17374]
C  [ntdll.dll+0x4cc91]

VM_Operation (0x000000a7f3cff480): G1PauseRemark, mode: safepoint, requested by thread 0x000001f19c7cab50


---------------  P R O C E S S  ---------------

Threads class SMR info:
_java_thread_list=0x000001f1bfff5cf0, length=159, elements={
0x000001f19c760580, 0x000001f1ba0f2090, 0x000001f1ba0f2db0, 0x000001f1ba0fcbf0,
0x000001f1ba0fd650, 0x000001f1ba0fe0b0, 0x000001f1ba0da760, 0x000001f1ba0db310,
0x000001f1ba106f10, 0x000001f1ba195fe0, 0x000001f1ba36b0d0, 0x000001f1bbf66980,
0x000001f1bbfe1610, 0x000001f1bc199850, 0x000001f1bc0b2820, 0x000001f1bc0b1b00,
0x000001f1bc0b3540, 0x000001f1becfa2b0, 0x000001f1becf9590, 0x000001f1becf9c20,
0x000001f1c241fd10, 0x000001f1c241b4e0, 0x000001f1bdfd6040, 0x000001f1bfcfba50,
0x000001f1c89ff330, 0x000001f1c89f55b0, 0x000001f1c7ee6680, 0x000001f1c7ee45b0,
0x000001f1c8c47f50, 0x000001f1c8c45160, 0x000001f1bb26f560, 0x000001f1bb26eed0,
0x000001f1c8c43090, 0x000001f1bb268c60, 0x000001f1c8c457f0, 0x000001f1bb2678b0,
0x000001f1c2703b60, 0x000001f1c26fd8f0, 0x000001f1c26f0d80, 0x000001f1c26f90c0,
0x000001f1c26f4f20, 0x000001f1c26f8a30, 0x000001f1c26eecb0, 0x000001f1c26fbeb0,
0x000001f1c26f9750, 0x000001f1c26f5c40, 0x000001f1c26f06f0, 0x000001f1c26f55b0,
0x000001f1c26ef9d0, 0x000001f1c27055a0, 0x000001f1c26edf90, 0x000001f1c26feca0,
0x000001f1c26f34e0, 0x000001f1c2707670, 0x000001f1bfcfc0e0, 0x000001f1bfcfe840,
0x000001f1bfd01630, 0x000001f1bfcfb3c0, 0x000001f1bfcfad30, 0x000001f1bfd00fa0,
0x000001f1bfcfce00, 0x000001f1bfcfd490, 0x000001f1bfcfeed0, 0x000001f1bfd00280,
0x000001f1bfd01cc0, 0x000001f1bfd02350, 0x000001f1bfcfc770, 0x000001f1bfcfdb20,
0x000001f1bfcfe1b0, 0x000001f1c26f1410, 0x000001f1c26f0060, 0x000001f1c26ee620,
0x000001f1c26f1aa0, 0x000001f1c26f2130, 0x000001f1c26f3b70, 0x000001f1c26ef340,
0x000001f1c26f27c0, 0x000001f1c26f2e50, 0x000001f1c26f4200, 0x000001f1c26f4890,
0x000001f1c26ed900, 0x000001f1c26fc540, 0x000001f1c26f7680, 0x000001f1c26fcbd0,
0x000001f1c26fd260, 0x000001f1c26f9de0, 0x000001f1c26f62d0, 0x000001f1c26f7d10,
0x000001f1c26f6960, 0x000001f1c26fdf80, 0x000001f1c26fb190, 0x000001f1c26fab00,
0x000001f1c26fa470, 0x000001f1c26f6ff0, 0x000001f1c26fe610, 0x000001f1c26ff330,
0x000001f1c26fb820, 0x000001f1c26f83a0, 0x000001f1c2700050, 0x000001f1c27034d0,
0x000001f1c26ff9c0, 0x000001f1c27062c0, 0x000001f1c2702120, 0x000001f1c2706fe0,
0x000001f1c2701400, 0x000001f1c2706950, 0x000001f1c27006e0, 0x000001f1c2704880,
0x000001f1c2700d70, 0x000001f1c2701a90, 0x000001f1c2708a20, 0x000001f1c2708390,
0x000001f1c270b810, 0x000001f1c270bea0, 0x000001f1c2709740, 0x000001f1c2709dd0,
0x000001f1c270c530, 0x000001f1c270a460, 0x000001f1c27090b0, 0x000001f1c270aaf0,
0x000001f1bb26d490, 0x000001f1bb267220, 0x000001f1bb26ba50, 0x000001f1bb267f40,
0x000001f1bb2692f0, 0x000001f1bb266500, 0x000001f1bb2685d0, 0x000001f1bb269980,
0x000001f1bb26a010, 0x000001f1bb26db20, 0x000001f1bb26c0e0, 0x000001f1bb266b90,
0x000001f1bb26b3c0, 0x000001f1bb26a6a0, 0x000001f1bb26fbf0, 0x000001f1bb271cc0,
0x000001f1bb26c770, 0x000001f1bb270280, 0x000001f1bb26e1b0, 0x000001f1bb270910,
0x000001f1bb270fa0, 0x000001f1bb26ad30, 0x000001f1bb272350, 0x000001f1bb274ab0,
0x000001f1bb274420, 0x000001f1bb2729e0, 0x000001f1bb273070, 0x000001f1bb273700,
0x000001f1bb273d90, 0x000001f1bb275140, 0x000001f1c8a07440, 0x000001f1c8a00070,
0x000001f1c89f6960, 0x000001f1c89f2130, 0x000001f1c89f27c0, 0x000001f1c89f0060,
0x000001f1c89f8a30, 0x000001f1c89f34e0, 0x000001f1c89f4f20
}

Java Threads: ( => current thread )
  0x000001f19c760580 JavaThread "main"                              [_thread_blocked, id=8824, stack(0x000000a7f3a00000,0x000000a7f3b00000) (1024K)]
  0x000001f1ba0f2090 JavaThread "Reference Handler"          daemon [_thread_blocked, id=13644, stack(0x000000a7f4200000,0x000000a7f4300000) (1024K)]
  0x000001f1ba0f2db0 JavaThread "Finalizer"                  daemon [_thread_blocked, id=15664, stack(0x000000a7f4300000,0x000000a7f4400000) (1024K)]
  0x000001f1ba0fcbf0 JavaThread "Signal Dispatcher"          daemon [_thread_blocked, id=13720, stack(0x000000a7f4400000,0x000000a7f4500000) (1024K)]
  0x000001f1ba0fd650 JavaThread "Attach Listener"            daemon [_thread_blocked, id=18448, stack(0x000000a7f4500000,0x000000a7f4600000) (1024K)]
  0x000001f1ba0fe0b0 JavaThread "Service Thread"             daemon [_thread_blocked, id=8912, stack(0x000000a7f4600000,0x000000a7f4700000) (1024K)]
  0x000001f1ba0da760 JavaThread "Monitor Deflation Thread"   daemon [_thread_blocked, id=18456, stack(0x000000a7f4700000,0x000000a7f4800000) (1024K)]
  0x000001f1ba0db310 JavaThread "C2 CompilerThread0"         daemon [_thread_blocked, id=11436, stack(0x000000a7f4800000,0x000000a7f4900000) (1024K)]
  0x000001f1ba106f10 JavaThread "C1 CompilerThread0"         daemon [_thread_blocked, id=18964, stack(0x000000a7f4900000,0x000000a7f4a00000) (1024K)]
  0x000001f1ba195fe0 JavaThread "Common-Cleaner"             daemon [_thread_blocked, id=2596, stack(0x000000a7f4a00000,0x000000a7f4b00000) (1024K)]
  0x000001f1ba36b0d0 JavaThread "Notification Thread"        daemon [_thread_blocked, id=12184, stack(0x000000a7f4b00000,0x000000a7f4c00000) (1024K)]
  0x000001f1bbf66980 JavaThread "Daemon health stats"               [_thread_blocked, id=13712, stack(0x000000a7f5300000,0x000000a7f5400000) (1024K)]
  0x000001f1bbfe1610 JavaThread "Incoming local TCP Connector on port 58302"        [_thread_in_native, id=9328, stack(0x000000a7f5600000,0x000000a7f5700000) (1024K)]
  0x000001f1bc199850 JavaThread "Daemon periodic checks"            [_thread_blocked, id=15252, stack(0x000000a7f5700000,0x000000a7f5800000) (1024K)]
  0x000001f1bc0b2820 JavaThread "Cache worker for journal cache (C:\Users\dell\.gradle\caches\journal-1)"        [_thread_blocked, id=14044, stack(0x000000a7f6000000,0x000000a7f6100000) (1024K)]
  0x000001f1bc0b1b00 JavaThread "File lock request listener"        [_thread_in_native, id=17368, stack(0x000000a7f6100000,0x000000a7f6200000) (1024K)]
  0x000001f1bc0b3540 JavaThread "Cache worker for file hash cache (C:\Users\dell\.gradle\caches\8.10.2\fileHashes)"        [_thread_blocked, id=1984, stack(0x000000a7f6200000,0x000000a7f6300000) (1024K)]
  0x000001f1becfa2b0 JavaThread "File watcher server"        daemon [_thread_blocked, id=3300, stack(0x000000a7f6500000,0x000000a7f6600000) (1024K)]
  0x000001f1becf9590 JavaThread "File watcher consumer"      daemon [_thread_blocked, id=18224, stack(0x000000a7f6600000,0x000000a7f6700000) (1024K)]
  0x000001f1becf9c20 JavaThread "Cache worker for file content cache (C:\Users\dell\.gradle\caches\8.10.2\fileContent)"        [_thread_blocked, id=4052, stack(0x000000a7f6800000,0x000000a7f6900000) (1024K)]
  0x000001f1c241fd10 JavaThread "Memory manager"                    [_thread_blocked, id=12772, stack(0x000000a7f9500000,0x000000a7f9600000) (1024K)]
  0x000001f1c241b4e0 JavaThread "pool-3-thread-1"                   [_thread_blocked, id=18192, stack(0x000000a7f9700000,0x000000a7f9800000) (1024K)]
  0x000001f1bdfd6040 JavaThread "pool-6-thread-1"                   [_thread_blocked, id=2384, stack(0x000000a7f8500000,0x000000a7f8600000) (1024K)]
  0x000001f1bfcfba50 JavaThread "Cache worker for Java compile cache (C:\Users\dell\.gradle\caches\8.10.2\javaCompile)"        [_thread_blocked, id=11068, stack(0x000000a7faa00000,0x000000a7fab00000) (1024K)]
  0x000001f1c89ff330 JavaThread "pool-10-thread-1"                  [_thread_blocked, id=17416, stack(0x000000a7f8600000,0x000000a7f8700000) (1024K)]
  0x000001f1c89f55b0 JavaThread "pool-14-thread-1"                  [_thread_blocked, id=5184, stack(0x000000a7f8700000,0x000000a7f8800000) (1024K)]
  0x000001f1c7ee6680 JavaThread "pool-18-thread-1"                  [_thread_blocked, id=17844, stack(0x000000a7f8800000,0x000000a7f8900000) (1024K)]
  0x000001f1c7ee45b0 JavaThread "pool-22-thread-1"                  [_thread_blocked, id=12756, stack(0x000000a7f8b00000,0x000000a7f8c00000) (1024K)]
  0x000001f1c8c47f50 JavaThread "pool-25-thread-1"                  [_thread_blocked, id=12536, stack(0x000000a7f8900000,0x000000a7f8a00000) (1024K)]
  0x000001f1c8c45160 JavaThread "pool-29-thread-1"                  [_thread_blocked, id=18144, stack(0x000000a7f8400000,0x000000a7f8500000) (1024K)]
  0x000001f1bb26f560 JavaThread "pool-33-thread-1"                  [_thread_blocked, id=10620, stack(0x000000a7f8a00000,0x000000a7f8b00000) (1024K)]
  0x000001f1bb26eed0 JavaThread "pool-38-thread-1"                  [_thread_blocked, id=10896, stack(0x000000a7f8e00000,0x000000a7f8f00000) (1024K)]
  0x000001f1c8c43090 JavaThread "pool-43-thread-1"                  [_thread_blocked, id=19556, stack(0x000000a7f8c00000,0x000000a7f8d00000) (1024K)]
  0x000001f1bb268c60 JavaThread "pool-47-thread-1"                  [_thread_blocked, id=3356, stack(0x000000a7f8f00000,0x000000a7f9000000) (1024K)]
  0x000001f1c8c457f0 JavaThread "pool-51-thread-1"                  [_thread_blocked, id=16176, stack(0x000000a7f9000000,0x000000a7f9100000) (1024K)]
  0x000001f1bb2678b0 JavaThread "pool-54-thread-1"                  [_thread_blocked, id=9288, stack(0x000000a7f9100000,0x000000a7f9200000) (1024K)]
  0x000001f1c2703b60 JavaThread "pool-58-thread-1"                  [_thread_blocked, id=18388, stack(0x000000a7f8d00000,0x000000a7f8e00000) (1024K)]
  0x000001f1c26fd8f0 JavaThread "pool-62-thread-1"                  [_thread_blocked, id=12816, stack(0x000000a7f9200000,0x000000a7f9300000) (1024K)]
  0x000001f1c26f0d80 JavaThread "pool-66-thread-1"                  [_thread_blocked, id=17340, stack(0x000000a7f9300000,0x000000a7f9400000) (1024K)]
  0x000001f1c26f90c0 JavaThread "pool-70-thread-1"                  [_thread_blocked, id=2652, stack(0x000000a7f9400000,0x000000a7f9500000) (1024K)]
  0x000001f1c26f4f20 JavaThread "pool-74-thread-1"                  [_thread_blocked, id=8656, stack(0x000000a7f9600000,0x000000a7f9700000) (1024K)]
  0x000001f1c26f8a30 JavaThread "pool-78-thread-1"                  [_thread_blocked, id=7692, stack(0x000000a7f8300000,0x000000a7f8400000) (1024K)]
  0x000001f1c26eecb0 JavaThread "pool-82-thread-1"                  [_thread_blocked, id=17920, stack(0x000000a7f9a00000,0x000000a7f9b00000) (1024K)]
  0x000001f1c26fbeb0 JavaThread "pool-86-thread-1"                  [_thread_blocked, id=20288, stack(0x000000a7f9900000,0x000000a7f9a00000) (1024K)]
  0x000001f1c26f9750 JavaThread "pool-90-thread-1"                  [_thread_blocked, id=3224, stack(0x000000a7f9b00000,0x000000a7f9c00000) (1024K)]
  0x000001f1c26f5c40 JavaThread "pool-94-thread-1"                  [_thread_blocked, id=8616, stack(0x000000a7f9c00000,0x000000a7f9d00000) (1024K)]
  0x000001f1c26f06f0 JavaThread "pool-98-thread-1"                  [_thread_blocked, id=9788, stack(0x000000a7f9d00000,0x000000a7f9e00000) (1024K)]
  0x000001f1c26f55b0 JavaThread "pool-102-thread-1"                 [_thread_blocked, id=15648, stack(0x000000a7fa000000,0x000000a7fa100000) (1024K)]
  0x000001f1c26ef9d0 JavaThread "pool-106-thread-1"                 [_thread_blocked, id=13340, stack(0x000000a7f9800000,0x000000a7f9900000) (1024K)]
  0x000001f1c27055a0 JavaThread "pool-110-thread-1"                 [_thread_blocked, id=15012, stack(0x000000a7fa100000,0x000000a7fa200000) (1024K)]
  0x000001f1c26edf90 JavaThread "pool-114-thread-1"                 [_thread_blocked, id=18764, stack(0x000000a7f9f00000,0x000000a7fa000000) (1024K)]
  0x000001f1c26feca0 JavaThread "pool-118-thread-1"                 [_thread_blocked, id=18312, stack(0x000000a7fa200000,0x000000a7fa300000) (1024K)]
  0x000001f1c26f34e0 JavaThread "pool-122-thread-1"                 [_thread_blocked, id=12648, stack(0x000000a7fa500000,0x000000a7fa600000) (1024K)]
  0x000001f1c2707670 JavaThread "pool-126-thread-1"                 [_thread_blocked, id=20340, stack(0x000000a7fa400000,0x000000a7fa500000) (1024K)]
  0x000001f1bfcfc0e0 JavaThread "Daemon Thread 30"                  [_thread_blocked, id=15992, stack(0x000000a7f3700000,0x000000a7f3800000) (1024K)]
  0x000001f1bfcfe840 JavaThread "Handler for socket connection from /127.0.0.1:58302 to /127.0.0.1:52108"        [_thread_in_native, id=13116, stack(0x000000a7f3800000,0x000000a7f3900000) (1024K)]
  0x000001f1bfd01630 JavaThread "Cancel handler"                    [_thread_blocked, id=3932, stack(0x000000a7f3900000,0x000000a7f3a00000) (1024K)]
  0x000001f1bfcfb3c0 JavaThread "Daemon worker Thread 30"           [_thread_blocked, id=15772, stack(0x000000a7f4c00000,0x000000a7f4d00000) (1024K)]
  0x000001f1bfcfad30 JavaThread "Asynchronous log dispatcher for DefaultDaemonConnection: socket connection from /127.0.0.1:58302 to /127.0.0.1:52108"        [_thread_blocked, id=12148, stack(0x000000a7f4d00000,0x000000a7f4e00000) (1024K)]
  0x000001f1bfd00fa0 JavaThread "Stdin handler"                     [_thread_blocked, id=18068, stack(0x000000a7f5800000,0x000000a7f5900000) (1024K)]
  0x000001f1bfcfce00 JavaThread "Daemon client event forwarder"        [_thread_blocked, id=9504, stack(0x000000a7f5900000,0x000000a7f5a00000) (1024K)]
  0x000001f1bfcfd490 JavaThread "Cache worker for file hash cache (D:\Code\Project-Study\Stationery-android\StationeryShop\.gradle\8.10.2\fileHashes)"        [_thread_blocked, id=13976, stack(0x000000a7f5a00000,0x000000a7f5b00000) (1024K)]
  0x000001f1bfcfeed0 JavaThread "Cache worker for Build Output Cleanup Cache (D:\Code\Project-Study\Stationery-android\StationeryShop\.gradle\buildOutputCleanup)"        [_thread_blocked, id=14136, stack(0x000000a7f5b00000,0x000000a7f5c00000) (1024K)]
  0x000001f1bfd00280 JavaThread "Cache worker for checksums cache (D:\Code\Project-Study\Stationery-android\StationeryShop\.gradle\8.10.2\checksums)"        [_thread_blocked, id=13604, stack(0x000000a7f5c00000,0x000000a7f5d00000) (1024K)]
  0x000001f1bfd01cc0 JavaThread "Cache worker for cache directory md-rule (C:\Users\dell\.gradle\caches\8.10.2\md-rule)"        [_thread_blocked, id=7776, stack(0x000000a7f5d00000,0x000000a7f5e00000) (1024K)]
  0x000001f1bfd02350 JavaThread "Cache worker for cache directory md-supplier (C:\Users\dell\.gradle\caches\8.10.2\md-supplier)"        [_thread_blocked, id=15604, stack(0x000000a7f5e00000,0x000000a7f5f00000) (1024K)]
  0x000001f1bfcfc770 JavaThread "Unconstrained build operations"        [_thread_blocked, id=5356, stack(0x000000a7f6300000,0x000000a7f6400000) (1024K)]
  0x000001f1bfcfdb20 JavaThread "Unconstrained build operations Thread 2"        [_thread_blocked, id=19784, stack(0x000000a7f6400000,0x000000a7f6500000) (1024K)]
  0x000001f1bfcfe1b0 JavaThread "Unconstrained build operations Thread 3"        [_thread_blocked, id=19976, stack(0x000000a7f6700000,0x000000a7f6800000) (1024K)]
  0x000001f1c26f1410 JavaThread "Unconstrained build operations Thread 4"        [_thread_blocked, id=6572, stack(0x000000a7f6900000,0x000000a7f6a00000) (1024K)]
  0x000001f1c26f0060 JavaThread "Unconstrained build operations Thread 5"        [_thread_blocked, id=9904, stack(0x000000a7f6a00000,0x000000a7f6b00000) (1024K)]
  0x000001f1c26ee620 JavaThread "Unconstrained build operations Thread 6"        [_thread_blocked, id=12828, stack(0x000000a7f6b00000,0x000000a7f6c00000) (1024K)]
  0x000001f1c26f1aa0 JavaThread "Unconstrained build operations Thread 7"        [_thread_blocked, id=15900, stack(0x000000a7f6c00000,0x000000a7f6d00000) (1024K)]
  0x000001f1c26f2130 JavaThread "Unconstrained build operations Thread 8"        [_thread_blocked, id=7200, stack(0x000000a7f6d00000,0x000000a7f6e00000) (1024K)]
  0x000001f1c26f3b70 JavaThread "Unconstrained build operations Thread 9"        [_thread_blocked, id=904, stack(0x000000a7f6e00000,0x000000a7f6f00000) (1024K)]
  0x000001f1c26ef340 JavaThread "Unconstrained build operations Thread 10"        [_thread_blocked, id=12324, stack(0x000000a7f6f00000,0x000000a7f7000000) (1024K)]
  0x000001f1c26f27c0 JavaThread "Unconstrained build operations Thread 11"        [_thread_blocked, id=16812, stack(0x000000a7f7000000,0x000000a7f7100000) (1024K)]
  0x000001f1c26f2e50 JavaThread "Unconstrained build operations Thread 12"        [_thread_blocked, id=17356, stack(0x000000a7f7100000,0x000000a7f7200000) (1024K)]
  0x000001f1c26f4200 JavaThread "Unconstrained build operations Thread 13"        [_thread_blocked, id=13136, stack(0x000000a7f7200000,0x000000a7f7300000) (1024K)]
  0x000001f1c26f4890 JavaThread "Unconstrained build operations Thread 14"        [_thread_blocked, id=12332, stack(0x000000a7f7300000,0x000000a7f7400000) (1024K)]
  0x000001f1c26ed900 JavaThread "Unconstrained build operations Thread 15"        [_thread_blocked, id=16340, stack(0x000000a7f7400000,0x000000a7f7500000) (1024K)]
  0x000001f1c26fc540 JavaThread "Unconstrained build operations Thread 16"        [_thread_blocked, id=19504, stack(0x000000a7f7500000,0x000000a7f7600000) (1024K)]
  0x000001f1c26f7680 JavaThread "Unconstrained build operations Thread 17"        [_thread_blocked, id=18712, stack(0x000000a7f7600000,0x000000a7f7700000) (1024K)]
  0x000001f1c26fcbd0 JavaThread "Unconstrained build operations Thread 18"        [_thread_blocked, id=18072, stack(0x000000a7f7700000,0x000000a7f7800000) (1024K)]
  0x000001f1c26fd260 JavaThread "Unconstrained build operations Thread 19"        [_thread_blocked, id=15568, stack(0x000000a7f7800000,0x000000a7f7900000) (1024K)]
  0x000001f1c26f9de0 JavaThread "Unconstrained build operations Thread 20"        [_thread_blocked, id=6092, stack(0x000000a7f7900000,0x000000a7f7a00000) (1024K)]
  0x000001f1c26f62d0 JavaThread "Unconstrained build operations Thread 21"        [_thread_blocked, id=18892, stack(0x000000a7f7a00000,0x000000a7f7b00000) (1024K)]
  0x000001f1c26f7d10 JavaThread "Unconstrained build operations Thread 22"        [_thread_blocked, id=15656, stack(0x000000a7f7b00000,0x000000a7f7c00000) (1024K)]
  0x000001f1c26f6960 JavaThread "Unconstrained build operations Thread 23"        [_thread_blocked, id=7408, stack(0x000000a7f7c00000,0x000000a7f7d00000) (1024K)]
  0x000001f1c26fdf80 JavaThread "Unconstrained build operations Thread 24"        [_thread_blocked, id=10848, stack(0x000000a7f7d00000,0x000000a7f7e00000) (1024K)]
  0x000001f1c26fb190 JavaThread "Unconstrained build operations Thread 25"        [_thread_blocked, id=18064, stack(0x000000a7f7e00000,0x000000a7f7f00000) (1024K)]
  0x000001f1c26fab00 JavaThread "Unconstrained build operations Thread 26"        [_thread_blocked, id=19788, stack(0x000000a7f7f00000,0x000000a7f8000000) (1024K)]
  0x000001f1c26fa470 JavaThread "Unconstrained build operations Thread 27"        [_thread_blocked, id=17180, stack(0x000000a7f8000000,0x000000a7f8100000) (1024K)]
  0x000001f1c26f6ff0 JavaThread "Unconstrained build operations Thread 28"        [_thread_blocked, id=5956, stack(0x000000a7f8100000,0x000000a7f8200000) (1024K)]
  0x000001f1c26fe610 JavaThread "build event listener"              [_thread_blocked, id=8768, stack(0x000000a7f8200000,0x000000a7f8300000) (1024K)]
  0x000001f1c26ff330 JavaThread "pool-131-thread-1"                 [_thread_blocked, id=6096, stack(0x000000a7f9e00000,0x000000a7f9f00000) (1024K)]
  0x000001f1c26fb820 JavaThread "build event listener"              [_thread_blocked, id=19552, stack(0x000000a7fa300000,0x000000a7fa400000) (1024K)]
  0x000001f1c26f83a0 JavaThread "included builds"                   [_thread_blocked, id=9760, stack(0x000000a7fa600000,0x000000a7fa700000) (1024K)]
  0x000001f1c2700050 JavaThread "Execution worker"                  [_thread_blocked, id=8728, stack(0x000000a7fa700000,0x000000a7fa800000) (1024K)]
  0x000001f1c27034d0 JavaThread "Execution worker Thread 2"         [_thread_blocked, id=11204, stack(0x000000a7fa800000,0x000000a7fa900000) (1024K)]
  0x000001f1c26ff9c0 JavaThread "Execution worker Thread 3"         [_thread_blocked, id=15304, stack(0x000000a7fa900000,0x000000a7faa00000) (1024K)]
  0x000001f1c27062c0 JavaThread "Execution worker Thread 4"         [_thread_blocked, id=10968, stack(0x000000a7fab00000,0x000000a7fac00000) (1024K)]
  0x000001f1c2702120 JavaThread "Execution worker Thread 5"         [_thread_blocked, id=5344, stack(0x000000a7fac00000,0x000000a7fad00000) (1024K)]
  0x000001f1c2706fe0 JavaThread "Execution worker Thread 6"         [_thread_blocked, id=14072, stack(0x000000a7fad00000,0x000000a7fae00000) (1024K)]
  0x000001f1c2701400 JavaThread "Execution worker Thread 7"         [_thread_blocked, id=15796, stack(0x000000a7fae00000,0x000000a7faf00000) (1024K)]
  0x000001f1c2706950 JavaThread "Cache worker for execution history cache (D:\Code\Project-Study\Stationery-android\StationeryShop\.gradle\8.10.2\executionHistory)"        [_thread_blocked, id=19256, stack(0x000000a7faf00000,0x000000a7fb000000) (1024K)]
  0x000001f1c27006e0 JavaThread "Unconstrained build operations Thread 29"        [_thread_blocked, id=10020, stack(0x000000a7fb000000,0x000000a7fb100000) (1024K)]
  0x000001f1c2704880 JavaThread "Unconstrained build operations Thread 30"        [_thread_blocked, id=16720, stack(0x000000a7fb100000,0x000000a7fb200000) (1024K)]
  0x000001f1c2700d70 JavaThread "Unconstrained build operations Thread 31"        [_thread_blocked, id=12596, stack(0x000000a7fb200000,0x000000a7fb300000) (1024K)]
  0x000001f1c2701a90 JavaThread "Unconstrained build operations Thread 32"        [_thread_blocked, id=6208, stack(0x000000a7fb300000,0x000000a7fb400000) (1024K)]
  0x000001f1c2708a20 JavaThread "Unconstrained build operations Thread 33"        [_thread_blocked, id=16584, stack(0x000000a7fb400000,0x000000a7fb500000) (1024K)]
  0x000001f1c2708390 JavaThread "Unconstrained build operations Thread 34"        [_thread_blocked, id=16556, stack(0x000000a7fb500000,0x000000a7fb600000) (1024K)]
  0x000001f1c270b810 JavaThread "Unconstrained build operations Thread 35"        [_thread_blocked, id=15904, stack(0x000000a7fb600000,0x000000a7fb700000) (1024K)]
  0x000001f1c270bea0 JavaThread "Unconstrained build operations Thread 36"        [_thread_blocked, id=12368, stack(0x000000a7fb700000,0x000000a7fb800000) (1024K)]
  0x000001f1c2709740 JavaThread "Unconstrained build operations Thread 37"        [_thread_blocked, id=10008, stack(0x000000a7fb800000,0x000000a7fb900000) (1024K)]
  0x000001f1c2709dd0 JavaThread "Unconstrained build operations Thread 38"        [_thread_blocked, id=5032, stack(0x000000a7fb900000,0x000000a7fba00000) (1024K)]
  0x000001f1c270c530 JavaThread "Unconstrained build operations Thread 39"        [_thread_blocked, id=12904, stack(0x000000a7fba00000,0x000000a7fbb00000) (1024K)]
  0x000001f1c270a460 JavaThread "Unconstrained build operations Thread 40"        [_thread_blocked, id=13916, stack(0x000000a7fbb00000,0x000000a7fbc00000) (1024K)]
  0x000001f1c27090b0 JavaThread "Unconstrained build operations Thread 41"        [_thread_blocked, id=7008, stack(0x000000a7fbc00000,0x000000a7fbd00000) (1024K)]
  0x000001f1c270aaf0 JavaThread "Unconstrained build operations Thread 42"        [_thread_blocked, id=7968, stack(0x000000a7fbd00000,0x000000a7fbe00000) (1024K)]
  0x000001f1bb26d490 JavaThread "Unconstrained build operations Thread 43"        [_thread_blocked, id=2376, stack(0x000000a7fbe00000,0x000000a7fbf00000) (1024K)]
  0x000001f1bb267220 JavaThread "Unconstrained build operations Thread 44"        [_thread_blocked, id=10812, stack(0x000000a7fbf00000,0x000000a7fc000000) (1024K)]
  0x000001f1bb26ba50 JavaThread "Unconstrained build operations Thread 45"        [_thread_blocked, id=15296, stack(0x000000a7fc000000,0x000000a7fc100000) (1024K)]
  0x000001f1bb267f40 JavaThread "Unconstrained build operations Thread 46"        [_thread_blocked, id=13028, stack(0x000000a7fc100000,0x000000a7fc200000) (1024K)]
  0x000001f1bb2692f0 JavaThread "Unconstrained build operations Thread 47"        [_thread_blocked, id=18876, stack(0x000000a7fc200000,0x000000a7fc300000) (1024K)]
  0x000001f1bb266500 JavaThread "Unconstrained build operations Thread 48"        [_thread_blocked, id=8224, stack(0x000000a7fc300000,0x000000a7fc400000) (1024K)]
  0x000001f1bb2685d0 JavaThread "Unconstrained build operations Thread 49"        [_thread_blocked, id=12164, stack(0x000000a7fc400000,0x000000a7fc500000) (1024K)]
  0x000001f1bb269980 JavaThread "Unconstrained build operations Thread 50"        [_thread_blocked, id=4928, stack(0x000000a7fc500000,0x000000a7fc600000) (1024K)]
  0x000001f1bb26a010 JavaThread "Unconstrained build operations Thread 51"        [_thread_blocked, id=3576, stack(0x000000a7fc600000,0x000000a7fc700000) (1024K)]
  0x000001f1bb26db20 JavaThread "Unconstrained build operations Thread 52"        [_thread_blocked, id=5572, stack(0x000000a7fc700000,0x000000a7fc800000) (1024K)]
  0x000001f1bb26c0e0 JavaThread "Build operations"                  [_thread_blocked, id=11376, stack(0x000000a7fc900000,0x000000a7fca00000) (1024K)]
  0x000001f1bb266b90 JavaThread "Build operations Thread 2"         [_thread_blocked, id=11416, stack(0x000000a7fca00000,0x000000a7fcb00000) (1024K)]
  0x000001f1bb26b3c0 JavaThread "Build operations Thread 3"         [_thread_blocked, id=15744, stack(0x000000a7fcb00000,0x000000a7fcc00000) (1024K)]
  0x000001f1bb26a6a0 JavaThread "Build operations Thread 4"         [_thread_blocked, id=16136, stack(0x000000a7fcc00000,0x000000a7fcd00000) (1024K)]
  0x000001f1bb26fbf0 JavaThread "Build operations Thread 5"         [_thread_blocked, id=17760, stack(0x000000a7fcd00000,0x000000a7fce00000) (1024K)]
  0x000001f1bb271cc0 JavaThread "Build operations Thread 6"         [_thread_blocked, id=1664, stack(0x000000a7fce00000,0x000000a7fcf00000) (1024K)]
  0x000001f1bb26c770 JavaThread "Build operations Thread 7"         [_thread_blocked, id=2924, stack(0x000000a7fcf00000,0x000000a7fd000000) (1024K)]
  0x000001f1bb270280 JavaThread "Unconstrained build operations Thread 53"        [_thread_blocked, id=11340, stack(0x000000a7fc800000,0x000000a7fc900000) (1024K)]
  0x000001f1bb26e1b0 JavaThread "Unconstrained build operations Thread 54"        [_thread_blocked, id=14780, stack(0x000000a7fd000000,0x000000a7fd100000) (1024K)]
  0x000001f1bb270910 JavaThread "Unconstrained build operations Thread 55"        [_thread_blocked, id=14388, stack(0x000000a7fd100000,0x000000a7fd200000) (1024K)]
  0x000001f1bb270fa0 JavaThread "Unconstrained build operations Thread 56"        [_thread_blocked, id=11792, stack(0x000000a7fd200000,0x000000a7fd300000) (1024K)]
  0x000001f1bb26ad30 JavaThread "WorkerExecutor Queue"              [_thread_blocked, id=11868, stack(0x000000a7fd300000,0x000000a7fd400000) (1024K)]
  0x000001f1bb272350 JavaThread "WorkerExecutor Queue Thread 2"        [_thread_blocked, id=8672, stack(0x000000a7fd400000,0x000000a7fd500000) (1024K)]
  0x000001f1bb274ab0 JavaThread "WorkerExecutor Queue Thread 3"        [_thread_blocked, id=18628, stack(0x000000a7fd500000,0x000000a7fd600000) (1024K)]
  0x000001f1bb274420 JavaThread "WorkerExecutor Queue Thread 4"        [_thread_blocked, id=7220, stack(0x000000a7fd600000,0x000000a7fd700000) (1024K)]
  0x000001f1bb2729e0 JavaThread "WorkerExecutor Queue Thread 5"        [_thread_blocked, id=14940, stack(0x000000a7fd700000,0x000000a7fd800000) (1024K)]
  0x000001f1bb273070 JavaThread "WorkerExecutor Queue Thread 6"        [_thread_blocked, id=14060, stack(0x000000a7fd800000,0x000000a7fd900000) (1024K)]
  0x000001f1bb273700 JavaThread "WorkerExecutor Queue Thread 7"        [_thread_blocked, id=9524, stack(0x000000a7fd900000,0x000000a7fda00000) (1024K)]
  0x000001f1bb273d90 JavaThread "WorkerExecutor Queue Thread 8"        [_thread_blocked, id=13252, stack(0x000000a7fda00000,0x000000a7fdb00000) (1024K)]
  0x000001f1bb275140 JavaThread "WorkerExecutor Queue Thread 9"        [_thread_blocked, id=7152, stack(0x000000a7fdb00000,0x000000a7fdc00000) (1024K)]
  0x000001f1c8a07440 JavaThread "C2 CompilerThread1"         daemon [_thread_blocked, id=4956, stack(0x000000a7fdc00000,0x000000a7fdd00000) (1024K)]
  0x000001f1c8a00070 JavaThread "C2 CompilerThread2"         daemon [_thread_blocked, id=16724, stack(0x000000a7fdd00000,0x000000a7fde00000) (1024K)]
  0x000001f1c89f6960 JavaThread "ForkJoinPool.commonPool-worker-171" daemon [_thread_blocked, id=17620, stack(0x000000a7fde00000,0x000000a7fdf00000) (1024K)]
  0x000001f1c89f2130 JavaThread "ForkJoinPool.commonPool-worker-172" daemon [_thread_blocked, id=20320, stack(0x000000a7fdf00000,0x000000a7fe000000) (1024K)]
  0x000001f1c89f27c0 JavaThread "ForkJoinPool.commonPool-worker-173" daemon [_thread_blocked, id=7916, stack(0x000000a7fe000000,0x000000a7fe100000) (1024K)]
  0x000001f1c89f0060 JavaThread "ForkJoinPool.commonPool-worker-174" daemon [_thread_blocked, id=7088, stack(0x000000a7fe100000,0x000000a7fe200000) (1024K)]
  0x000001f1c89f8a30 JavaThread "ForkJoinPool.commonPool-worker-175" daemon [_thread_blocked, id=2260, stack(0x000000a7fe200000,0x000000a7fe300000) (1024K)]
  0x000001f1c89f34e0 JavaThread "ForkJoinPool.commonPool-worker-176" daemon [_thread_blocked, id=6396, stack(0x000000a7fe300000,0x000000a7fe400000) (1024K)]
  0x000001f1c89f4f20 JavaThread "ForkJoinPool.commonPool-worker-177" daemon [_thread_blocked, id=3344, stack(0x000000a7fe400000,0x000000a7fe500000) (1024K)]
Total: 159

Other Threads:
=>0x000001f1ba080ad0 VMThread "VM Thread"                           [id=17720, stack(0x000000a7f4100000,0x000000a7f4200000) (1024K)]
  0x000001f1b5df3610 WatcherThread "VM Periodic Task Thread"        [id=17788, stack(0x000000a7f4000000,0x000000a7f4100000) (1024K)]
  0x000001f19c7b9c60 WorkerThread "GC Thread#0"                     [id=17992, stack(0x000000a7f3b00000,0x000000a7f3c00000) (1024K)]
  0x000001f1baa2efa0 WorkerThread "GC Thread#1"                     [id=15720, stack(0x000000a7f4e00000,0x000000a7f4f00000) (1024K)]
  0x000001f1ba86abb0 WorkerThread "GC Thread#2"                     [id=7284, stack(0x000000a7f4f00000,0x000000a7f5000000) (1024K)]
  0x000001f1badb01c0 WorkerThread "GC Thread#3"                     [id=5712, stack(0x000000a7f5000000,0x000000a7f5100000) (1024K)]
  0x000001f1badb0560 WorkerThread "GC Thread#4"                     [id=18700, stack(0x000000a7f5100000,0x000000a7f5200000) (1024K)]
  0x000001f1badc8b00 WorkerThread "GC Thread#5"                     [id=15456, stack(0x000000a7f5200000,0x000000a7f5300000) (1024K)]
  0x000001f1bc1d1c30 WorkerThread "GC Thread#6"                     [id=1252, stack(0x000000a7f5400000,0x000000a7f5500000) (1024K)]
  0x000001f1bc1aea00 WorkerThread "GC Thread#7"                     [id=16932, stack(0x000000a7f5500000,0x000000a7f5600000) (1024K)]
  0x000001f19c7cab50 ConcurrentGCThread "G1 Main Marker"            [id=12644, stack(0x000000a7f3c00000,0x000000a7f3d00000) (1024K)]
  0x000001f19c7cb560 WorkerThread "G1 Conc#0"                       [id=12952, stack(0x000000a7f3d00000,0x000000a7f3e00000) (1024K)]
  0x000001f1bc04e1f0 WorkerThread "G1 Conc#1"                       [id=9692, stack(0x000000a7f5f00000,0x000000a7f6000000) (1024K)]
  0x000001f1b5cc1a80 ConcurrentGCThread "G1 Refine#0"               [id=17836, stack(0x000000a7f3e00000,0x000000a7f3f00000) (1024K)]
  0x000001f1b5cc42b0 ConcurrentGCThread "G1 Service"                [id=18512, stack(0x000000a7f3f00000,0x000000a7f4000000) (1024K)]
Total: 15

Threads with active compile tasks:
Total: 0

VM state: at safepoint (normal execution)

VM Mutex/Monitor currently owned by a thread:  ([mutex/lock_event])
[0x00007ffb2b4d72f8] Threads_lock - owner thread: 0x000001f1ba080ad0
[0x00007ffb2b4d73f8] Heap_lock - owner thread: 0x000001f19c7cab50

Heap address: 0x0000000080000000, size: 2048 MB, Compressed Oops mode: 32-bit

CDS archive(s) not mapped
Compressed class space mapped at: 0x0000000100000000-0x0000000140000000, reserved size: 1073741824
Narrow klass base: 0x0000000000000000, Narrow klass shift: 3, Narrow klass range: 0x140000000

GC Precious Log:
 CardTable entry size: 512
 Card Set container configuration: InlinePtr #cards 5 size 8 Array Of Cards #cards 12 size 40 Howl #buckets 4 coarsen threshold 1843 Howl Bitmap #cards 512 size 80 coarsen threshold 460 Card regions per heap region 1 cards per card region 2048
 CPUs: 8 total, 8 available
 Memory: 16118M
 Large Page Support: Disabled
 NUMA Support: Disabled
 Compressed Oops: Enabled (32-bit)
 Heap Region Size: 1M
 Heap Min Capacity: 8M
 Heap Initial Capacity: 252M
 Heap Max Capacity: 2G
 Pre-touch: Disabled
 Parallel Workers: 8
 Concurrent Workers: 2
 Concurrent Refinement Workers: 8
 Periodic GC: Disabled

Heap:
 garbage-first heap   total 602112K, used 414123K [0x0000000080000000, 0x0000000100000000)
  region size 1024K, 19 young (19456K), 16 survivors (16384K)
 Metaspace       used 171853K, committed 174208K, reserved 1245184K
  class space    used 21239K, committed 22464K, reserved 1048576K

Heap Regions: E=young(eden), S=young(survivor), O=old, HS=humongous(starts), HC=humongous(continues), CS=collection set, F=free, TAMS=top-at-mark-start, PB=parsable bottom
|   0|0x0000000080000000, 0x0000000080100000, 0x0000000080100000|100%| O|  |TAMS 0x0000000080100000| PB 0x0000000080100000| Untracked 
|   1|0x0000000080100000, 0x0000000080200000, 0x0000000080200000|100%| O|  |TAMS 0x0000000080200000| PB 0x0000000080200000| Updating 
|   2|0x0000000080200000, 0x0000000080300000, 0x0000000080300000|100%|HS|  |TAMS 0x0000000080300000| PB 0x0000000080200000| Complete 
|   3|0x0000000080300000, 0x0000000080400000, 0x0000000080400000|100%|HC|  |TAMS 0x0000000080400000| PB 0x0000000080300000| Complete 
|   4|0x0000000080400000, 0x0000000080500000, 0x0000000080500000|100%|HC|  |TAMS 0x0000000080500000| PB 0x0000000080400000| Complete 
|   5|0x0000000080500000, 0x0000000080600000, 0x0000000080600000|100%|HC|  |TAMS 0x0000000080600000| PB 0x0000000080500000| Complete 
|   6|0x0000000080600000, 0x0000000080700000, 0x0000000080700000|100%| O|  |TAMS 0x0000000080700000| PB 0x0000000080700000| Updating 
|   7|0x0000000080700000, 0x0000000080800000, 0x0000000080800000|100%| O|  |TAMS 0x0000000080800000| PB 0x0000000080800000| Untracked 
|   8|0x0000000080800000, 0x0000000080900000, 0x0000000080900000|100%| O|  |TAMS 0x0000000080900000| PB 0x0000000080900000| Untracked 
|   9|0x0000000080900000, 0x0000000080a00000, 0x0000000080a00000|100%|HS|  |TAMS 0x0000000080a00000| PB 0x0000000080900000| Complete 
|  10|0x0000000080a00000, 0x0000000080b00000, 0x0000000080b00000|100%| O|  |TAMS 0x0000000080b00000| PB 0x0000000080b00000| Untracked 
|  11|0x0000000080b00000, 0x0000000080c00000, 0x0000000080c00000|100%| O|  |TAMS 0x0000000080c00000| PB 0x0000000080c00000| Untracked 
|  12|0x0000000080c00000, 0x0000000080d00000, 0x0000000080d00000|100%| O|  |TAMS 0x0000000080d00000| PB 0x0000000080d00000| Updating 
|  13|0x0000000080d00000, 0x0000000080e00000, 0x0000000080e00000|100%|HS|  |TAMS 0x0000000080d00000| PB 0x0000000080d00000| Complete 
|  14|0x0000000080e00000, 0x0000000080f00000, 0x0000000080f00000|100%| O|  |TAMS 0x0000000080f00000| PB 0x0000000080f00000| Untracked 
|  15|0x0000000080f00000, 0x0000000081000000, 0x0000000081000000|100%| O|  |TAMS 0x0000000081000000| PB 0x0000000081000000| Untracked 
|  16|0x0000000081000000, 0x0000000081100000, 0x0000000081100000|100%| O|  |TAMS 0x0000000081100000| PB 0x0000000081100000| Untracked 
|  17|0x0000000081100000, 0x0000000081200000, 0x0000000081200000|100%| O|  |TAMS 0x0000000081200000| PB 0x0000000081200000| Untracked 
|  18|0x0000000081200000, 0x0000000081300000, 0x0000000081300000|100%| O|  |TAMS 0x0000000081300000| PB 0x0000000081300000| Untracked 
|  19|0x0000000081300000, 0x0000000081400000, 0x0000000081400000|100%| O|  |TAMS 0x0000000081400000| PB 0x0000000081400000| Untracked 
|  20|0x0000000081400000, 0x0000000081500000, 0x0000000081500000|100%| O|  |TAMS 0x0000000081500000| PB 0x0000000081500000| Untracked 
|  21|0x0000000081500000, 0x0000000081600000, 0x0000000081600000|100%| O|  |TAMS 0x0000000081600000| PB 0x0000000081600000| Updating 
|  22|0x0000000081600000, 0x0000000081700000, 0x0000000081700000|100%| O|  |TAMS 0x0000000081700000| PB 0x0000000081700000| Updating 
|  23|0x0000000081700000, 0x0000000081800000, 0x0000000081800000|100%| O|  |TAMS 0x0000000081800000| PB 0x0000000081800000| Updating 
|  24|0x0000000081800000, 0x0000000081900000, 0x0000000081900000|100%| O|  |TAMS 0x0000000081900000| PB 0x0000000081900000| Updating 
|  25|0x0000000081900000, 0x0000000081a00000, 0x0000000081a00000|100%| O|  |TAMS 0x0000000081a00000| PB 0x0000000081a00000| Updating 
|  26|0x0000000081a00000, 0x0000000081b00000, 0x0000000081b00000|100%| O|  |TAMS 0x0000000081b00000| PB 0x0000000081b00000| Updating 
|  27|0x0000000081b00000, 0x0000000081c00000, 0x0000000081c00000|100%| O|  |TAMS 0x0000000081c00000| PB 0x0000000081c00000| Updating 
|  28|0x0000000081c00000, 0x0000000081d00000, 0x0000000081d00000|100%| O|  |TAMS 0x0000000081d00000| PB 0x0000000081d00000| Updating 
|  29|0x0000000081d00000, 0x0000000081e00000, 0x0000000081e00000|100%| O|  |TAMS 0x0000000081e00000| PB 0x0000000081e00000| Untracked 
|  30|0x0000000081e00000, 0x0000000081f00000, 0x0000000081f00000|100%| O|  |TAMS 0x0000000081f00000| PB 0x0000000081f00000| Untracked 
|  31|0x0000000081f00000, 0x0000000082000000, 0x0000000082000000|100%| O|  |TAMS 0x0000000082000000| PB 0x0000000082000000| Updating 
|  32|0x0000000082000000, 0x0000000082100000, 0x0000000082100000|100%| O|  |TAMS 0x0000000082100000| PB 0x0000000082100000| Updating 
|  33|0x0000000082100000, 0x0000000082200000, 0x0000000082200000|100%| O|  |TAMS 0x0000000082200000| PB 0x0000000082200000| Updating 
|  34|0x0000000082200000, 0x0000000082300000, 0x0000000082300000|100%| O|  |TAMS 0x0000000082300000| PB 0x0000000082300000| Untracked 
|  35|0x0000000082300000, 0x0000000082400000, 0x0000000082400000|100%| O|  |TAMS 0x0000000082400000| PB 0x0000000082400000| Untracked 
|  36|0x0000000082400000, 0x0000000082500000, 0x0000000082500000|100%| O|  |TAMS 0x0000000082500000| PB 0x0000000082500000| Untracked 
|  37|0x0000000082500000, 0x0000000082600000, 0x0000000082600000|100%| O|  |TAMS 0x0000000082600000| PB 0x0000000082600000| Updating 
|  38|0x0000000082600000, 0x0000000082700000, 0x0000000082700000|100%|HS|  |TAMS 0x0000000082700000| PB 0x0000000082600000| Complete 
|  39|0x0000000082700000, 0x0000000082800000, 0x0000000082800000|100%|HS|  |TAMS 0x0000000082800000| PB 0x0000000082700000| Complete 
|  40|0x0000000082800000, 0x0000000082900000, 0x0000000082900000|100%|HS|  |TAMS 0x0000000082900000| PB 0x0000000082800000| Complete 
|  41|0x0000000082900000, 0x0000000082a00000, 0x0000000082a00000|100%|HS|  |TAMS 0x0000000082a00000| PB 0x0000000082900000| Complete 
|  42|0x0000000082a00000, 0x0000000082b00000, 0x0000000082b00000|100%| O|  |TAMS 0x0000000082b00000| PB 0x0000000082b00000| Untracked 
|  43|0x0000000082b00000, 0x0000000082c00000, 0x0000000082c00000|100%|HS|  |TAMS 0x0000000082c00000| PB 0x0000000082b00000| Complete 
|  44|0x0000000082c00000, 0x0000000082d00000, 0x0000000082d00000|100%|HS|  |TAMS 0x0000000082d00000| PB 0x0000000082c00000| Complete 
|  45|0x0000000082d00000, 0x0000000082e00000, 0x0000000082e00000|100%| O|  |TAMS 0x0000000082e00000| PB 0x0000000082e00000| Updating 
|  46|0x0000000082e00000, 0x0000000082f00000, 0x0000000082f00000|100%| O|  |TAMS 0x0000000082f00000| PB 0x0000000082f00000| Untracked 
|  47|0x0000000082f00000, 0x0000000083000000, 0x0000000083000000|100%| O|  |TAMS 0x0000000083000000| PB 0x0000000083000000| Untracked 
|  48|0x0000000083000000, 0x0000000083100000, 0x0000000083100000|100%| O|  |TAMS 0x0000000083100000| PB 0x0000000083100000| Untracked 
|  49|0x0000000083100000, 0x0000000083200000, 0x0000000083200000|100%| O|  |TAMS 0x0000000083200000| PB 0x0000000083200000| Untracked 
|  50|0x0000000083200000, 0x0000000083300000, 0x0000000083300000|100%| O|  |TAMS 0x0000000083300000| PB 0x0000000083300000| Updating 
|  51|0x0000000083300000, 0x0000000083400000, 0x0000000083400000|100%| O|  |TAMS 0x0000000083400000| PB 0x0000000083400000| Untracked 
|  52|0x0000000083400000, 0x0000000083500000, 0x0000000083500000|100%| O|  |TAMS 0x0000000083500000| PB 0x0000000083500000| Updating 
|  53|0x0000000083500000, 0x0000000083600000, 0x0000000083600000|100%| O|  |TAMS 0x0000000083600000| PB 0x0000000083600000| Untracked 
|  54|0x0000000083600000, 0x0000000083700000, 0x0000000083700000|100%| O|  |TAMS 0x0000000083700000| PB 0x0000000083700000| Updating 
|  55|0x0000000083700000, 0x0000000083800000, 0x0000000083800000|100%| O|  |TAMS 0x0000000083800000| PB 0x0000000083800000| Updating 
|  56|0x0000000083800000, 0x0000000083900000, 0x0000000083900000|100%| O|  |TAMS 0x0000000083900000| PB 0x0000000083900000| Updating 
|  57|0x0000000083900000, 0x0000000083a00000, 0x0000000083a00000|100%| O|  |TAMS 0x0000000083a00000| PB 0x0000000083a00000| Updating 
|  58|0x0000000083a00000, 0x0000000083b00000, 0x0000000083b00000|100%| O|  |TAMS 0x0000000083b00000| PB 0x0000000083b00000| Updating 
|  59|0x0000000083b00000, 0x0000000083c00000, 0x0000000083c00000|100%|HS|  |TAMS 0x0000000083c00000| PB 0x0000000083b00000| Complete 
|  60|0x0000000083c00000, 0x0000000083d00000, 0x0000000083d00000|100%| O|  |TAMS 0x0000000083d00000| PB 0x0000000083d00000| Updating 
|  61|0x0000000083d00000, 0x0000000083e00000, 0x0000000083e00000|100%| O|  |TAMS 0x0000000083e00000| PB 0x0000000083e00000| Untracked 
|  62|0x0000000083e00000, 0x0000000083f00000, 0x0000000083f00000|100%| O|  |TAMS 0x0000000083f00000| PB 0x0000000083f00000| Untracked 
|  63|0x0000000083f00000, 0x0000000084000000, 0x0000000084000000|100%| O|  |TAMS 0x0000000084000000| PB 0x0000000084000000| Untracked 
|  64|0x0000000084000000, 0x0000000084100000, 0x0000000084100000|100%| O|  |TAMS 0x0000000084100000| PB 0x0000000084100000| Updating 
|  65|0x0000000084100000, 0x0000000084200000, 0x0000000084200000|100%| O|  |TAMS 0x0000000084200000| PB 0x0000000084200000| Untracked 
|  66|0x0000000084200000, 0x0000000084300000, 0x0000000084300000|100%| O|  |TAMS 0x0000000084300000| PB 0x0000000084300000| Untracked 
|  67|0x0000000084300000, 0x0000000084400000, 0x0000000084400000|100%| O|  |TAMS 0x0000000084400000| PB 0x0000000084400000| Updating 
|  68|0x0000000084400000, 0x0000000084500000, 0x0000000084500000|100%| O|  |TAMS 0x0000000084500000| PB 0x0000000084500000| Updating 
|  69|0x0000000084500000, 0x0000000084600000, 0x0000000084600000|100%| O|  |TAMS 0x0000000084600000| PB 0x0000000084600000| Untracked 
|  70|0x0000000084600000, 0x0000000084700000, 0x0000000084700000|100%| O|  |TAMS 0x0000000084700000| PB 0x0000000084700000| Untracked 
|  71|0x0000000084700000, 0x0000000084800000, 0x0000000084800000|100%| O|  |TAMS 0x0000000084800000| PB 0x0000000084800000| Updating 
|  72|0x0000000084800000, 0x0000000084900000, 0x0000000084900000|100%| O|  |TAMS 0x0000000084900000| PB 0x0000000084900000| Updating 
|  73|0x0000000084900000, 0x0000000084a00000, 0x0000000084a00000|100%| O|  |TAMS 0x0000000084a00000| PB 0x0000000084a00000| Updating 
|  74|0x0000000084a00000, 0x0000000084b00000, 0x0000000084b00000|100%| O|  |TAMS 0x0000000084b00000| PB 0x0000000084b00000| Updating 
|  75|0x0000000084b00000, 0x0000000084c00000, 0x0000000084c00000|100%|HS|  |TAMS 0x0000000084b00000| PB 0x0000000084b00000| Complete 
|  76|0x0000000084c00000, 0x0000000084d00000, 0x0000000084d00000|100%|HC|  |TAMS 0x0000000084c00000| PB 0x0000000084c00000| Complete 
|  77|0x0000000084d00000, 0x0000000084d1fbb8, 0x0000000084e00000| 12%| O|  |TAMS 0x0000000084d1fbb8| PB 0x0000000084d1fbb8| Updating 
|  78|0x0000000084e00000, 0x0000000084f00000, 0x0000000084f00000|100%| O|  |TAMS 0x0000000084f00000| PB 0x0000000084f00000| Updating 
|  79|0x0000000084f00000, 0x0000000085000000, 0x0000000085000000|100%| O|  |TAMS 0x0000000085000000| PB 0x0000000085000000| Updating 
|  80|0x0000000085000000, 0x0000000085000000, 0x0000000085100000|  0%| F|  |TAMS 0x0000000085000000| PB 0x0000000085000000| Untracked 
|  81|0x0000000085100000, 0x0000000085200000, 0x0000000085200000|100%| O|  |TAMS 0x0000000085200000| PB 0x0000000085200000| Updating 
|  82|0x0000000085200000, 0x0000000085300000, 0x0000000085300000|100%| O|  |TAMS 0x0000000085300000| PB 0x0000000085300000| Updating 
|  83|0x0000000085300000, 0x0000000085300000, 0x0000000085400000|  0%| F|  |TAMS 0x0000000085300000| PB 0x0000000085300000| Untracked 
|  84|0x0000000085400000, 0x0000000085500000, 0x0000000085500000|100%| O|  |TAMS 0x0000000085500000| PB 0x0000000085500000| Updating 
|  85|0x0000000085500000, 0x0000000085500000, 0x0000000085600000|  0%| F|  |TAMS 0x0000000085500000| PB 0x0000000085500000| Untracked 
|  86|0x0000000085600000, 0x0000000085600000, 0x0000000085700000|  0%| F|  |TAMS 0x0000000085600000| PB 0x0000000085600000| Untracked 
|  87|0x0000000085700000, 0x0000000085800000, 0x0000000085800000|100%| O|  |TAMS 0x0000000085800000| PB 0x0000000085800000| Updating 
|  88|0x0000000085800000, 0x0000000085900000, 0x0000000085900000|100%| O|  |TAMS 0x0000000085900000| PB 0x0000000085900000| Updating 
|  89|0x0000000085900000, 0x0000000085a00000, 0x0000000085a00000|100%|HS|  |TAMS 0x0000000085900000| PB 0x0000000085900000| Complete 
|  90|0x0000000085a00000, 0x0000000085b00000, 0x0000000085b00000|100%|HC|  |TAMS 0x0000000085a00000| PB 0x0000000085a00000| Complete 
|  91|0x0000000085b00000, 0x0000000085c00000, 0x0000000085c00000|100%|HS|  |TAMS 0x0000000085b00000| PB 0x0000000085b00000| Complete 
|  92|0x0000000085c00000, 0x0000000085d00000, 0x0000000085d00000|100%|HC|  |TAMS 0x0000000085c00000| PB 0x0000000085c00000| Complete 
|  93|0x0000000085d00000, 0x0000000085d00000, 0x0000000085e00000|  0%| F|  |TAMS 0x0000000085d00000| PB 0x0000000085d00000| Untracked 
|  94|0x0000000085e00000, 0x0000000085f00000, 0x0000000085f00000|100%| O|  |TAMS 0x0000000085f00000| PB 0x0000000085f00000| Updating 
|  95|0x0000000085f00000, 0x0000000086000000, 0x0000000086000000|100%| O|  |TAMS 0x0000000086000000| PB 0x0000000086000000| Updating 
|  96|0x0000000086000000, 0x0000000086100000, 0x0000000086100000|100%| O|  |TAMS 0x0000000086100000| PB 0x0000000086100000| Untracked 
|  97|0x0000000086100000, 0x0000000086200000, 0x0000000086200000|100%| O|  |TAMS 0x0000000086200000| PB 0x0000000086200000| Updating 
|  98|0x0000000086200000, 0x0000000086200000, 0x0000000086300000|  0%| F|  |TAMS 0x0000000086200000| PB 0x0000000086200000| Untracked 
|  99|0x0000000086300000, 0x0000000086400000, 0x0000000086400000|100%| O|  |TAMS 0x0000000086400000| PB 0x0000000086400000| Updating 
| 100|0x0000000086400000, 0x0000000086400000, 0x0000000086500000|  0%| F|  |TAMS 0x0000000086400000| PB 0x0000000086400000| Untracked 
| 101|0x0000000086500000, 0x0000000086600000, 0x0000000086600000|100%| O|  |TAMS 0x0000000086600000| PB 0x0000000086600000| Updating 
| 102|0x0000000086600000, 0x0000000086600000, 0x0000000086700000|  0%| F|  |TAMS 0x0000000086600000| PB 0x0000000086600000| Untracked 
| 103|0x0000000086700000, 0x0000000086800000, 0x0000000086800000|100%| O|  |TAMS 0x0000000086800000| PB 0x0000000086800000| Updating 
| 104|0x0000000086800000, 0x0000000086800000, 0x0000000086900000|  0%| F|  |TAMS 0x0000000086800000| PB 0x0000000086800000| Untracked 
| 105|0x0000000086900000, 0x0000000086a00000, 0x0000000086a00000|100%| O|  |TAMS 0x0000000086a00000| PB 0x0000000086a00000| Updating 
| 106|0x0000000086a00000, 0x0000000086b00000, 0x0000000086b00000|100%| O|  |TAMS 0x0000000086b00000| PB 0x0000000086b00000| Untracked 
| 107|0x0000000086b00000, 0x0000000086b00000, 0x0000000086c00000|  0%| F|  |TAMS 0x0000000086b00000| PB 0x0000000086b00000| Untracked 
| 108|0x0000000086c00000, 0x0000000086c00000, 0x0000000086d00000|  0%| F|  |TAMS 0x0000000086c00000| PB 0x0000000086c00000| Untracked 
| 109|0x0000000086d00000, 0x0000000086e00000, 0x0000000086e00000|100%| O|  |TAMS 0x0000000086e00000| PB 0x0000000086e00000| Updating 
| 110|0x0000000086e00000, 0x0000000086f00000, 0x0000000086f00000|100%|HS|  |TAMS 0x0000000086e00000| PB 0x0000000086e00000| Complete 
| 111|0x0000000086f00000, 0x0000000087000000, 0x0000000087000000|100%|HC|  |TAMS 0x0000000086f00000| PB 0x0000000086f00000| Complete 
| 112|0x0000000087000000, 0x0000000087100000, 0x0000000087100000|100%| O|  |TAMS 0x0000000087100000| PB 0x0000000087100000| Updating 
| 113|0x0000000087100000, 0x0000000087100000, 0x0000000087200000|  0%| F|  |TAMS 0x0000000087100000| PB 0x0000000087100000| Untracked 
| 114|0x0000000087200000, 0x0000000087300000, 0x0000000087300000|100%| O|  |TAMS 0x0000000087300000| PB 0x0000000087300000| Untracked 
| 115|0x0000000087300000, 0x0000000087400000, 0x0000000087400000|100%| O|  |TAMS 0x0000000087400000| PB 0x0000000087400000| Untracked 
| 116|0x0000000087400000, 0x0000000087500000, 0x0000000087500000|100%| O|  |TAMS 0x0000000087500000| PB 0x0000000087500000| Untracked 
| 117|0x0000000087500000, 0x0000000087600000, 0x0000000087600000|100%| O|  |TAMS 0x0000000087600000| PB 0x0000000087600000| Updating 
| 118|0x0000000087600000, 0x0000000087700000, 0x0000000087700000|100%| O|  |TAMS 0x0000000087700000| PB 0x0000000087700000| Updating 
| 119|0x0000000087700000, 0x0000000087700000, 0x0000000087800000|  0%| F|  |TAMS 0x0000000087700000| PB 0x0000000087700000| Untracked 
| 120|0x0000000087800000, 0x0000000087900000, 0x0000000087900000|100%| O|  |TAMS 0x0000000087900000| PB 0x0000000087900000| Updating 
| 121|0x0000000087900000, 0x0000000087a00000, 0x0000000087a00000|100%|HS|  |TAMS 0x0000000087900000| PB 0x0000000087900000| Complete 
| 122|0x0000000087a00000, 0x0000000087b00000, 0x0000000087b00000|100%|HC|  |TAMS 0x0000000087a00000| PB 0x0000000087a00000| Complete 
| 123|0x0000000087b00000, 0x0000000087b00000, 0x0000000087c00000|  0%| F|  |TAMS 0x0000000087b00000| PB 0x0000000087b00000| Untracked 
| 124|0x0000000087c00000, 0x0000000087d00000, 0x0000000087d00000|100%| O|  |TAMS 0x0000000087d00000| PB 0x0000000087d00000| Updating 
| 125|0x0000000087d00000, 0x0000000087e00000, 0x0000000087e00000|100%| O|  |TAMS 0x0000000087e00000| PB 0x0000000087e00000| Updating 
| 126|0x0000000087e00000, 0x0000000087f00000, 0x0000000087f00000|100%| O|  |TAMS 0x0000000087f00000| PB 0x0000000087f00000| Updating 
| 127|0x0000000087f00000, 0x0000000088000000, 0x0000000088000000|100%| O|  |TAMS 0x0000000088000000| PB 0x0000000088000000| Updating 
| 128|0x0000000088000000, 0x0000000088100000, 0x0000000088100000|100%| O|  |TAMS 0x0000000088100000| PB 0x0000000088100000| Updating 
| 129|0x0000000088100000, 0x0000000088200000, 0x0000000088200000|100%|HS|  |TAMS 0x0000000088100000| PB 0x0000000088100000| Complete 
| 130|0x0000000088200000, 0x0000000088300000, 0x0000000088300000|100%|HC|  |TAMS 0x0000000088200000| PB 0x0000000088200000| Complete 
| 131|0x0000000088300000, 0x0000000088400000, 0x0000000088400000|100%| O|  |TAMS 0x0000000088400000| PB 0x0000000088400000| Updating 
| 132|0x0000000088400000, 0x0000000088500000, 0x0000000088500000|100%| O|  |TAMS 0x0000000088500000| PB 0x0000000088500000| Updating 
| 133|0x0000000088500000, 0x0000000088600000, 0x0000000088600000|100%| O|  |TAMS 0x0000000088600000| PB 0x0000000088600000| Updating 
| 134|0x0000000088600000, 0x0000000088700000, 0x0000000088700000|100%| O|  |TAMS 0x0000000088700000| PB 0x0000000088700000| Updating 
| 135|0x0000000088700000, 0x0000000088800000, 0x0000000088800000|100%| O|  |TAMS 0x0000000088800000| PB 0x0000000088800000| Updating 
| 136|0x0000000088800000, 0x0000000088900000, 0x0000000088900000|100%|HS|  |TAMS 0x0000000088800000| PB 0x0000000088800000| Complete 
| 137|0x0000000088900000, 0x0000000088a00000, 0x0000000088a00000|100%|HC|  |TAMS 0x0000000088900000| PB 0x0000000088900000| Complete 
| 138|0x0000000088a00000, 0x0000000088b00000, 0x0000000088b00000|100%|HS|  |TAMS 0x0000000088a00000| PB 0x0000000088a00000| Complete 
| 139|0x0000000088b00000, 0x0000000088c00000, 0x0000000088c00000|100%|HC|  |TAMS 0x0000000088b00000| PB 0x0000000088b00000| Complete 
| 140|0x0000000088c00000, 0x0000000088d00000, 0x0000000088d00000|100%| O|  |TAMS 0x0000000088d00000| PB 0x0000000088d00000| Updating 
| 141|0x0000000088d00000, 0x0000000088e00000, 0x0000000088e00000|100%| O|  |TAMS 0x0000000088e00000| PB 0x0000000088e00000| Updating 
| 142|0x0000000088e00000, 0x0000000088f00000, 0x0000000088f00000|100%| O|  |TAMS 0x0000000088f00000| PB 0x0000000088f00000| Updating 
| 143|0x0000000088f00000, 0x0000000089000000, 0x0000000089000000|100%| O|  |TAMS 0x0000000089000000| PB 0x0000000089000000| Updating 
| 144|0x0000000089000000, 0x0000000089100000, 0x0000000089100000|100%| O|  |TAMS 0x0000000089100000| PB 0x0000000089100000| Updating 
| 145|0x0000000089100000, 0x0000000089200000, 0x0000000089200000|100%| O|  |TAMS 0x0000000089200000| PB 0x0000000089200000| Updating 
| 146|0x0000000089200000, 0x0000000089300000, 0x0000000089300000|100%| O|  |TAMS 0x0000000089300000| PB 0x0000000089300000| Untracked 
| 147|0x0000000089300000, 0x0000000089400000, 0x0000000089400000|100%| O|  |TAMS 0x0000000089400000| PB 0x0000000089400000| Updating 
| 148|0x0000000089400000, 0x0000000089500000, 0x0000000089500000|100%| O|  |TAMS 0x0000000089500000| PB 0x0000000089500000| Updating 
| 149|0x0000000089500000, 0x0000000089600000, 0x0000000089600000|100%| O|  |TAMS 0x0000000089600000| PB 0x0000000089600000| Updating 
| 150|0x0000000089600000, 0x0000000089700000, 0x0000000089700000|100%| O|  |TAMS 0x0000000089700000| PB 0x0000000089700000| Updating 
| 151|0x0000000089700000, 0x0000000089800000, 0x0000000089800000|100%| O|  |TAMS 0x0000000089800000| PB 0x0000000089800000| Updating 
| 152|0x0000000089800000, 0x0000000089900000, 0x0000000089900000|100%| O|  |TAMS 0x0000000089900000| PB 0x0000000089900000| Updating 
| 153|0x0000000089900000, 0x0000000089a00000, 0x0000000089a00000|100%|HS|  |TAMS 0x0000000089900000| PB 0x0000000089900000| Complete 
| 154|0x0000000089a00000, 0x0000000089b00000, 0x0000000089b00000|100%|HC|  |TAMS 0x0000000089a00000| PB 0x0000000089a00000| Complete 
| 155|0x0000000089b00000, 0x0000000089c00000, 0x0000000089c00000|100%| O|  |TAMS 0x0000000089c00000| PB 0x0000000089c00000| Untracked 
| 156|0x0000000089c00000, 0x0000000089d00000, 0x0000000089d00000|100%|HS|  |TAMS 0x0000000089c00000| PB 0x0000000089c00000| Complete 
| 157|0x0000000089d00000, 0x0000000089e00000, 0x0000000089e00000|100%|HC|  |TAMS 0x0000000089d00000| PB 0x0000000089d00000| Complete 
| 158|0x0000000089e00000, 0x0000000089f00000, 0x0000000089f00000|100%|HS|  |TAMS 0x0000000089e00000| PB 0x0000000089e00000| Complete 
| 159|0x0000000089f00000, 0x000000008a000000, 0x000000008a000000|100%|HC|  |TAMS 0x0000000089f00000| PB 0x0000000089f00000| Complete 
| 160|0x000000008a000000, 0x000000008a100000, 0x000000008a100000|100%|HS|  |TAMS 0x000000008a000000| PB 0x000000008a000000| Complete 
| 161|0x000000008a100000, 0x000000008a200000, 0x000000008a200000|100%|HC|  |TAMS 0x000000008a100000| PB 0x000000008a100000| Complete 
| 162|0x000000008a200000, 0x000000008a300000, 0x000000008a300000|100%|HS|  |TAMS 0x000000008a200000| PB 0x000000008a200000| Complete 
| 163|0x000000008a300000, 0x000000008a400000, 0x000000008a400000|100%|HC|  |TAMS 0x000000008a300000| PB 0x000000008a300000| Complete 
| 164|0x000000008a400000, 0x000000008a500000, 0x000000008a500000|100%|HS|  |TAMS 0x000000008a400000| PB 0x000000008a400000| Complete 
| 165|0x000000008a500000, 0x000000008a600000, 0x000000008a600000|100%|HC|  |TAMS 0x000000008a500000| PB 0x000000008a500000| Complete 
| 166|0x000000008a600000, 0x000000008a700000, 0x000000008a700000|100%|HS|  |TAMS 0x000000008a600000| PB 0x000000008a600000| Complete 
| 167|0x000000008a700000, 0x000000008a800000, 0x000000008a800000|100%|HC|  |TAMS 0x000000008a700000| PB 0x000000008a700000| Complete 
| 168|0x000000008a800000, 0x000000008a900000, 0x000000008a900000|100%|HS|  |TAMS 0x000000008a800000| PB 0x000000008a800000| Complete 
| 169|0x000000008a900000, 0x000000008aa00000, 0x000000008aa00000|100%|HC|  |TAMS 0x000000008a900000| PB 0x000000008a900000| Complete 
| 170|0x000000008aa00000, 0x000000008ab00000, 0x000000008ab00000|100%|HS|  |TAMS 0x000000008aa00000| PB 0x000000008aa00000| Complete 
| 171|0x000000008ab00000, 0x000000008ac00000, 0x000000008ac00000|100%|HC|  |TAMS 0x000000008ab00000| PB 0x000000008ab00000| Complete 
| 172|0x000000008ac00000, 0x000000008ad00000, 0x000000008ad00000|100%|HS|  |TAMS 0x000000008ac00000| PB 0x000000008ac00000| Complete 
| 173|0x000000008ad00000, 0x000000008ae00000, 0x000000008ae00000|100%|HC|  |TAMS 0x000000008ad00000| PB 0x000000008ad00000| Complete 
| 174|0x000000008ae00000, 0x000000008af00000, 0x000000008af00000|100%|HS|  |TAMS 0x000000008ae00000| PB 0x000000008ae00000| Complete 
| 175|0x000000008af00000, 0x000000008b000000, 0x000000008b000000|100%|HC|  |TAMS 0x000000008af00000| PB 0x000000008af00000| Complete 
| 176|0x000000008b000000, 0x000000008b100000, 0x000000008b100000|100%|HS|  |TAMS 0x000000008b000000| PB 0x000000008b000000| Complete 
| 177|0x000000008b100000, 0x000000008b200000, 0x000000008b200000|100%|HC|  |TAMS 0x000000008b100000| PB 0x000000008b100000| Complete 
| 178|0x000000008b200000, 0x000000008b300000, 0x000000008b300000|100%|HS|  |TAMS 0x000000008b200000| PB 0x000000008b200000| Complete 
| 179|0x000000008b300000, 0x000000008b400000, 0x000000008b400000|100%|HC|  |TAMS 0x000000008b300000| PB 0x000000008b300000| Complete 
| 180|0x000000008b400000, 0x000000008b500000, 0x000000008b500000|100%|HS|  |TAMS 0x000000008b400000| PB 0x000000008b400000| Complete 
| 181|0x000000008b500000, 0x000000008b600000, 0x000000008b600000|100%|HC|  |TAMS 0x000000008b500000| PB 0x000000008b500000| Complete 
| 182|0x000000008b600000, 0x000000008b700000, 0x000000008b700000|100%|HS|  |TAMS 0x000000008b600000| PB 0x000000008b600000| Complete 
| 183|0x000000008b700000, 0x000000008b800000, 0x000000008b800000|100%|HC|  |TAMS 0x000000008b700000| PB 0x000000008b700000| Complete 
| 184|0x000000008b800000, 0x000000008b900000, 0x000000008b900000|100%|HS|  |TAMS 0x000000008b800000| PB 0x000000008b800000| Complete 
| 185|0x000000008b900000, 0x000000008ba00000, 0x000000008ba00000|100%|HC|  |TAMS 0x000000008b900000| PB 0x000000008b900000| Complete 
| 186|0x000000008ba00000, 0x000000008bb00000, 0x000000008bb00000|100%|HS|  |TAMS 0x000000008ba00000| PB 0x000000008ba00000| Complete 
| 187|0x000000008bb00000, 0x000000008bc00000, 0x000000008bc00000|100%|HC|  |TAMS 0x000000008bb00000| PB 0x000000008bb00000| Complete 
| 188|0x000000008bc00000, 0x000000008bd00000, 0x000000008bd00000|100%|HS|  |TAMS 0x000000008bc00000| PB 0x000000008bc00000| Complete 
| 189|0x000000008bd00000, 0x000000008be00000, 0x000000008be00000|100%|HC|  |TAMS 0x000000008bd00000| PB 0x000000008bd00000| Complete 
| 190|0x000000008be00000, 0x000000008bf00000, 0x000000008bf00000|100%|HS|  |TAMS 0x000000008be00000| PB 0x000000008be00000| Complete 
| 191|0x000000008bf00000, 0x000000008c000000, 0x000000008c000000|100%|HC|  |TAMS 0x000000008bf00000| PB 0x000000008bf00000| Complete 
| 192|0x000000008c000000, 0x000000008c100000, 0x000000008c100000|100%|HS|  |TAMS 0x000000008c000000| PB 0x000000008c000000| Complete 
| 193|0x000000008c100000, 0x000000008c200000, 0x000000008c200000|100%|HC|  |TAMS 0x000000008c100000| PB 0x000000008c100000| Complete 
| 194|0x000000008c200000, 0x000000008c300000, 0x000000008c300000|100%|HS|  |TAMS 0x000000008c200000| PB 0x000000008c200000| Complete 
| 195|0x000000008c300000, 0x000000008c400000, 0x000000008c400000|100%|HC|  |TAMS 0x000000008c300000| PB 0x000000008c300000| Complete 
| 196|0x000000008c400000, 0x000000008c500000, 0x000000008c500000|100%|HS|  |TAMS 0x000000008c400000| PB 0x000000008c400000| Complete 
| 197|0x000000008c500000, 0x000000008c600000, 0x000000008c600000|100%|HC|  |TAMS 0x000000008c500000| PB 0x000000008c500000| Complete 
| 198|0x000000008c600000, 0x000000008c700000, 0x000000008c700000|100%|HS|  |TAMS 0x000000008c600000| PB 0x000000008c600000| Complete 
| 199|0x000000008c700000, 0x000000008c800000, 0x000000008c800000|100%|HC|  |TAMS 0x000000008c700000| PB 0x000000008c700000| Complete 
| 200|0x000000008c800000, 0x000000008c900000, 0x000000008c900000|100%|HS|  |TAMS 0x000000008c800000| PB 0x000000008c800000| Complete 
| 201|0x000000008c900000, 0x000000008ca00000, 0x000000008ca00000|100%|HC|  |TAMS 0x000000008c900000| PB 0x000000008c900000| Complete 
| 202|0x000000008ca00000, 0x000000008cb00000, 0x000000008cb00000|100%|HS|  |TAMS 0x000000008ca00000| PB 0x000000008ca00000| Complete 
| 203|0x000000008cb00000, 0x000000008cc00000, 0x000000008cc00000|100%|HC|  |TAMS 0x000000008cb00000| PB 0x000000008cb00000| Complete 
| 204|0x000000008cc00000, 0x000000008cd00000, 0x000000008cd00000|100%|HS|  |TAMS 0x000000008cc00000| PB 0x000000008cc00000| Complete 
| 205|0x000000008cd00000, 0x000000008ce00000, 0x000000008ce00000|100%|HC|  |TAMS 0x000000008cd00000| PB 0x000000008cd00000| Complete 
| 206|0x000000008ce00000, 0x000000008cf00000, 0x000000008cf00000|100%|HS|  |TAMS 0x000000008ce00000| PB 0x000000008ce00000| Complete 
| 207|0x000000008cf00000, 0x000000008d000000, 0x000000008d000000|100%|HC|  |TAMS 0x000000008cf00000| PB 0x000000008cf00000| Complete 
| 208|0x000000008d000000, 0x000000008d100000, 0x000000008d100000|100%|HS|  |TAMS 0x000000008d000000| PB 0x000000008d000000| Complete 
| 209|0x000000008d100000, 0x000000008d200000, 0x000000008d200000|100%|HC|  |TAMS 0x000000008d100000| PB 0x000000008d100000| Complete 
| 210|0x000000008d200000, 0x000000008d300000, 0x000000008d300000|100%|HS|  |TAMS 0x000000008d200000| PB 0x000000008d200000| Complete 
| 211|0x000000008d300000, 0x000000008d400000, 0x000000008d400000|100%|HC|  |TAMS 0x000000008d300000| PB 0x000000008d300000| Complete 
| 212|0x000000008d400000, 0x000000008d500000, 0x000000008d500000|100%|HS|  |TAMS 0x000000008d400000| PB 0x000000008d400000| Complete 
| 213|0x000000008d500000, 0x000000008d600000, 0x000000008d600000|100%|HC|  |TAMS 0x000000008d500000| PB 0x000000008d500000| Complete 
| 214|0x000000008d600000, 0x000000008d700000, 0x000000008d700000|100%|HS|  |TAMS 0x000000008d600000| PB 0x000000008d600000| Complete 
| 215|0x000000008d700000, 0x000000008d800000, 0x000000008d800000|100%|HC|  |TAMS 0x000000008d700000| PB 0x000000008d700000| Complete 
| 216|0x000000008d800000, 0x000000008d900000, 0x000000008d900000|100%|HS|  |TAMS 0x000000008d800000| PB 0x000000008d800000| Complete 
| 217|0x000000008d900000, 0x000000008da00000, 0x000000008da00000|100%|HC|  |TAMS 0x000000008d900000| PB 0x000000008d900000| Complete 
| 218|0x000000008da00000, 0x000000008db00000, 0x000000008db00000|100%|HS|  |TAMS 0x000000008da00000| PB 0x000000008da00000| Complete 
| 219|0x000000008db00000, 0x000000008dc00000, 0x000000008dc00000|100%|HC|  |TAMS 0x000000008db00000| PB 0x000000008db00000| Complete 
| 220|0x000000008dc00000, 0x000000008dd00000, 0x000000008dd00000|100%|HS|  |TAMS 0x000000008dc00000| PB 0x000000008dc00000| Complete 
| 221|0x000000008dd00000, 0x000000008de00000, 0x000000008de00000|100%|HC|  |TAMS 0x000000008dd00000| PB 0x000000008dd00000| Complete 
| 222|0x000000008de00000, 0x000000008df00000, 0x000000008df00000|100%|HS|  |TAMS 0x000000008de00000| PB 0x000000008de00000| Complete 
| 223|0x000000008df00000, 0x000000008e000000, 0x000000008e000000|100%|HC|  |TAMS 0x000000008df00000| PB 0x000000008df00000| Complete 
| 224|0x000000008e000000, 0x000000008e100000, 0x000000008e100000|100%|HS|  |TAMS 0x000000008e000000| PB 0x000000008e000000| Complete 
| 225|0x000000008e100000, 0x000000008e200000, 0x000000008e200000|100%|HC|  |TAMS 0x000000008e100000| PB 0x000000008e100000| Complete 
| 226|0x000000008e200000, 0x000000008e300000, 0x000000008e300000|100%|HS|  |TAMS 0x000000008e200000| PB 0x000000008e200000| Complete 
| 227|0x000000008e300000, 0x000000008e400000, 0x000000008e400000|100%|HC|  |TAMS 0x000000008e300000| PB 0x000000008e300000| Complete 
| 228|0x000000008e400000, 0x000000008e500000, 0x000000008e500000|100%|HS|  |TAMS 0x000000008e400000| PB 0x000000008e400000| Complete 
| 229|0x000000008e500000, 0x000000008e600000, 0x000000008e600000|100%|HC|  |TAMS 0x000000008e500000| PB 0x000000008e500000| Complete 
| 230|0x000000008e600000, 0x000000008e700000, 0x000000008e700000|100%|HS|  |TAMS 0x000000008e600000| PB 0x000000008e600000| Complete 
| 231|0x000000008e700000, 0x000000008e800000, 0x000000008e800000|100%|HC|  |TAMS 0x000000008e700000| PB 0x000000008e700000| Complete 
| 232|0x000000008e800000, 0x000000008e900000, 0x000000008e900000|100%|HS|  |TAMS 0x000000008e800000| PB 0x000000008e800000| Complete 
| 233|0x000000008e900000, 0x000000008ea00000, 0x000000008ea00000|100%|HC|  |TAMS 0x000000008e900000| PB 0x000000008e900000| Complete 
| 234|0x000000008ea00000, 0x000000008eb00000, 0x000000008eb00000|100%|HS|  |TAMS 0x000000008ea00000| PB 0x000000008ea00000| Complete 
| 235|0x000000008eb00000, 0x000000008ec00000, 0x000000008ec00000|100%|HC|  |TAMS 0x000000008eb00000| PB 0x000000008eb00000| Complete 
| 236|0x000000008ec00000, 0x000000008ed00000, 0x000000008ed00000|100%|HS|  |TAMS 0x000000008ec00000| PB 0x000000008ec00000| Complete 
| 237|0x000000008ed00000, 0x000000008ee00000, 0x000000008ee00000|100%|HC|  |TAMS 0x000000008ed00000| PB 0x000000008ed00000| Complete 
| 238|0x000000008ee00000, 0x000000008ef00000, 0x000000008ef00000|100%|HS|  |TAMS 0x000000008ee00000| PB 0x000000008ee00000| Complete 
| 239|0x000000008ef00000, 0x000000008f000000, 0x000000008f000000|100%|HC|  |TAMS 0x000000008ef00000| PB 0x000000008ef00000| Complete 
| 240|0x000000008f000000, 0x000000008f100000, 0x000000008f100000|100%|HS|  |TAMS 0x000000008f000000| PB 0x000000008f000000| Complete 
| 241|0x000000008f100000, 0x000000008f200000, 0x000000008f200000|100%|HC|  |TAMS 0x000000008f100000| PB 0x000000008f100000| Complete 
| 242|0x000000008f200000, 0x000000008f300000, 0x000000008f300000|100%|HS|  |TAMS 0x000000008f200000| PB 0x000000008f200000| Complete 
| 243|0x000000008f300000, 0x000000008f400000, 0x000000008f400000|100%|HC|  |TAMS 0x000000008f300000| PB 0x000000008f300000| Complete 
| 244|0x000000008f400000, 0x000000008f500000, 0x000000008f500000|100%|HS|  |TAMS 0x000000008f400000| PB 0x000000008f400000| Complete 
| 245|0x000000008f500000, 0x000000008f600000, 0x000000008f600000|100%|HC|  |TAMS 0x000000008f500000| PB 0x000000008f500000| Complete 
| 246|0x000000008f600000, 0x000000008f700000, 0x000000008f700000|100%|HS|  |TAMS 0x000000008f600000| PB 0x000000008f600000| Complete 
| 247|0x000000008f700000, 0x000000008f800000, 0x000000008f800000|100%|HC|  |TAMS 0x000000008f700000| PB 0x000000008f700000| Complete 
| 248|0x000000008f800000, 0x000000008f900000, 0x000000008f900000|100%|HS|  |TAMS 0x000000008f800000| PB 0x000000008f800000| Complete 
| 249|0x000000008f900000, 0x000000008fa00000, 0x000000008fa00000|100%|HC|  |TAMS 0x000000008f900000| PB 0x000000008f900000| Complete 
| 250|0x000000008fa00000, 0x000000008fb00000, 0x000000008fb00000|100%|HS|  |TAMS 0x000000008fa00000| PB 0x000000008fa00000| Complete 
| 251|0x000000008fb00000, 0x000000008fc00000, 0x000000008fc00000|100%|HC|  |TAMS 0x000000008fb00000| PB 0x000000008fb00000| Complete 
| 252|0x000000008fc00000, 0x000000008fd00000, 0x000000008fd00000|100%|HS|  |TAMS 0x000000008fc00000| PB 0x000000008fc00000| Complete 
| 253|0x000000008fd00000, 0x000000008fe00000, 0x000000008fe00000|100%|HC|  |TAMS 0x000000008fd00000| PB 0x000000008fd00000| Complete 
| 254|0x000000008fe00000, 0x000000008ff00000, 0x000000008ff00000|100%|HS|  |TAMS 0x000000008fe00000| PB 0x000000008fe00000| Complete 
| 255|0x000000008ff00000, 0x0000000090000000, 0x0000000090000000|100%|HC|  |TAMS 0x000000008ff00000| PB 0x000000008ff00000| Complete 
| 256|0x0000000090000000, 0x0000000090100000, 0x0000000090100000|100%|HS|  |TAMS 0x0000000090000000| PB 0x0000000090000000| Complete 
| 257|0x0000000090100000, 0x0000000090200000, 0x0000000090200000|100%|HC|  |TAMS 0x0000000090100000| PB 0x0000000090100000| Complete 
| 258|0x0000000090200000, 0x0000000090300000, 0x0000000090300000|100%|HS|  |TAMS 0x0000000090200000| PB 0x0000000090200000| Complete 
| 259|0x0000000090300000, 0x0000000090400000, 0x0000000090400000|100%|HC|  |TAMS 0x0000000090300000| PB 0x0000000090300000| Complete 
| 260|0x0000000090400000, 0x0000000090500000, 0x0000000090500000|100%|HS|  |TAMS 0x0000000090400000| PB 0x0000000090400000| Complete 
| 261|0x0000000090500000, 0x0000000090600000, 0x0000000090600000|100%|HC|  |TAMS 0x0000000090500000| PB 0x0000000090500000| Complete 
| 262|0x0000000090600000, 0x0000000090700000, 0x0000000090700000|100%|HS|  |TAMS 0x0000000090600000| PB 0x0000000090600000| Complete 
| 263|0x0000000090700000, 0x0000000090800000, 0x0000000090800000|100%|HC|  |TAMS 0x0000000090700000| PB 0x0000000090700000| Complete 
| 264|0x0000000090800000, 0x0000000090900000, 0x0000000090900000|100%|HS|  |TAMS 0x0000000090800000| PB 0x0000000090800000| Complete 
| 265|0x0000000090900000, 0x0000000090a00000, 0x0000000090a00000|100%|HC|  |TAMS 0x0000000090900000| PB 0x0000000090900000| Complete 
| 266|0x0000000090a00000, 0x0000000090b00000, 0x0000000090b00000|100%|HS|  |TAMS 0x0000000090a00000| PB 0x0000000090a00000| Complete 
| 267|0x0000000090b00000, 0x0000000090c00000, 0x0000000090c00000|100%|HC|  |TAMS 0x0000000090b00000| PB 0x0000000090b00000| Complete 
| 268|0x0000000090c00000, 0x0000000090d00000, 0x0000000090d00000|100%|HS|  |TAMS 0x0000000090c00000| PB 0x0000000090c00000| Complete 
| 269|0x0000000090d00000, 0x0000000090e00000, 0x0000000090e00000|100%|HC|  |TAMS 0x0000000090d00000| PB 0x0000000090d00000| Complete 
| 270|0x0000000090e00000, 0x0000000090f00000, 0x0000000090f00000|100%|HS|  |TAMS 0x0000000090e00000| PB 0x0000000090e00000| Complete 
| 271|0x0000000090f00000, 0x0000000091000000, 0x0000000091000000|100%|HC|  |TAMS 0x0000000090f00000| PB 0x0000000090f00000| Complete 
| 272|0x0000000091000000, 0x0000000091100000, 0x0000000091100000|100%|HS|  |TAMS 0x0000000091000000| PB 0x0000000091000000| Complete 
| 273|0x0000000091100000, 0x0000000091200000, 0x0000000091200000|100%|HC|  |TAMS 0x0000000091100000| PB 0x0000000091100000| Complete 
| 274|0x0000000091200000, 0x0000000091300000, 0x0000000091300000|100%|HS|  |TAMS 0x0000000091200000| PB 0x0000000091200000| Complete 
| 275|0x0000000091300000, 0x0000000091400000, 0x0000000091400000|100%|HC|  |TAMS 0x0000000091300000| PB 0x0000000091300000| Complete 
| 276|0x0000000091400000, 0x0000000091500000, 0x0000000091500000|100%|HS|  |TAMS 0x0000000091400000| PB 0x0000000091400000| Complete 
| 277|0x0000000091500000, 0x0000000091600000, 0x0000000091600000|100%|HC|  |TAMS 0x0000000091500000| PB 0x0000000091500000| Complete 
| 278|0x0000000091600000, 0x0000000091700000, 0x0000000091700000|100%|HS|  |TAMS 0x0000000091600000| PB 0x0000000091600000| Complete 
| 279|0x0000000091700000, 0x0000000091800000, 0x0000000091800000|100%|HC|  |TAMS 0x0000000091700000| PB 0x0000000091700000| Complete 
| 280|0x0000000091800000, 0x0000000091900000, 0x0000000091900000|100%|HS|  |TAMS 0x0000000091800000| PB 0x0000000091800000| Complete 
| 281|0x0000000091900000, 0x0000000091a00000, 0x0000000091a00000|100%|HC|  |TAMS 0x0000000091900000| PB 0x0000000091900000| Complete 
| 282|0x0000000091a00000, 0x0000000091b00000, 0x0000000091b00000|100%|HS|  |TAMS 0x0000000091a00000| PB 0x0000000091a00000| Complete 
| 283|0x0000000091b00000, 0x0000000091c00000, 0x0000000091c00000|100%|HC|  |TAMS 0x0000000091b00000| PB 0x0000000091b00000| Complete 
| 284|0x0000000091c00000, 0x0000000091d00000, 0x0000000091d00000|100%|HS|  |TAMS 0x0000000091c00000| PB 0x0000000091c00000| Complete 
| 285|0x0000000091d00000, 0x0000000091e00000, 0x0000000091e00000|100%|HC|  |TAMS 0x0000000091d00000| PB 0x0000000091d00000| Complete 
| 286|0x0000000091e00000, 0x0000000091f00000, 0x0000000091f00000|100%|HS|  |TAMS 0x0000000091e00000| PB 0x0000000091e00000| Complete 
| 287|0x0000000091f00000, 0x0000000092000000, 0x0000000092000000|100%|HC|  |TAMS 0x0000000091f00000| PB 0x0000000091f00000| Complete 
| 288|0x0000000092000000, 0x0000000092100000, 0x0000000092100000|100%|HS|  |TAMS 0x0000000092000000| PB 0x0000000092000000| Complete 
| 289|0x0000000092100000, 0x0000000092200000, 0x0000000092200000|100%|HC|  |TAMS 0x0000000092100000| PB 0x0000000092100000| Complete 
| 290|0x0000000092200000, 0x0000000092300000, 0x0000000092300000|100%|HS|  |TAMS 0x0000000092200000| PB 0x0000000092200000| Complete 
| 291|0x0000000092300000, 0x0000000092400000, 0x0000000092400000|100%|HC|  |TAMS 0x0000000092300000| PB 0x0000000092300000| Complete 
| 292|0x0000000092400000, 0x0000000092500000, 0x0000000092500000|100%|HS|  |TAMS 0x0000000092400000| PB 0x0000000092400000| Complete 
| 293|0x0000000092500000, 0x0000000092600000, 0x0000000092600000|100%|HC|  |TAMS 0x0000000092500000| PB 0x0000000092500000| Complete 
| 294|0x0000000092600000, 0x0000000092700000, 0x0000000092700000|100%|HS|  |TAMS 0x0000000092600000| PB 0x0000000092600000| Complete 
| 295|0x0000000092700000, 0x0000000092800000, 0x0000000092800000|100%|HC|  |TAMS 0x0000000092700000| PB 0x0000000092700000| Complete 
| 296|0x0000000092800000, 0x0000000092900000, 0x0000000092900000|100%|HS|  |TAMS 0x0000000092800000| PB 0x0000000092800000| Complete 
| 297|0x0000000092900000, 0x0000000092a00000, 0x0000000092a00000|100%|HC|  |TAMS 0x0000000092900000| PB 0x0000000092900000| Complete 
| 298|0x0000000092a00000, 0x0000000092b00000, 0x0000000092b00000|100%|HS|  |TAMS 0x0000000092a00000| PB 0x0000000092a00000| Complete 
| 299|0x0000000092b00000, 0x0000000092c00000, 0x0000000092c00000|100%|HC|  |TAMS 0x0000000092b00000| PB 0x0000000092b00000| Complete 
| 300|0x0000000092c00000, 0x0000000092d00000, 0x0000000092d00000|100%|HS|  |TAMS 0x0000000092c00000| PB 0x0000000092c00000| Complete 
| 301|0x0000000092d00000, 0x0000000092e00000, 0x0000000092e00000|100%|HC|  |TAMS 0x0000000092d00000| PB 0x0000000092d00000| Complete 
| 302|0x0000000092e00000, 0x0000000092f00000, 0x0000000092f00000|100%|HS|  |TAMS 0x0000000092e00000| PB 0x0000000092e00000| Complete 
| 303|0x0000000092f00000, 0x0000000093000000, 0x0000000093000000|100%|HC|  |TAMS 0x0000000092f00000| PB 0x0000000092f00000| Complete 
| 304|0x0000000093000000, 0x0000000093100000, 0x0000000093100000|100%|HS|  |TAMS 0x0000000093000000| PB 0x0000000093000000| Complete 
| 305|0x0000000093100000, 0x0000000093200000, 0x0000000093200000|100%|HC|  |TAMS 0x0000000093100000| PB 0x0000000093100000| Complete 
| 306|0x0000000093200000, 0x0000000093300000, 0x0000000093300000|100%|HS|  |TAMS 0x0000000093200000| PB 0x0000000093200000| Complete 
| 307|0x0000000093300000, 0x0000000093400000, 0x0000000093400000|100%|HC|  |TAMS 0x0000000093300000| PB 0x0000000093300000| Complete 
| 308|0x0000000093400000, 0x0000000093500000, 0x0000000093500000|100%|HS|  |TAMS 0x0000000093400000| PB 0x0000000093400000| Complete 
| 309|0x0000000093500000, 0x0000000093600000, 0x0000000093600000|100%|HC|  |TAMS 0x0000000093500000| PB 0x0000000093500000| Complete 
| 310|0x0000000093600000, 0x0000000093700000, 0x0000000093700000|100%|HS|  |TAMS 0x0000000093600000| PB 0x0000000093600000| Complete 
| 311|0x0000000093700000, 0x0000000093800000, 0x0000000093800000|100%|HC|  |TAMS 0x0000000093700000| PB 0x0000000093700000| Complete 
| 312|0x0000000093800000, 0x0000000093900000, 0x0000000093900000|100%|HS|  |TAMS 0x0000000093800000| PB 0x0000000093800000| Complete 
| 313|0x0000000093900000, 0x0000000093a00000, 0x0000000093a00000|100%|HC|  |TAMS 0x0000000093900000| PB 0x0000000093900000| Complete 
| 314|0x0000000093a00000, 0x0000000093b00000, 0x0000000093b00000|100%|HS|  |TAMS 0x0000000093a00000| PB 0x0000000093a00000| Complete 
| 315|0x0000000093b00000, 0x0000000093c00000, 0x0000000093c00000|100%|HC|  |TAMS 0x0000000093b00000| PB 0x0000000093b00000| Complete 
| 316|0x0000000093c00000, 0x0000000093d00000, 0x0000000093d00000|100%|HS|  |TAMS 0x0000000093c00000| PB 0x0000000093c00000| Complete 
| 317|0x0000000093d00000, 0x0000000093e00000, 0x0000000093e00000|100%|HC|  |TAMS 0x0000000093d00000| PB 0x0000000093d00000| Complete 
| 318|0x0000000093e00000, 0x0000000093f00000, 0x0000000093f00000|100%|HS|  |TAMS 0x0000000093e00000| PB 0x0000000093e00000| Complete 
| 319|0x0000000093f00000, 0x0000000094000000, 0x0000000094000000|100%|HC|  |TAMS 0x0000000093f00000| PB 0x0000000093f00000| Complete 
| 320|0x0000000094000000, 0x0000000094100000, 0x0000000094100000|100%|HS|  |TAMS 0x0000000094000000| PB 0x0000000094000000| Complete 
| 321|0x0000000094100000, 0x0000000094200000, 0x0000000094200000|100%|HC|  |TAMS 0x0000000094100000| PB 0x0000000094100000| Complete 
| 322|0x0000000094200000, 0x0000000094300000, 0x0000000094300000|100%|HS|  |TAMS 0x0000000094200000| PB 0x0000000094200000| Complete 
| 323|0x0000000094300000, 0x0000000094400000, 0x0000000094400000|100%|HC|  |TAMS 0x0000000094300000| PB 0x0000000094300000| Complete 
| 324|0x0000000094400000, 0x0000000094500000, 0x0000000094500000|100%|HS|  |TAMS 0x0000000094400000| PB 0x0000000094400000| Complete 
| 325|0x0000000094500000, 0x0000000094600000, 0x0000000094600000|100%|HC|  |TAMS 0x0000000094500000| PB 0x0000000094500000| Complete 
| 326|0x0000000094600000, 0x0000000094700000, 0x0000000094700000|100%|HS|  |TAMS 0x0000000094600000| PB 0x0000000094600000| Complete 
| 327|0x0000000094700000, 0x0000000094800000, 0x0000000094800000|100%|HC|  |TAMS 0x0000000094700000| PB 0x0000000094700000| Complete 
| 328|0x0000000094800000, 0x0000000094900000, 0x0000000094900000|100%|HS|  |TAMS 0x0000000094800000| PB 0x0000000094800000| Complete 
| 329|0x0000000094900000, 0x0000000094a00000, 0x0000000094a00000|100%|HC|  |TAMS 0x0000000094900000| PB 0x0000000094900000| Complete 
| 330|0x0000000094a00000, 0x0000000094b00000, 0x0000000094b00000|100%|HS|  |TAMS 0x0000000094a00000| PB 0x0000000094a00000| Complete 
| 331|0x0000000094b00000, 0x0000000094c00000, 0x0000000094c00000|100%|HC|  |TAMS 0x0000000094b00000| PB 0x0000000094b00000| Complete 
| 332|0x0000000094c00000, 0x0000000094d00000, 0x0000000094d00000|100%|HS|  |TAMS 0x0000000094c00000| PB 0x0000000094c00000| Complete 
| 333|0x0000000094d00000, 0x0000000094e00000, 0x0000000094e00000|100%|HC|  |TAMS 0x0000000094d00000| PB 0x0000000094d00000| Complete 
| 334|0x0000000094e00000, 0x0000000094f00000, 0x0000000094f00000|100%|HS|  |TAMS 0x0000000094e00000| PB 0x0000000094e00000| Complete 
| 335|0x0000000094f00000, 0x0000000095000000, 0x0000000095000000|100%|HC|  |TAMS 0x0000000094f00000| PB 0x0000000094f00000| Complete 
| 336|0x0000000095000000, 0x0000000095100000, 0x0000000095100000|100%|HS|  |TAMS 0x0000000095000000| PB 0x0000000095000000| Complete 
| 337|0x0000000095100000, 0x0000000095200000, 0x0000000095200000|100%|HC|  |TAMS 0x0000000095100000| PB 0x0000000095100000| Complete 
| 338|0x0000000095200000, 0x0000000095300000, 0x0000000095300000|100%|HS|  |TAMS 0x0000000095200000| PB 0x0000000095200000| Complete 
| 339|0x0000000095300000, 0x0000000095400000, 0x0000000095400000|100%|HC|  |TAMS 0x0000000095300000| PB 0x0000000095300000| Complete 
| 340|0x0000000095400000, 0x0000000095500000, 0x0000000095500000|100%|HS|  |TAMS 0x0000000095400000| PB 0x0000000095400000| Complete 
| 341|0x0000000095500000, 0x0000000095600000, 0x0000000095600000|100%|HC|  |TAMS 0x0000000095500000| PB 0x0000000095500000| Complete 
| 342|0x0000000095600000, 0x0000000095700000, 0x0000000095700000|100%|HS|  |TAMS 0x0000000095600000| PB 0x0000000095600000| Complete 
| 343|0x0000000095700000, 0x0000000095800000, 0x0000000095800000|100%|HC|  |TAMS 0x0000000095700000| PB 0x0000000095700000| Complete 
| 344|0x0000000095800000, 0x0000000095900000, 0x0000000095900000|100%|HS|  |TAMS 0x0000000095800000| PB 0x0000000095800000| Complete 
| 345|0x0000000095900000, 0x0000000095a00000, 0x0000000095a00000|100%|HC|  |TAMS 0x0000000095900000| PB 0x0000000095900000| Complete 
| 346|0x0000000095a00000, 0x0000000095b00000, 0x0000000095b00000|100%|HS|  |TAMS 0x0000000095a00000| PB 0x0000000095a00000| Complete 
| 347|0x0000000095b00000, 0x0000000095c00000, 0x0000000095c00000|100%|HC|  |TAMS 0x0000000095b00000| PB 0x0000000095b00000| Complete 
| 348|0x0000000095c00000, 0x0000000095d00000, 0x0000000095d00000|100%|HS|  |TAMS 0x0000000095c00000| PB 0x0000000095c00000| Complete 
| 349|0x0000000095d00000, 0x0000000095e00000, 0x0000000095e00000|100%|HC|  |TAMS 0x0000000095d00000| PB 0x0000000095d00000| Complete 
| 350|0x0000000095e00000, 0x0000000095f00000, 0x0000000095f00000|100%|HS|  |TAMS 0x0000000095e00000| PB 0x0000000095e00000| Complete 
| 351|0x0000000095f00000, 0x0000000096000000, 0x0000000096000000|100%|HC|  |TAMS 0x0000000095f00000| PB 0x0000000095f00000| Complete 
| 352|0x0000000096000000, 0x0000000096100000, 0x0000000096100000|100%|HS|  |TAMS 0x0000000096000000| PB 0x0000000096000000| Complete 
| 353|0x0000000096100000, 0x0000000096200000, 0x0000000096200000|100%|HC|  |TAMS 0x0000000096100000| PB 0x0000000096100000| Complete 
| 354|0x0000000096200000, 0x0000000096300000, 0x0000000096300000|100%|HS|  |TAMS 0x0000000096200000| PB 0x0000000096200000| Complete 
| 355|0x0000000096300000, 0x0000000096400000, 0x0000000096400000|100%|HC|  |TAMS 0x0000000096300000| PB 0x0000000096300000| Complete 
| 356|0x0000000096400000, 0x0000000096500000, 0x0000000096500000|100%|HS|  |TAMS 0x0000000096400000| PB 0x0000000096400000| Complete 
| 357|0x0000000096500000, 0x0000000096600000, 0x0000000096600000|100%|HC|  |TAMS 0x0000000096500000| PB 0x0000000096500000| Complete 
| 358|0x0000000096600000, 0x0000000096700000, 0x0000000096700000|100%|HS|  |TAMS 0x0000000096600000| PB 0x0000000096600000| Complete 
| 359|0x0000000096700000, 0x0000000096800000, 0x0000000096800000|100%|HC|  |TAMS 0x0000000096700000| PB 0x0000000096700000| Complete 
| 360|0x0000000096800000, 0x0000000096900000, 0x0000000096900000|100%|HS|  |TAMS 0x0000000096800000| PB 0x0000000096800000| Complete 
| 361|0x0000000096900000, 0x0000000096a00000, 0x0000000096a00000|100%|HC|  |TAMS 0x0000000096900000| PB 0x0000000096900000| Complete 
| 362|0x0000000096a00000, 0x0000000096b00000, 0x0000000096b00000|100%|HS|  |TAMS 0x0000000096a00000| PB 0x0000000096a00000| Complete 
| 363|0x0000000096b00000, 0x0000000096c00000, 0x0000000096c00000|100%|HC|  |TAMS 0x0000000096b00000| PB 0x0000000096b00000| Complete 
| 364|0x0000000096c00000, 0x0000000096d00000, 0x0000000096d00000|100%|HS|  |TAMS 0x0000000096c00000| PB 0x0000000096c00000| Complete 
| 365|0x0000000096d00000, 0x0000000096e00000, 0x0000000096e00000|100%|HC|  |TAMS 0x0000000096d00000| PB 0x0000000096d00000| Complete 
| 366|0x0000000096e00000, 0x0000000096f00000, 0x0000000096f00000|100%|HS|  |TAMS 0x0000000096e00000| PB 0x0000000096e00000| Complete 
| 367|0x0000000096f00000, 0x0000000097000000, 0x0000000097000000|100%|HC|  |TAMS 0x0000000096f00000| PB 0x0000000096f00000| Complete 
| 368|0x0000000097000000, 0x0000000097100000, 0x0000000097100000|100%|HS|  |TAMS 0x0000000097000000| PB 0x0000000097000000| Complete 
| 369|0x0000000097100000, 0x0000000097200000, 0x0000000097200000|100%|HC|  |TAMS 0x0000000097100000| PB 0x0000000097100000| Complete 
| 370|0x0000000097200000, 0x0000000097300000, 0x0000000097300000|100%|HS|  |TAMS 0x0000000097200000| PB 0x0000000097200000| Complete 
| 371|0x0000000097300000, 0x0000000097400000, 0x0000000097400000|100%|HC|  |TAMS 0x0000000097300000| PB 0x0000000097300000| Complete 
| 372|0x0000000097400000, 0x0000000097500000, 0x0000000097500000|100%|HS|  |TAMS 0x0000000097400000| PB 0x0000000097400000| Complete 
| 373|0x0000000097500000, 0x0000000097600000, 0x0000000097600000|100%|HC|  |TAMS 0x0000000097500000| PB 0x0000000097500000| Complete 
| 374|0x0000000097600000, 0x0000000097700000, 0x0000000097700000|100%|HS|  |TAMS 0x0000000097600000| PB 0x0000000097600000| Complete 
| 375|0x0000000097700000, 0x0000000097800000, 0x0000000097800000|100%|HC|  |TAMS 0x0000000097700000| PB 0x0000000097700000| Complete 
| 376|0x0000000097800000, 0x0000000097900000, 0x0000000097900000|100%|HS|  |TAMS 0x0000000097800000| PB 0x0000000097800000| Complete 
| 377|0x0000000097900000, 0x0000000097a00000, 0x0000000097a00000|100%|HC|  |TAMS 0x0000000097900000| PB 0x0000000097900000| Complete 
| 378|0x0000000097a00000, 0x0000000097b00000, 0x0000000097b00000|100%|HS|  |TAMS 0x0000000097a00000| PB 0x0000000097a00000| Complete 
| 379|0x0000000097b00000, 0x0000000097c00000, 0x0000000097c00000|100%|HC|  |TAMS 0x0000000097b00000| PB 0x0000000097b00000| Complete 
| 380|0x0000000097c00000, 0x0000000097d00000, 0x0000000097d00000|100%|HS|  |TAMS 0x0000000097c00000| PB 0x0000000097c00000| Complete 
| 381|0x0000000097d00000, 0x0000000097e00000, 0x0000000097e00000|100%|HC|  |TAMS 0x0000000097d00000| PB 0x0000000097d00000| Complete 
| 382|0x0000000097e00000, 0x0000000097e00000, 0x0000000097f00000|  0%| F|  |TAMS 0x0000000097e00000| PB 0x0000000097e00000| Untracked 
| 383|0x0000000097f00000, 0x0000000097f00000, 0x0000000098000000|  0%| F|  |TAMS 0x0000000097f00000| PB 0x0000000097f00000| Untracked 
| 384|0x0000000098000000, 0x0000000098000000, 0x0000000098100000|  0%| F|  |TAMS 0x0000000098000000| PB 0x0000000098000000| Untracked 
| 385|0x0000000098100000, 0x0000000098100000, 0x0000000098200000|  0%| F|  |TAMS 0x0000000098100000| PB 0x0000000098100000| Untracked 
| 386|0x0000000098200000, 0x0000000098200000, 0x0000000098300000|  0%| F|  |TAMS 0x0000000098200000| PB 0x0000000098200000| Untracked 
| 387|0x0000000098300000, 0x0000000098300000, 0x0000000098400000|  0%| F|  |TAMS 0x0000000098300000| PB 0x0000000098300000| Untracked 
| 388|0x0000000098400000, 0x0000000098400000, 0x0000000098500000|  0%| F|  |TAMS 0x0000000098400000| PB 0x0000000098400000| Untracked 
| 389|0x0000000098500000, 0x0000000098500000, 0x0000000098600000|  0%| F|  |TAMS 0x0000000098500000| PB 0x0000000098500000| Untracked 
| 390|0x0000000098600000, 0x0000000098600000, 0x0000000098700000|  0%| F|  |TAMS 0x0000000098600000| PB 0x0000000098600000| Untracked 
| 391|0x0000000098700000, 0x0000000098700000, 0x0000000098800000|  0%| F|  |TAMS 0x0000000098700000| PB 0x0000000098700000| Untracked 
| 392|0x0000000098800000, 0x0000000098800000, 0x0000000098900000|  0%| F|  |TAMS 0x0000000098800000| PB 0x0000000098800000| Untracked 
| 393|0x0000000098900000, 0x0000000098900000, 0x0000000098a00000|  0%| F|  |TAMS 0x0000000098900000| PB 0x0000000098900000| Untracked 
| 394|0x0000000098a00000, 0x0000000098a00000, 0x0000000098b00000|  0%| F|  |TAMS 0x0000000098a00000| PB 0x0000000098a00000| Untracked 
| 395|0x0000000098b00000, 0x0000000098b00000, 0x0000000098c00000|  0%| F|  |TAMS 0x0000000098b00000| PB 0x0000000098b00000| Untracked 
| 396|0x0000000098c00000, 0x0000000098c00000, 0x0000000098d00000|  0%| F|  |TAMS 0x0000000098c00000| PB 0x0000000098c00000| Untracked 
| 397|0x0000000098d00000, 0x0000000098d00000, 0x0000000098e00000|  0%| F|  |TAMS 0x0000000098d00000| PB 0x0000000098d00000| Untracked 
| 398|0x0000000098e00000, 0x0000000098e00000, 0x0000000098f00000|  0%| F|  |TAMS 0x0000000098e00000| PB 0x0000000098e00000| Untracked 
| 399|0x0000000098f00000, 0x0000000098f00000, 0x0000000099000000|  0%| F|  |TAMS 0x0000000098f00000| PB 0x0000000098f00000| Untracked 
| 400|0x0000000099000000, 0x0000000099000000, 0x0000000099100000|  0%| F|  |TAMS 0x0000000099000000| PB 0x0000000099000000| Untracked 
| 401|0x0000000099100000, 0x0000000099100000, 0x0000000099200000|  0%| F|  |TAMS 0x0000000099100000| PB 0x0000000099100000| Untracked 
| 402|0x0000000099200000, 0x0000000099200000, 0x0000000099300000|  0%| F|  |TAMS 0x0000000099200000| PB 0x0000000099200000| Untracked 
| 403|0x0000000099300000, 0x0000000099300000, 0x0000000099400000|  0%| F|  |TAMS 0x0000000099300000| PB 0x0000000099300000| Untracked 
| 404|0x0000000099400000, 0x0000000099400000, 0x0000000099500000|  0%| F|  |TAMS 0x0000000099400000| PB 0x0000000099400000| Untracked 
| 405|0x0000000099500000, 0x0000000099500000, 0x0000000099600000|  0%| F|  |TAMS 0x0000000099500000| PB 0x0000000099500000| Untracked 
| 406|0x0000000099600000, 0x0000000099600000, 0x0000000099700000|  0%| F|  |TAMS 0x0000000099600000| PB 0x0000000099600000| Untracked 
| 407|0x0000000099700000, 0x0000000099700000, 0x0000000099800000|  0%| F|  |TAMS 0x0000000099700000| PB 0x0000000099700000| Untracked 
| 408|0x0000000099800000, 0x0000000099800000, 0x0000000099900000|  0%| F|  |TAMS 0x0000000099800000| PB 0x0000000099800000| Untracked 
| 409|0x0000000099900000, 0x0000000099900000, 0x0000000099a00000|  0%| F|  |TAMS 0x0000000099900000| PB 0x0000000099900000| Untracked 
| 410|0x0000000099a00000, 0x0000000099a00000, 0x0000000099b00000|  0%| F|  |TAMS 0x0000000099a00000| PB 0x0000000099a00000| Untracked 
| 411|0x0000000099b00000, 0x0000000099b00000, 0x0000000099c00000|  0%| F|  |TAMS 0x0000000099b00000| PB 0x0000000099b00000| Untracked 
| 412|0x0000000099c00000, 0x0000000099c00000, 0x0000000099d00000|  0%| F|  |TAMS 0x0000000099c00000| PB 0x0000000099c00000| Untracked 
| 413|0x0000000099d00000, 0x0000000099d00000, 0x0000000099e00000|  0%| F|  |TAMS 0x0000000099d00000| PB 0x0000000099d00000| Untracked 
| 414|0x0000000099e00000, 0x0000000099e00000, 0x0000000099f00000|  0%| F|  |TAMS 0x0000000099e00000| PB 0x0000000099e00000| Untracked 
| 415|0x0000000099f00000, 0x0000000099f00000, 0x000000009a000000|  0%| F|  |TAMS 0x0000000099f00000| PB 0x0000000099f00000| Untracked 
| 416|0x000000009a000000, 0x000000009a000000, 0x000000009a100000|  0%| F|  |TAMS 0x000000009a000000| PB 0x000000009a000000| Untracked 
| 417|0x000000009a100000, 0x000000009a100000, 0x000000009a200000|  0%| F|  |TAMS 0x000000009a100000| PB 0x000000009a100000| Untracked 
| 418|0x000000009a200000, 0x000000009a200000, 0x000000009a300000|  0%| F|  |TAMS 0x000000009a200000| PB 0x000000009a200000| Untracked 
| 419|0x000000009a300000, 0x000000009a300000, 0x000000009a400000|  0%| F|  |TAMS 0x000000009a300000| PB 0x000000009a300000| Untracked 
| 420|0x000000009a400000, 0x000000009a400000, 0x000000009a500000|  0%| F|  |TAMS 0x000000009a400000| PB 0x000000009a400000| Untracked 
| 421|0x000000009a500000, 0x000000009a500000, 0x000000009a600000|  0%| F|  |TAMS 0x000000009a500000| PB 0x000000009a500000| Untracked 
| 422|0x000000009a600000, 0x000000009a600000, 0x000000009a700000|  0%| F|  |TAMS 0x000000009a600000| PB 0x000000009a600000| Untracked 
| 423|0x000000009a700000, 0x000000009a700000, 0x000000009a800000|  0%| F|  |TAMS 0x000000009a700000| PB 0x000000009a700000| Untracked 
| 424|0x000000009a800000, 0x000000009a800000, 0x000000009a900000|  0%| F|  |TAMS 0x000000009a800000| PB 0x000000009a800000| Untracked 
| 425|0x000000009a900000, 0x000000009a900000, 0x000000009aa00000|  0%| F|  |TAMS 0x000000009a900000| PB 0x000000009a900000| Untracked 
| 426|0x000000009aa00000, 0x000000009aa00000, 0x000000009ab00000|  0%| F|  |TAMS 0x000000009aa00000| PB 0x000000009aa00000| Untracked 
| 427|0x000000009ab00000, 0x000000009ab00000, 0x000000009ac00000|  0%| F|  |TAMS 0x000000009ab00000| PB 0x000000009ab00000| Untracked 
| 428|0x000000009ac00000, 0x000000009ac00000, 0x000000009ad00000|  0%| F|  |TAMS 0x000000009ac00000| PB 0x000000009ac00000| Untracked 
| 429|0x000000009ad00000, 0x000000009ad00000, 0x000000009ae00000|  0%| F|  |TAMS 0x000000009ad00000| PB 0x000000009ad00000| Untracked 
| 430|0x000000009ae00000, 0x000000009ae00000, 0x000000009af00000|  0%| F|  |TAMS 0x000000009ae00000| PB 0x000000009ae00000| Untracked 
| 431|0x000000009af00000, 0x000000009af00000, 0x000000009b000000|  0%| F|  |TAMS 0x000000009af00000| PB 0x000000009af00000| Untracked 
| 432|0x000000009b000000, 0x000000009b000000, 0x000000009b100000|  0%| F|  |TAMS 0x000000009b000000| PB 0x000000009b000000| Untracked 
| 433|0x000000009b100000, 0x000000009b100000, 0x000000009b200000|  0%| F|  |TAMS 0x000000009b100000| PB 0x000000009b100000| Untracked 
| 434|0x000000009b200000, 0x000000009b200000, 0x000000009b300000|  0%| F|  |TAMS 0x000000009b200000| PB 0x000000009b200000| Untracked 
| 435|0x000000009b300000, 0x000000009b300000, 0x000000009b400000|  0%| F|  |TAMS 0x000000009b300000| PB 0x000000009b300000| Untracked 
| 436|0x000000009b400000, 0x000000009b400000, 0x000000009b500000|  0%| F|  |TAMS 0x000000009b400000| PB 0x000000009b400000| Untracked 
| 437|0x000000009b500000, 0x000000009b500000, 0x000000009b600000|  0%| F|  |TAMS 0x000000009b500000| PB 0x000000009b500000| Untracked 
| 438|0x000000009b600000, 0x000000009b64b220, 0x000000009b700000| 29%| S|CS|TAMS 0x000000009b600000| PB 0x000000009b600000| Complete 
| 439|0x000000009b700000, 0x000000009b800000, 0x000000009b800000|100%| S|CS|TAMS 0x000000009b700000| PB 0x000000009b700000| Complete 
| 440|0x000000009b800000, 0x000000009b800000, 0x000000009b900000|  0%| F|  |TAMS 0x000000009b800000| PB 0x000000009b800000| Untracked 
| 441|0x000000009b900000, 0x000000009b900000, 0x000000009ba00000|  0%| F|  |TAMS 0x000000009b900000| PB 0x000000009b900000| Untracked 
| 442|0x000000009ba00000, 0x000000009ba00000, 0x000000009bb00000|  0%| F|  |TAMS 0x000000009ba00000| PB 0x000000009ba00000| Untracked 
| 443|0x000000009bb00000, 0x000000009bb00000, 0x000000009bc00000|  0%| F|  |TAMS 0x000000009bb00000| PB 0x000000009bb00000| Untracked 
| 444|0x000000009bc00000, 0x000000009bc00000, 0x000000009bd00000|  0%| F|  |TAMS 0x000000009bc00000| PB 0x000000009bc00000| Untracked 
| 445|0x000000009bd00000, 0x000000009bd00000, 0x000000009be00000|  0%| F|  |TAMS 0x000000009bd00000| PB 0x000000009bd00000| Untracked 
| 446|0x000000009be00000, 0x000000009be00000, 0x000000009bf00000|  0%| F|  |TAMS 0x000000009be00000| PB 0x000000009be00000| Untracked 
| 447|0x000000009bf00000, 0x000000009bf00000, 0x000000009c000000|  0%| F|  |TAMS 0x000000009bf00000| PB 0x000000009bf00000| Untracked 
| 448|0x000000009c000000, 0x000000009c000000, 0x000000009c100000|  0%| F|  |TAMS 0x000000009c000000| PB 0x000000009c000000| Untracked 
| 449|0x000000009c100000, 0x000000009c100000, 0x000000009c200000|  0%| F|  |TAMS 0x000000009c100000| PB 0x000000009c100000| Untracked 
| 450|0x000000009c200000, 0x000000009c200000, 0x000000009c300000|  0%| F|  |TAMS 0x000000009c200000| PB 0x000000009c200000| Untracked 
| 451|0x000000009c300000, 0x000000009c300000, 0x000000009c400000|  0%| F|  |TAMS 0x000000009c300000| PB 0x000000009c300000| Untracked 
| 452|0x000000009c400000, 0x000000009c400000, 0x000000009c500000|  0%| F|  |TAMS 0x000000009c400000| PB 0x000000009c400000| Untracked 
| 453|0x000000009c500000, 0x000000009c500000, 0x000000009c600000|  0%| F|  |TAMS 0x000000009c500000| PB 0x000000009c500000| Untracked 
| 454|0x000000009c600000, 0x000000009c600000, 0x000000009c700000|  0%| F|  |TAMS 0x000000009c600000| PB 0x000000009c600000| Untracked 
| 455|0x000000009c700000, 0x000000009c700000, 0x000000009c800000|  0%| F|  |TAMS 0x000000009c700000| PB 0x000000009c700000| Untracked 
| 456|0x000000009c800000, 0x000000009c800000, 0x000000009c900000|  0%| F|  |TAMS 0x000000009c800000| PB 0x000000009c800000| Untracked 
| 457|0x000000009c900000, 0x000000009c900000, 0x000000009ca00000|  0%| F|  |TAMS 0x000000009c900000| PB 0x000000009c900000| Untracked 
| 458|0x000000009ca00000, 0x000000009ca00000, 0x000000009cb00000|  0%| F|  |TAMS 0x000000009ca00000| PB 0x000000009ca00000| Untracked 
| 459|0x000000009cb00000, 0x000000009cb00000, 0x000000009cc00000|  0%| F|  |TAMS 0x000000009cb00000| PB 0x000000009cb00000| Untracked 
| 460|0x000000009cc00000, 0x000000009cc00000, 0x000000009cd00000|  0%| F|  |TAMS 0x000000009cc00000| PB 0x000000009cc00000| Untracked 
| 461|0x000000009cd00000, 0x000000009cd00000, 0x000000009ce00000|  0%| F|  |TAMS 0x000000009cd00000| PB 0x000000009cd00000| Untracked 
| 462|0x000000009ce00000, 0x000000009ce00000, 0x000000009cf00000|  0%| F|  |TAMS 0x000000009ce00000| PB 0x000000009ce00000| Untracked 
| 463|0x000000009cf00000, 0x000000009cf00000, 0x000000009d000000|  0%| F|  |TAMS 0x000000009cf00000| PB 0x000000009cf00000| Untracked 
| 464|0x000000009d000000, 0x000000009d000000, 0x000000009d100000|  0%| F|  |TAMS 0x000000009d000000| PB 0x000000009d000000| Untracked 
| 465|0x000000009d100000, 0x000000009d100000, 0x000000009d200000|  0%| F|  |TAMS 0x000000009d100000| PB 0x000000009d100000| Untracked 
| 466|0x000000009d200000, 0x000000009d200000, 0x000000009d300000|  0%| F|  |TAMS 0x000000009d200000| PB 0x000000009d200000| Untracked 
| 467|0x000000009d300000, 0x000000009d300000, 0x000000009d400000|  0%| F|  |TAMS 0x000000009d300000| PB 0x000000009d300000| Untracked 
| 468|0x000000009d400000, 0x000000009d400000, 0x000000009d500000|  0%| F|  |TAMS 0x000000009d400000| PB 0x000000009d400000| Untracked 
| 469|0x000000009d500000, 0x000000009d500000, 0x000000009d600000|  0%| F|  |TAMS 0x000000009d500000| PB 0x000000009d500000| Untracked 
| 470|0x000000009d600000, 0x000000009d600000, 0x000000009d700000|  0%| F|  |TAMS 0x000000009d600000| PB 0x000000009d600000| Untracked 
| 471|0x000000009d700000, 0x000000009d700000, 0x000000009d800000|  0%| F|  |TAMS 0x000000009d700000| PB 0x000000009d700000| Untracked 
| 472|0x000000009d800000, 0x000000009d800000, 0x000000009d900000|  0%| F|  |TAMS 0x000000009d800000| PB 0x000000009d800000| Untracked 
| 473|0x000000009d900000, 0x000000009d900000, 0x000000009da00000|  0%| F|  |TAMS 0x000000009d900000| PB 0x000000009d900000| Untracked 
| 474|0x000000009da00000, 0x000000009da00000, 0x000000009db00000|  0%| F|  |TAMS 0x000000009da00000| PB 0x000000009da00000| Untracked 
| 475|0x000000009db00000, 0x000000009db00000, 0x000000009dc00000|  0%| F|  |TAMS 0x000000009db00000| PB 0x000000009db00000| Untracked 
| 476|0x000000009dc00000, 0x000000009dc00000, 0x000000009dd00000|  0%| F|  |TAMS 0x000000009dc00000| PB 0x000000009dc00000| Untracked 
| 477|0x000000009dd00000, 0x000000009dd00000, 0x000000009de00000|  0%| F|  |TAMS 0x000000009dd00000| PB 0x000000009dd00000| Untracked 
| 478|0x000000009de00000, 0x000000009de00000, 0x000000009df00000|  0%| F|  |TAMS 0x000000009de00000| PB 0x000000009de00000| Untracked 
| 479|0x000000009df00000, 0x000000009df00000, 0x000000009e000000|  0%| F|  |TAMS 0x000000009df00000| PB 0x000000009df00000| Untracked 
| 480|0x000000009e000000, 0x000000009e000000, 0x000000009e100000|  0%| F|  |TAMS 0x000000009e000000| PB 0x000000009e000000| Untracked 
| 481|0x000000009e100000, 0x000000009e100000, 0x000000009e200000|  0%| F|  |TAMS 0x000000009e100000| PB 0x000000009e100000| Untracked 
| 482|0x000000009e200000, 0x000000009e200000, 0x000000009e300000|  0%| F|  |TAMS 0x000000009e200000| PB 0x000000009e200000| Untracked 
| 483|0x000000009e300000, 0x000000009e300000, 0x000000009e400000|  0%| F|  |TAMS 0x000000009e300000| PB 0x000000009e300000| Untracked 
| 484|0x000000009e400000, 0x000000009e400000, 0x000000009e500000|  0%| F|  |TAMS 0x000000009e400000| PB 0x000000009e400000| Untracked 
| 485|0x000000009e500000, 0x000000009e500000, 0x000000009e600000|  0%| F|  |TAMS 0x000000009e500000| PB 0x000000009e500000| Untracked 
| 486|0x000000009e600000, 0x000000009e600000, 0x000000009e700000|  0%| F|  |TAMS 0x000000009e600000| PB 0x000000009e600000| Untracked 
| 487|0x000000009e700000, 0x000000009e700000, 0x000000009e800000|  0%| F|  |TAMS 0x000000009e700000| PB 0x000000009e700000| Untracked 
| 488|0x000000009e800000, 0x000000009e800000, 0x000000009e900000|  0%| F|  |TAMS 0x000000009e800000| PB 0x000000009e800000| Untracked 
| 489|0x000000009e900000, 0x000000009e900000, 0x000000009ea00000|  0%| F|  |TAMS 0x000000009e900000| PB 0x000000009e900000| Untracked 
| 490|0x000000009ea00000, 0x000000009ea00000, 0x000000009eb00000|  0%| F|  |TAMS 0x000000009ea00000| PB 0x000000009ea00000| Untracked 
| 491|0x000000009eb00000, 0x000000009eb00000, 0x000000009ec00000|  0%| F|  |TAMS 0x000000009eb00000| PB 0x000000009eb00000| Untracked 
| 492|0x000000009ec00000, 0x000000009ec00000, 0x000000009ed00000|  0%| F|  |TAMS 0x000000009ec00000| PB 0x000000009ec00000| Untracked 
| 493|0x000000009ed00000, 0x000000009ed00000, 0x000000009ee00000|  0%| F|  |TAMS 0x000000009ed00000| PB 0x000000009ed00000| Untracked 
| 494|0x000000009ee00000, 0x000000009ee00000, 0x000000009ef00000|  0%| F|  |TAMS 0x000000009ee00000| PB 0x000000009ee00000| Untracked 
| 495|0x000000009ef00000, 0x000000009ef00000, 0x000000009f000000|  0%| F|  |TAMS 0x000000009ef00000| PB 0x000000009ef00000| Untracked 
| 496|0x000000009f000000, 0x000000009f000000, 0x000000009f100000|  0%| F|  |TAMS 0x000000009f000000| PB 0x000000009f000000| Untracked 
| 497|0x000000009f100000, 0x000000009f100000, 0x000000009f200000|  0%| F|  |TAMS 0x000000009f100000| PB 0x000000009f100000| Untracked 
| 498|0x000000009f200000, 0x000000009f200000, 0x000000009f300000|  0%| F|  |TAMS 0x000000009f200000| PB 0x000000009f200000| Untracked 
| 499|0x000000009f300000, 0x000000009f300000, 0x000000009f400000|  0%| F|  |TAMS 0x000000009f300000| PB 0x000000009f300000| Untracked 
| 500|0x000000009f400000, 0x000000009f400000, 0x000000009f500000|  0%| F|  |TAMS 0x000000009f400000| PB 0x000000009f400000| Untracked 
| 501|0x000000009f500000, 0x000000009f500000, 0x000000009f600000|  0%| F|  |TAMS 0x000000009f500000| PB 0x000000009f500000| Untracked 
| 502|0x000000009f600000, 0x000000009f600000, 0x000000009f700000|  0%| F|  |TAMS 0x000000009f600000| PB 0x000000009f600000| Untracked 
| 503|0x000000009f700000, 0x000000009f700000, 0x000000009f800000|  0%| F|  |TAMS 0x000000009f700000| PB 0x000000009f700000| Untracked 
| 504|0x000000009f800000, 0x000000009f800000, 0x000000009f900000|  0%| F|  |TAMS 0x000000009f800000| PB 0x000000009f800000| Untracked 
| 505|0x000000009f900000, 0x000000009f900000, 0x000000009fa00000|  0%| F|  |TAMS 0x000000009f900000| PB 0x000000009f900000| Untracked 
| 506|0x000000009fa00000, 0x000000009fa00000, 0x000000009fb00000|  0%| F|  |TAMS 0x000000009fa00000| PB 0x000000009fa00000| Untracked 
| 507|0x000000009fb00000, 0x000000009fb00000, 0x000000009fc00000|  0%| F|  |TAMS 0x000000009fb00000| PB 0x000000009fb00000| Untracked 
| 508|0x000000009fc00000, 0x000000009fc00000, 0x000000009fd00000|  0%| F|  |TAMS 0x000000009fc00000| PB 0x000000009fc00000| Untracked 
| 509|0x000000009fd00000, 0x000000009fd00000, 0x000000009fe00000|  0%| F|  |TAMS 0x000000009fd00000| PB 0x000000009fd00000| Untracked 
| 510|0x000000009fe00000, 0x000000009fe00000, 0x000000009ff00000|  0%| F|  |TAMS 0x000000009fe00000| PB 0x000000009fe00000| Untracked 
| 511|0x000000009ff00000, 0x000000009ff00000, 0x00000000a0000000|  0%| F|  |TAMS 0x000000009ff00000| PB 0x000000009ff00000| Untracked 
| 512|0x00000000a0000000, 0x00000000a0000000, 0x00000000a0100000|  0%| F|  |TAMS 0x00000000a0000000| PB 0x00000000a0000000| Untracked 
| 513|0x00000000a0100000, 0x00000000a0100000, 0x00000000a0200000|  0%| F|  |TAMS 0x00000000a0100000| PB 0x00000000a0100000| Untracked 
| 514|0x00000000a0200000, 0x00000000a0200000, 0x00000000a0300000|  0%| F|  |TAMS 0x00000000a0200000| PB 0x00000000a0200000| Untracked 
| 515|0x00000000a0300000, 0x00000000a0300000, 0x00000000a0400000|  0%| F|  |TAMS 0x00000000a0300000| PB 0x00000000a0300000| Untracked 
| 516|0x00000000a0400000, 0x00000000a0400000, 0x00000000a0500000|  0%| F|  |TAMS 0x00000000a0400000| PB 0x00000000a0400000| Untracked 
| 517|0x00000000a0500000, 0x00000000a0500000, 0x00000000a0600000|  0%| F|  |TAMS 0x00000000a0500000| PB 0x00000000a0500000| Untracked 
| 518|0x00000000a0600000, 0x00000000a0600000, 0x00000000a0700000|  0%| F|  |TAMS 0x00000000a0600000| PB 0x00000000a0600000| Untracked 
| 519|0x00000000a0700000, 0x00000000a0700000, 0x00000000a0800000|  0%| F|  |TAMS 0x00000000a0700000| PB 0x00000000a0700000| Untracked 
| 520|0x00000000a0800000, 0x00000000a0800000, 0x00000000a0900000|  0%| F|  |TAMS 0x00000000a0800000| PB 0x00000000a0800000| Untracked 
| 521|0x00000000a0900000, 0x00000000a0900000, 0x00000000a0a00000|  0%| F|  |TAMS 0x00000000a0900000| PB 0x00000000a0900000| Untracked 
| 522|0x00000000a0a00000, 0x00000000a0a00000, 0x00000000a0b00000|  0%| F|  |TAMS 0x00000000a0a00000| PB 0x00000000a0a00000| Untracked 
| 523|0x00000000a0b00000, 0x00000000a0b00000, 0x00000000a0c00000|  0%| F|  |TAMS 0x00000000a0b00000| PB 0x00000000a0b00000| Untracked 
| 524|0x00000000a0c00000, 0x00000000a0c00000, 0x00000000a0d00000|  0%| F|  |TAMS 0x00000000a0c00000| PB 0x00000000a0c00000| Untracked 
| 525|0x00000000a0d00000, 0x00000000a0d00000, 0x00000000a0e00000|  0%| F|  |TAMS 0x00000000a0d00000| PB 0x00000000a0d00000| Untracked 
| 526|0x00000000a0e00000, 0x00000000a0e00000, 0x00000000a0f00000|  0%| F|  |TAMS 0x00000000a0e00000| PB 0x00000000a0e00000| Untracked 
| 527|0x00000000a0f00000, 0x00000000a0f00000, 0x00000000a1000000|  0%| F|  |TAMS 0x00000000a0f00000| PB 0x00000000a0f00000| Untracked 
| 528|0x00000000a1000000, 0x00000000a1000000, 0x00000000a1100000|  0%| F|  |TAMS 0x00000000a1000000| PB 0x00000000a1000000| Untracked 
| 529|0x00000000a1100000, 0x00000000a1100000, 0x00000000a1200000|  0%| F|  |TAMS 0x00000000a1100000| PB 0x00000000a1100000| Untracked 
| 530|0x00000000a1200000, 0x00000000a1200000, 0x00000000a1300000|  0%| F|  |TAMS 0x00000000a1200000| PB 0x00000000a1200000| Untracked 
| 531|0x00000000a1300000, 0x00000000a1300000, 0x00000000a1400000|  0%| F|  |TAMS 0x00000000a1300000| PB 0x00000000a1300000| Untracked 
| 532|0x00000000a1400000, 0x00000000a1400000, 0x00000000a1500000|  0%| F|  |TAMS 0x00000000a1400000| PB 0x00000000a1400000| Untracked 
| 533|0x00000000a1500000, 0x00000000a1500000, 0x00000000a1600000|  0%| F|  |TAMS 0x00000000a1500000| PB 0x00000000a1500000| Untracked 
| 534|0x00000000a1600000, 0x00000000a1600000, 0x00000000a1700000|  0%| F|  |TAMS 0x00000000a1600000| PB 0x00000000a1600000| Untracked 
| 535|0x00000000a1700000, 0x00000000a1700000, 0x00000000a1800000|  0%| F|  |TAMS 0x00000000a1700000| PB 0x00000000a1700000| Untracked 
| 536|0x00000000a1800000, 0x00000000a1800000, 0x00000000a1900000|  0%| F|  |TAMS 0x00000000a1800000| PB 0x00000000a1800000| Untracked 
| 537|0x00000000a1900000, 0x00000000a1a00000, 0x00000000a1a00000|100%| S|CS|TAMS 0x00000000a1900000| PB 0x00000000a1900000| Complete 
| 538|0x00000000a1a00000, 0x00000000a1b00000, 0x00000000a1b00000|100%| S|CS|TAMS 0x00000000a1a00000| PB 0x00000000a1a00000| Complete 
| 539|0x00000000a1b00000, 0x00000000a1c00000, 0x00000000a1c00000|100%| S|CS|TAMS 0x00000000a1b00000| PB 0x00000000a1b00000| Complete 
| 540|0x00000000a1c00000, 0x00000000a1d00000, 0x00000000a1d00000|100%| S|CS|TAMS 0x00000000a1c00000| PB 0x00000000a1c00000| Complete 
| 541|0x00000000a1d00000, 0x00000000a1e00000, 0x00000000a1e00000|100%| S|CS|TAMS 0x00000000a1d00000| PB 0x00000000a1d00000| Complete 
| 542|0x00000000a1e00000, 0x00000000a1f00000, 0x00000000a1f00000|100%| S|CS|TAMS 0x00000000a1e00000| PB 0x00000000a1e00000| Complete 
| 543|0x00000000a1f00000, 0x00000000a2000000, 0x00000000a2000000|100%| S|CS|TAMS 0x00000000a1f00000| PB 0x00000000a1f00000| Complete 
| 544|0x00000000a2000000, 0x00000000a2100000, 0x00000000a2100000|100%| S|CS|TAMS 0x00000000a2000000| PB 0x00000000a2000000| Complete 
| 545|0x00000000a2100000, 0x00000000a2200000, 0x00000000a2200000|100%| S|CS|TAMS 0x00000000a2100000| PB 0x00000000a2100000| Complete 
| 546|0x00000000a2200000, 0x00000000a2300000, 0x00000000a2300000|100%| S|CS|TAMS 0x00000000a2200000| PB 0x00000000a2200000| Complete 
| 547|0x00000000a2300000, 0x00000000a2400000, 0x00000000a2400000|100%| S|CS|TAMS 0x00000000a2300000| PB 0x00000000a2300000| Complete 
| 548|0x00000000a2400000, 0x00000000a2500000, 0x00000000a2500000|100%| S|CS|TAMS 0x00000000a2400000| PB 0x00000000a2400000| Complete 
| 549|0x00000000a2500000, 0x00000000a2600000, 0x00000000a2600000|100%| S|CS|TAMS 0x00000000a2500000| PB 0x00000000a2500000| Complete 
| 550|0x00000000a2600000, 0x00000000a2700000, 0x00000000a2700000|100%| S|CS|TAMS 0x00000000a2600000| PB 0x00000000a2600000| Complete 
| 551|0x00000000a2700000, 0x00000000a2700000, 0x00000000a2800000|  0%| F|  |TAMS 0x00000000a2700000| PB 0x00000000a2700000| Untracked 
| 552|0x00000000a2800000, 0x00000000a2800000, 0x00000000a2900000|  0%| F|  |TAMS 0x00000000a2800000| PB 0x00000000a2800000| Untracked 
| 553|0x00000000a2900000, 0x00000000a2900000, 0x00000000a2a00000|  0%| F|  |TAMS 0x00000000a2900000| PB 0x00000000a2900000| Untracked 
| 554|0x00000000a2a00000, 0x00000000a2a00000, 0x00000000a2b00000|  0%| F|  |TAMS 0x00000000a2a00000| PB 0x00000000a2a00000| Untracked 
|2008|0x00000000fd800000, 0x00000000fd900000, 0x00000000fd900000|100%| O|  |TAMS 0x00000000fd900000| PB 0x00000000fd900000| Updating 
|2009|0x00000000fd900000, 0x00000000fda00000, 0x00000000fda00000|100%| O|  |TAMS 0x00000000fda00000| PB 0x00000000fda00000| Updating 
|2011|0x00000000fdb00000, 0x00000000fdc00000, 0x00000000fdc00000|100%| O|  |TAMS 0x00000000fdc00000| PB 0x00000000fdc00000| Untracked 
|2017|0x00000000fe100000, 0x00000000fe100000, 0x00000000fe200000|  0%| F|  |TAMS 0x00000000fe100000| PB 0x00000000fe100000| Untracked 
|2018|0x00000000fe200000, 0x00000000fe300000, 0x00000000fe300000|100%| O|  |TAMS 0x00000000fe300000| PB 0x00000000fe300000| Untracked 
|2019|0x00000000fe300000, 0x00000000fe400000, 0x00000000fe400000|100%| O|  |TAMS 0x00000000fe400000| PB 0x00000000fe400000| Untracked 
|2020|0x00000000fe400000, 0x00000000fe500000, 0x00000000fe500000|100%| O|  |TAMS 0x00000000fe500000| PB 0x00000000fe500000| Untracked 
|2022|0x00000000fe600000, 0x00000000fe700000, 0x00000000fe700000|100%| O|  |TAMS 0x00000000fe700000| PB 0x00000000fe700000| Updating 
|2023|0x00000000fe700000, 0x00000000fe700000, 0x00000000fe800000|  0%| F|  |TAMS 0x00000000fe700000| PB 0x00000000fe700000| Untracked 
|2024|0x00000000fe800000, 0x00000000fe900000, 0x00000000fe900000|100%| O|  |TAMS 0x00000000fe900000| PB 0x00000000fe900000| Untracked 
|2025|0x00000000fe900000, 0x00000000fea00000, 0x00000000fea00000|100%| O|  |TAMS 0x00000000fea00000| PB 0x00000000fea00000| Untracked 
|2026|0x00000000fea00000, 0x00000000feb00000, 0x00000000feb00000|100%| O|  |TAMS 0x00000000feb00000| PB 0x00000000feb00000| Untracked 
|2027|0x00000000feb00000, 0x00000000fec00000, 0x00000000fec00000|100%| O|  |TAMS 0x00000000fec00000| PB 0x00000000fec00000| Untracked 
|2028|0x00000000fec00000, 0x00000000fed00000, 0x00000000fed00000|100%| O|  |TAMS 0x00000000fed00000| PB 0x00000000fed00000| Untracked 
|2029|0x00000000fed00000, 0x00000000fee00000, 0x00000000fee00000|100%| O|  |TAMS 0x00000000fee00000| PB 0x00000000fee00000| Untracked 
|2030|0x00000000fee00000, 0x00000000fef00000, 0x00000000fef00000|100%| O|  |TAMS 0x00000000fef00000| PB 0x00000000fef00000| Untracked 
|2031|0x00000000fef00000, 0x00000000ff000000, 0x00000000ff000000|100%| O|  |TAMS 0x00000000ff000000| PB 0x00000000ff000000| Untracked 
|2032|0x00000000ff000000, 0x00000000ff100000, 0x00000000ff100000|100%| O|  |TAMS 0x00000000ff100000| PB 0x00000000ff100000| Untracked 
|2033|0x00000000ff100000, 0x00000000ff100000, 0x00000000ff200000|  0%| F|  |TAMS 0x00000000ff100000| PB 0x00000000ff100000| Untracked 
|2034|0x00000000ff200000, 0x00000000ff200000, 0x00000000ff300000|  0%| F|  |TAMS 0x00000000ff200000| PB 0x00000000ff200000| Untracked 
|2035|0x00000000ff300000, 0x00000000ff300000, 0x00000000ff400000|  0%| F|  |TAMS 0x00000000ff300000| PB 0x00000000ff300000| Untracked 
|2036|0x00000000ff400000, 0x00000000ff500000, 0x00000000ff500000|100%| O|  |TAMS 0x00000000ff500000| PB 0x00000000ff500000| Untracked 
|2037|0x00000000ff500000, 0x00000000ff600000, 0x00000000ff600000|100%| O|  |TAMS 0x00000000ff600000| PB 0x00000000ff600000| Untracked 
|2038|0x00000000ff600000, 0x00000000ff700000, 0x00000000ff700000|100%| O|  |TAMS 0x00000000ff700000| PB 0x00000000ff700000| Untracked 
|2039|0x00000000ff700000, 0x00000000ff800000, 0x00000000ff800000|100%| O|  |TAMS 0x00000000ff800000| PB 0x00000000ff800000| Untracked 
|2040|0x00000000ff800000, 0x00000000ff800000, 0x00000000ff900000|  0%| F|  |TAMS 0x00000000ff800000| PB 0x00000000ff800000| Untracked 
|2041|0x00000000ff900000, 0x00000000ff900000, 0x00000000ffa00000|  0%| F|  |TAMS 0x00000000ff900000| PB 0x00000000ff900000| Untracked 
|2042|0x00000000ffa00000, 0x00000000ffa00000, 0x00000000ffb00000|  0%| F|  |TAMS 0x00000000ffa00000| PB 0x00000000ffa00000| Untracked 
|2043|0x00000000ffb00000, 0x00000000ffb00000, 0x00000000ffc00000|  0%| F|  |TAMS 0x00000000ffb00000| PB 0x00000000ffb00000| Untracked 
|2044|0x00000000ffc00000, 0x00000000ffc96890, 0x00000000ffd00000| 58%| E|  |TAMS 0x00000000ffc00000| PB 0x00000000ffc00000| Complete 
|2045|0x00000000ffd00000, 0x00000000ffe00000, 0x00000000ffe00000|100%| O|  |TAMS 0x00000000ffe00000| PB 0x00000000ffe00000| Updating 
|2046|0x00000000ffe00000, 0x00000000fff00000, 0x00000000fff00000|100%| E|CS|TAMS 0x00000000ffe00000| PB 0x00000000ffe00000| Complete 
|2047|0x00000000fff00000, 0x0000000100000000, 0x0000000100000000|100%| E|  |TAMS 0x00000000fff00000| PB 0x00000000fff00000| Complete 

Card table byte_map: [0x000001f1b0ef0000,0x000001f1b12f0000] _byte_map_base: 0x000001f1b0af0000

Marking Bits: (CMBitMap*) 0x000001f19c7ba270
 Bits: [0x000001f1b12f0000, 0x000001f1b32f0000)

Polling page: 0x000001f19c830000

Metaspace:

Usage:
  Non-class:    147.08 MB used.
      Class:     20.74 MB used.
       Both:    167.83 MB used.

Virtual space:
  Non-class space:      192.00 MB reserved,     148.19 MB ( 77%) committed,  3 nodes.
      Class space:        1.00 GB reserved,      21.94 MB (  2%) committed,  1 nodes.
             Both:        1.19 GB reserved,     170.12 MB ( 14%) committed. 

Chunk freelists:
   Non-Class:  11.46 MB
       Class:  10.39 MB
        Both:  21.86 MB

MaxMetaspaceSize: unlimited
CompressedClassSpaceSize: 1.00 GB
Initial GC threshold: 21.00 MB
Current GC threshold: 289.06 MB
CDS: off
 - commit_granule_bytes: 65536.
 - commit_granule_words: 8192.
 - virtual_space_node_default_size: 8388608.
 - enlarge_chunks_in_place: 1.
 - use_allocation_guard: 0.


Internal statistics:

num_allocs_failed_limit: 9.
num_arena_births: 5588.
num_arena_deaths: 2748.
num_vsnodes_births: 4.
num_vsnodes_deaths: 0.
num_space_committed: 2859.
num_space_uncommitted: 89.
num_chunks_returned_to_freelist: 4143.
num_chunks_taken_from_freelist: 15086.
num_chunk_merges: 1214.
num_chunk_splits: 8689.
num_chunks_enlarged: 5715.
num_inconsistent_stats: 0.

CodeHeap 'non-profiled nmethods': size=120000Kb used=32216Kb max_used=33448Kb free=87783Kb
 bounds [0x000001f1a8b50000, 0x000001f1aac30000, 0x000001f1b0080000]
CodeHeap 'profiled nmethods': size=120000Kb used=41876Kb max_used=51858Kb free=78123Kb
 bounds [0x000001f1a1080000, 0x000001f1a4330000, 0x000001f1a85b0000]
CodeHeap 'non-nmethods': size=5760Kb used=2500Kb max_used=2583Kb free=3259Kb
 bounds [0x000001f1a85b0000, 0x000001f1a8850000, 0x000001f1a8b50000]
 total_blobs=23112 nmethods=22166 adapters=848
 compilation: enabled
              stopped_count=0, restarted_count=0
 full_count=0

Compilation events (20 events):
Event: 11307.113 Thread 0x000001f1ba106f10 nmethod 53252 0x000001f1a260a190 code [0x000001f1a260a340, 0x000001f1a260a628]
Event: 11307.113 Thread 0x000001f1ba106f10 53253       3       org.gradle.internal.logging.source.DefaultStdErrLoggingSystem::snapshot (5 bytes)
Event: 11307.113 Thread 0x000001f1ba106f10 nmethod 53253 0x000001f1a261b190 code [0x000001f1a261b340, 0x000001f1a261b628]
Event: 11307.114 Thread 0x000001f1ba106f10 53254       1       com.android.build.api.variant.impl.VariantOutputImpl$SerializedForm::getVariantOutputConfiguration (5 bytes)
Event: 11307.114 Thread 0x000001f1ba0db310 nmethod 53247 0x000001f1a97f4e10 code [0x000001f1a97f5060, 0x000001f1a97f5748]
Event: 11307.114 Thread 0x000001f1ba106f10 nmethod 53254 0x000001f1aa6d9910 code [0x000001f1aa6d9aa0, 0x000001f1aa6d9b68]
Event: 11307.114 Thread 0x000001f1ba0db310 53251       4       org.gradle.internal.snapshot.PathUtil::getPathComparator (52 bytes)
Event: 11307.115 Thread 0x000001f1ba0db310 nmethod 53251 0x000001f1a96c1190 code [0x000001f1a96c1320, 0x000001f1a96c13f0]
Event: 11307.118 Thread 0x000001f1ba106f10 53255       3       java.lang.invoke.LambdaForm$MH/0x0000000100c98400::invoke (63 bytes)
Event: 11307.119 Thread 0x000001f1ba106f10 nmethod 53255 0x000001f1a1758f10 code [0x000001f1a17591a0, 0x000001f1a1759ed0]
Event: 11307.127 Thread 0x000001f1c8a07440 nmethod 53250 0x000001f1a91d1990 code [0x000001f1a91d1be0, 0x000001f1a91d2630]
Event: 11307.129 Thread 0x000001f1ba106f10 53256       3       sun.security.util.DerInputStream::checkNextTag (34 bytes)
Event: 11307.129 Thread 0x000001f1ba106f10 nmethod 53256 0x000001f1a1b91490 code [0x000001f1a1b91660, 0x000001f1a1b919e8]
Event: 11307.136 Thread 0x000001f1ba106f10 53257       3       com.sun.crypto.provider.CipherBlockChaining::implDecrypt (102 bytes)
Event: 11307.137 Thread 0x000001f1ba106f10 nmethod 53257 0x000001f1a1a07d90 code [0x000001f1a1a07f80, 0x000001f1a1a08460]
Event: 11307.138 Thread 0x000001f1c8a07440 53258       4       java.lang.invoke.DirectMethodHandle$Holder::invokeStatic (21 bytes)
Event: 11307.139 Thread 0x000001f1c8a07440 nmethod 53258 0x000001f1a96c0d90 code [0x000001f1a96c0f20, 0x000001f1a96c1020]
Event: 11307.152 Thread 0x000001f1c8a07440 53259       4       com.android.zipflinger.ZipWriter::ensureOpen (75 bytes)
Event: 11307.170 Thread 0x000001f1c8a07440 nmethod 53259 0x000001f1a97ce890 code [0x000001f1a97cea40, 0x000001f1a97ced00]
Event: 11307.217 Thread 0x000001f1c8a00070 nmethod 53231 0x000001f1aa757790 code [0x000001f1aa757b20, 0x000001f1aa75a180]

GC Heap History (20 events):
Event: 11153.445 GC heap before
{Heap before GC invocations=123 (full 0):
 garbage-first heap   total 602112K, used 334999K [0x0000000080000000, 0x0000000100000000)
  region size 1024K, 215 young (220160K), 6 survivors (6144K)
 Metaspace       used 175795K, committed 177536K, reserved 1245184K
  class space    used 21583K, committed 22464K, reserved 1048576K
}
Event: 11153.461 GC heap after
{Heap after GC invocations=124 (full 0):
 garbage-first heap   total 602112K, used 131228K [0x0000000080000000, 0x0000000100000000)
  region size 1024K, 14 young (14336K), 14 survivors (14336K)
 Metaspace       used 175795K, committed 177536K, reserved 1245184K
  class space    used 21583K, committed 22464K, reserved 1048576K
}
Event: 11157.345 GC heap before
{Heap before GC invocations=125 (full 0):
 garbage-first heap   total 450560K, used 423068K [0x0000000080000000, 0x0000000100000000)
  region size 1024K, 264 young (270336K), 14 survivors (14336K)
 Metaspace       used 176086K, committed 177792K, reserved 1245184K
  class space    used 21600K, committed 22464K, reserved 1048576K
}
Event: 11157.374 GC heap after
{Heap after GC invocations=126 (full 0):
 garbage-first heap   total 459776K, used 154126K [0x0000000080000000, 0x0000000100000000)
  region size 1024K, 33 young (33792K), 33 survivors (33792K)
 Metaspace       used 176086K, committed 177792K, reserved 1245184K
  class space    used 21600K, committed 22464K, reserved 1048576K
}
Event: 11159.587 GC heap before
{Heap before GC invocations=126 (full 0):
 garbage-first heap   total 459776K, used 395790K [0x0000000080000000, 0x0000000100000000)
  region size 1024K, 269 young (275456K), 33 survivors (33792K)
 Metaspace       used 176486K, committed 178240K, reserved 1245184K
  class space    used 21626K, committed 22528K, reserved 1048576K
}
Event: 11159.632 GC heap after
{Heap after GC invocations=127 (full 0):
 garbage-first heap   total 459776K, used 176785K [0x0000000080000000, 0x0000000100000000)
  region size 1024K, 23 young (23552K), 23 survivors (23552K)
 Metaspace       used 176486K, committed 178240K, reserved 1245184K
  class space    used 21626K, committed 22528K, reserved 1048576K
}
Event: 11161.702 GC heap before
{Heap before GC invocations=127 (full 0):
 garbage-first heap   total 459776K, used 298641K [0x0000000080000000, 0x0000000100000000)
  region size 1024K, 144 young (147456K), 23 survivors (23552K)
 Metaspace       used 176587K, committed 178368K, reserved 1245184K
  class space    used 21630K, committed 22528K, reserved 1048576K
}
Event: 11161.719 GC heap after
{Heap after GC invocations=128 (full 0):
 garbage-first heap   total 459776K, used 180736K [0x0000000080000000, 0x0000000100000000)
  region size 1024K, 7 young (7168K), 7 survivors (7168K)
 Metaspace       used 176587K, committed 178368K, reserved 1245184K
  class space    used 21630K, committed 22528K, reserved 1048576K
}
Event: 11162.552 GC heap before
{Heap before GC invocations=129 (full 0):
 garbage-first heap   total 459776K, used 403968K [0x0000000080000000, 0x0000000100000000)
  region size 1024K, 222 young (227328K), 7 survivors (7168K)
 Metaspace       used 171649K, committed 174528K, reserved 1245184K
  class space    used 21225K, committed 22464K, reserved 1048576K
}
Event: 11162.566 GC heap after
{Heap after GC invocations=130 (full 0):
 garbage-first heap   total 459776K, used 194997K [0x0000000080000000, 0x0000000100000000)
  region size 1024K, 21 young (21504K), 21 survivors (21504K)
 Metaspace       used 171649K, committed 174528K, reserved 1245184K
  class space    used 21225K, committed 22464K, reserved 1048576K
}
Event: 11162.861 GC heap before
{Heap before GC invocations=130 (full 0):
 garbage-first heap   total 459776K, used 405941K [0x0000000080000000, 0x0000000100000000)
  region size 1024K, 227 young (232448K), 21 survivors (21504K)
 Metaspace       used 171665K, committed 174528K, reserved 1245184K
  class space    used 21225K, committed 22464K, reserved 1048576K
}
Event: 11162.873 GC heap after
{Heap after GC invocations=131 (full 0):
 garbage-first heap   total 459776K, used 188856K [0x0000000080000000, 0x0000000100000000)
  region size 1024K, 15 young (15360K), 15 survivors (15360K)
 Metaspace       used 171665K, committed 174528K, reserved 1245184K
  class space    used 21225K, committed 22464K, reserved 1048576K
}
Event: 11163.649 GC heap before
{Heap before GC invocations=131 (full 0):
 garbage-first heap   total 459776K, used 410040K [0x0000000080000000, 0x0000000100000000)
  region size 1024K, 232 young (237568K), 15 survivors (15360K)
 Metaspace       used 171709K, committed 174528K, reserved 1245184K
  class space    used 21226K, committed 22464K, reserved 1048576K
}
Event: 11163.654 GC heap after
{Heap after GC invocations=132 (full 0):
 garbage-first heap   total 459776K, used 180557K [0x0000000080000000, 0x0000000100000000)
  region size 1024K, 7 young (7168K), 7 survivors (7168K)
 Metaspace       used 171709K, committed 174528K, reserved 1245184K
  class space    used 21226K, committed 22464K, reserved 1048576K
}
Event: 11164.740 GC heap before
{Heap before GC invocations=133 (full 0):
 garbage-first heap   total 500736K, used 499021K [0x0000000080000000, 0x0000000100000000)
  region size 1024K, 75 young (76800K), 7 survivors (7168K)
 Metaspace       used 171185K, committed 174208K, reserved 1245184K
  class space    used 21181K, committed 22464K, reserved 1048576K
}
Event: 11164.743 GC heap after
{Heap after GC invocations=134 (full 0):
 garbage-first heap   total 502784K, used 168938K [0x0000000080000000, 0x0000000100000000)
  region size 1024K, 2 young (2048K), 2 survivors (2048K)
 Metaspace       used 171185K, committed 174208K, reserved 1245184K
  class space    used 21181K, committed 22464K, reserved 1048576K
}
Event: 11307.020 GC heap before
{Heap before GC invocations=134 (full 0):
 garbage-first heap   total 502784K, used 458730K [0x0000000080000000, 0x0000000100000000)
  region size 1024K, 282 young (288768K), 2 survivors (2048K)
 Metaspace       used 171849K, committed 174208K, reserved 1245184K
  class space    used 21239K, committed 22464K, reserved 1048576K
}
Event: 11307.038 GC heap after
{Heap after GC invocations=135 (full 0):
 garbage-first heap   total 502784K, used 169372K [0x0000000080000000, 0x0000000100000000)
  region size 1024K, 18 young (18432K), 18 survivors (18432K)
 Metaspace       used 171849K, committed 174208K, reserved 1245184K
  class space    used 21239K, committed 22464K, reserved 1048576K
}
Event: 11307.156 GC heap before
{Heap before GC invocations=135 (full 0):
 garbage-first heap   total 502784K, used 183708K [0x0000000080000000, 0x0000000100000000)
  region size 1024K, 34 young (34816K), 18 survivors (18432K)
 Metaspace       used 171853K, committed 174208K, reserved 1245184K
  class space    used 21239K, committed 22464K, reserved 1048576K
}
Event: 11307.169 GC heap after
{Heap after GC invocations=136 (full 0):
 garbage-first heap   total 502784K, used 165291K [0x0000000080000000, 0x0000000100000000)
  region size 1024K, 16 young (16384K), 16 survivors (16384K)
 Metaspace       used 171853K, committed 174208K, reserved 1245184K
  class space    used 21239K, committed 22464K, reserved 1048576K
}

Dll operation events (3 events):
Event: 0.004 Loaded shared library D:\Android Studio\jbr\bin\java.dll
Event: 0.009 Loaded shared library D:\Android Studio\jbr\bin\zip.dll
Event: 0.352 Loaded shared library D:\Android Studio\jbr\bin\verify.dll

Deoptimization events (20 events):
Event: 11164.030 Thread 0x000001f1c8c4ad40 DEOPT PACKING pc=0x000001f1aa1f7240 sp=0x000000a7f6efd920
Event: 11164.030 Thread 0x000001f1c8c4ad40 DEOPT UNPACKING pc=0x000001f1a8607da2 sp=0x000000a7f6efd8e8 mode 2
Event: 11164.030 Thread 0x000001f1c8c4ad40 Uncommon trap: trap_request=0xffffffc6 fr.pc=0x000001f1aa1f7240 relative=0x00000000000007e0
Event: 11164.030 Thread 0x000001f1c8c4ad40 Uncommon trap: reason=bimorphic_or_optimized_type_check action=maybe_recompile pc=0x000001f1aa1f7240 method=com.google.common.collect.TransformedIterator.next()Ljava/lang/Object; @ 5 c2
Event: 11164.030 Thread 0x000001f1c8c4ad40 DEOPT PACKING pc=0x000001f1aa1f7240 sp=0x000000a7f6efd920
Event: 11164.030 Thread 0x000001f1c8c4ad40 DEOPT UNPACKING pc=0x000001f1a8607da2 sp=0x000000a7f6efd8e8 mode 2
Event: 11305.493 Thread 0x000001f1bfcfb3c0 Uncommon trap: trap_request=0xfffffff4 fr.pc=0x000001f1aa91db90 relative=0x0000000000000250
Event: 11305.493 Thread 0x000001f1bfcfb3c0 Uncommon trap: reason=null_check action=make_not_entrant pc=0x000001f1aa91db90 method=org.gradle.internal.properties.bean.DefaultPropertyWalker$CachedPropertyValue.isBuildable()Z @ 6 c2
Event: 11305.493 Thread 0x000001f1bfcfb3c0 DEOPT PACKING pc=0x000001f1aa91db90 sp=0x000000a7f4cfa100
Event: 11305.493 Thread 0x000001f1bfcfb3c0 DEOPT UNPACKING pc=0x000001f1a8607da2 sp=0x000000a7f4cfa050 mode 2
Event: 11306.548 Thread 0x000001f1c26f83a0 Uncommon trap: trap_request=0xffffff45 fr.pc=0x000001f1a9b82fd8 relative=0x0000000000001a38
Event: 11306.548 Thread 0x000001f1c26f83a0 Uncommon trap: reason=unstable_if action=reinterpret pc=0x000001f1a9b82fd8 method=com.sun.tools.javac.code.ClassFinder.includeClassFile(Lcom/sun/tools/javac/code/Symbol$PackageSymbol;Ljavax/tools/JavaFileObject;)V @ 191 c2
Event: 11306.548 Thread 0x000001f1c26f83a0 DEOPT PACKING pc=0x000001f1a9b82fd8 sp=0x000000a7fa6f81b0
Event: 11306.548 Thread 0x000001f1c26f83a0 DEOPT UNPACKING pc=0x000001f1a8607da2 sp=0x000000a7fa6f8170 mode 2
Event: 11306.979 Thread 0x000001f1bb26ad30 DEOPT PACKING pc=0x000001f1a23c8f8d sp=0x000000a7fd3fd570
Event: 11306.979 Thread 0x000001f1bb26ad30 DEOPT UNPACKING pc=0x000001f1a86088e2 sp=0x000000a7fd3fca98 mode 0
Event: 11307.040 Thread 0x000001f1bb2729e0 Uncommon trap: trap_request=0xffffff5c fr.pc=0x000001f1aa54e4b4 relative=0x0000000000000dd4
Event: 11307.040 Thread 0x000001f1bb2729e0 Uncommon trap: reason=speculate_null_check action=make_not_entrant pc=0x000001f1aa54e4b4 method=com.android.build.gradle.internal.tasks.DexMergingTaskDelegate$Companion.getBucketNumber(Ljava/lang/String;I)I @ 108 c2
Event: 11307.040 Thread 0x000001f1bb2729e0 DEOPT PACKING pc=0x000001f1aa54e4b4 sp=0x000000a7fd7fdd90
Event: 11307.040 Thread 0x000001f1bb2729e0 DEOPT UNPACKING pc=0x000001f1a8607da2 sp=0x000000a7fd7fdd78 mode 2

Classes loaded (20 events):
Event: 3504.539 Loading class java/lang/Process$PipeInputStream
Event: 3504.539 Loading class java/lang/Process$PipeInputStream done
Event: 3504.543 Loading class jdk/internal/event/ProcessStartEvent
Event: 3504.543 Loading class jdk/internal/event/ProcessStartEvent done
Event: 3507.738 Loading class jdk/internal/math/FloatToDecimal
Event: 3507.738 Loading class jdk/internal/math/FloatToDecimal done
Event: 3508.626 Loading class java/util/zip/ZipOutputStream$XEntry
Event: 3508.626 Loading class java/util/zip/ZipOutputStream$XEntry done
Event: 11026.281 Loading class java/lang/Throwable$WrappedPrintWriter
Event: 11026.282 Loading class java/lang/Throwable$PrintStreamOrWriter
Event: 11026.282 Loading class java/lang/Throwable$PrintStreamOrWriter done
Event: 11026.282 Loading class java/lang/Throwable$WrappedPrintWriter done
Event: 11026.303 Loading class java/util/logging/LogRecord
Event: 11026.303 Loading class java/util/logging/LogRecord done
Event: 11026.398 Loading class java/io/NotSerializableException
Event: 11026.398 Loading class java/io/NotSerializableException done
Event: 11026.403 Loading class java/util/Collections$EmptyListIterator
Event: 11026.403 Loading class java/util/Collections$EmptyListIterator done
Event: 11026.442 Loading class java/net/UrlDeserializedState
Event: 11026.442 Loading class java/net/UrlDeserializedState done

Classes unloaded (20 events):
Event: 11163.864 Thread 0x000001f1ba080ad0 Unloading class 0x0000000101602440 'com/bumptech/glide/annotation/compiler/RequestBuilderGenerator'
Event: 11163.864 Thread 0x000001f1ba080ad0 Unloading class 0x0000000101602220 'com/bumptech/glide/annotation/compiler/GlideGenerator'
Event: 11163.864 Thread 0x000001f1ba080ad0 Unloading class 0x0000000101602000 'com/bumptech/glide/annotation/compiler/RequestManagerFactoryGenerator'
Event: 11163.864 Thread 0x000001f1ba080ad0 Unloading class 0x0000000101601cb8 'com/bumptech/glide/annotation/compiler/RequestManagerGenerator'
Event: 11163.864 Thread 0x000001f1ba080ad0 Unloading class 0x0000000101601a98 'com/bumptech/glide/annotation/compiler/RequestOptionsOverrideGenerator'
Event: 11163.864 Thread 0x000001f1ba080ad0 Unloading class 0x0000000101601878 'com/bumptech/glide/annotation/compiler/RequestOptionsGenerator'
Event: 11163.864 Thread 0x000001f1ba080ad0 Unloading class 0x0000000101601658 'com/bumptech/glide/annotation/compiler/AppModuleGenerator'
Event: 11163.864 Thread 0x000001f1ba080ad0 Unloading class 0x0000000101601438 'com/bumptech/glide/annotation/compiler/AppModuleProcessor'
Event: 11163.864 Thread 0x000001f1ba080ad0 Unloading class 0x0000000101601218 'com/bumptech/glide/annotation/compiler/LibraryModuleProcessor'
Event: 11163.864 Thread 0x000001f1ba080ad0 Unloading class 0x0000000101600ff8 'com/bumptech/glide/annotation/compiler/IndexerGenerator'
Event: 11163.864 Thread 0x000001f1ba080ad0 Unloading class 0x0000000101600de0 'com/bumptech/glide/repackaged/com/squareup/javapoet/Util'
Event: 11163.864 Thread 0x000001f1ba080ad0 Unloading class 0x0000000101600b88 'com/bumptech/glide/repackaged/com/squareup/javapoet/TypeVariableName'
Event: 11163.864 Thread 0x000001f1ba080ad0 Unloading class 0x0000000101600930 'com/bumptech/glide/repackaged/com/squareup/javapoet/ParameterizedTypeName'
Event: 11163.864 Thread 0x000001f1ba080ad0 Unloading class 0x00000001016006d8 'com/bumptech/glide/repackaged/com/squareup/javapoet/ArrayTypeName'
Event: 11163.864 Thread 0x000001f1ba080ad0 Unloading class 0x0000000101600468 'com/bumptech/glide/repackaged/com/squareup/javapoet/ClassName'
Event: 11163.864 Thread 0x000001f1ba080ad0 Unloading class 0x0000000101600210 'com/bumptech/glide/repackaged/com/squareup/javapoet/TypeName'
Event: 11163.864 Thread 0x000001f1ba080ad0 Unloading class 0x0000000101600000 'com/bumptech/glide/repackaged/com/google/common/base/Predicate'
Event: 11163.864 Thread 0x000001f1ba080ad0 Unloading class 0x00000001015f8cb8 'com/bumptech/glide/repackaged/com/google/common/base/Function'
Event: 11163.864 Thread 0x000001f1ba080ad0 Unloading class 0x00000001015f8a98 'com/bumptech/glide/annotation/compiler/ProcessorUtil'
Event: 11163.864 Thread 0x000001f1ba080ad0 Unloading class 0x00000001015f8800 'com/bumptech/glide/annotation/compiler/GlideAnnotationProcessor'

Classes redefined (0 events):
No events

Internal exceptions (20 events):
Event: 11306.600 Thread 0x000001f1c26f83a0 Exception <a 'sun/nio/fs/WindowsException'{0x000000009057f760}> (0x000000009057f760) 
thrown [s\src\hotspot\share\prims\jni.cpp, line 535]
Event: 11306.600 Thread 0x000001f1c26f83a0 Exception <a 'sun/nio/fs/WindowsException'{0x00000000905b4578}> (0x00000000905b4578) 
thrown [s\src\hotspot\share\prims\jni.cpp, line 535]
Event: 11306.605 Thread 0x000001f1c26f83a0 Exception <a 'sun/nio/fs/WindowsException'{0x000000009040d250}> (0x000000009040d250) 
thrown [s\src\hotspot\share\prims\jni.cpp, line 535]
Event: 11306.608 Thread 0x000001f1c26f83a0 Exception <a 'sun/nio/fs/WindowsException'{0x000000009049ad08}> (0x000000009049ad08) 
thrown [s\src\hotspot\share\prims\jni.cpp, line 535]
Event: 11306.625 Thread 0x000001f1c26f83a0 Exception <a 'sun/nio/fs/WindowsException'{0x00000000903c2f10}> (0x00000000903c2f10) 
thrown [s\src\hotspot\share\prims\jni.cpp, line 535]
Event: 11306.629 Thread 0x000001f1c26f83a0 Exception <a 'sun/nio/fs/WindowsException'{0x00000000902424c8}> (0x00000000902424c8) 
thrown [s\src\hotspot\share\prims\jni.cpp, line 535]
Event: 11306.636 Thread 0x000001f1c26f83a0 Exception <a 'sun/nio/fs/WindowsException'{0x000000009013aad8}> (0x000000009013aad8) 
thrown [s\src\hotspot\share\prims\jni.cpp, line 535]
Event: 11306.638 Thread 0x000001f1c26f83a0 Exception <a 'sun/nio/fs/WindowsException'{0x00000000901c4600}> (0x00000000901c4600) 
thrown [s\src\hotspot\share\prims\jni.cpp, line 535]
Event: 11306.640 Thread 0x000001f1c26f83a0 Exception <a 'sun/nio/fs/WindowsException'{0x000000009008c600}> (0x000000009008c600) 
thrown [s\src\hotspot\share\prims\jni.cpp, line 535]
Event: 11306.653 Thread 0x000001f1c26f83a0 Exception <a 'sun/nio/fs/WindowsException'{0x000000008fe8f9e8}> (0x000000008fe8f9e8) 
thrown [s\src\hotspot\share\prims\jni.cpp, line 535]
Event: 11306.657 Thread 0x000001f1c26f83a0 Exception <a 'sun/nio/fs/WindowsException'{0x000000008fe99c20}> (0x000000008fe99c20) 
thrown [s\src\hotspot\share\prims\jni.cpp, line 535]
Event: 11306.682 Thread 0x000001f1c26f83a0 Exception <a 'sun/nio/fs/WindowsException'{0x000000008fbb44d8}> (0x000000008fbb44d8) 
thrown [s\src\hotspot\share\prims\jni.cpp, line 535]
Event: 11306.684 Thread 0x000001f1c26f83a0 Exception <a 'sun/nio/fs/WindowsException'{0x000000008fbd0ee0}> (0x000000008fbd0ee0) 
thrown [s\src\hotspot\share\prims\jni.cpp, line 535]
Event: 11306.688 Thread 0x000001f1c26f83a0 Exception <a 'sun/nio/fs/WindowsException'{0x000000008fa33870}> (0x000000008fa33870) 
thrown [s\src\hotspot\share\prims\jni.cpp, line 535]
Event: 11306.865 Thread 0x000001f1c26f83a0 Exception <a 'sun/nio/fs/WindowsException'{0x000000008eee48b0}> (0x000000008eee48b0) 
thrown [s\src\hotspot\share\prims\jni.cpp, line 535]
Event: 11306.982 Thread 0x000001f1bb26ad30 Exception <a 'sun/nio/fs/WindowsException'{0x000000008c49f108}> (0x000000008c49f108) 
thrown [s\src\hotspot\share\prims\jni.cpp, line 535]
Event: 11306.982 Thread 0x000001f1bb274420 Exception <a 'sun/nio/fs/WindowsException'{0x000000008c449c28}> (0x000000008c449c28) 
thrown [s\src\hotspot\share\prims\jni.cpp, line 535]
Event: 11306.991 Thread 0x000001f1bb274ab0 Exception <a 'sun/nio/fs/WindowsException'{0x000000008c2c0778}> (0x000000008c2c0778) 
thrown [s\src\hotspot\share\prims\jni.cpp, line 535]
Event: 11307.048 Thread 0x000001f1bb2729e0 Exception <a 'sun/nio/fs/WindowsException'{0x00000000fff0b8b0}> (0x00000000fff0b8b0) 
thrown [s\src\hotspot\share\prims\jni.cpp, line 535]
Event: 11307.101 Thread 0x000001f1bb273070 Exception <a 'sun/nio/fs/WindowsException'{0x00000000ff1a4c90}> (0x00000000ff1a4c90) 
thrown [s\src\hotspot\share\prims\jni.cpp, line 535]

ZGC Phase Switch (0 events):
No events

VM Operations (20 events):
Event: 11163.886 Executing VM operation: G1PauseRemark done
Event: 11164.030 Executing VM operation: G1PauseCleanup
Event: 11164.030 Executing VM operation: G1PauseCleanup done
Event: 11164.740 Executing VM operation: G1CollectForAllocation (G1 Evacuation Pause)
Event: 11164.743 Executing VM operation: G1CollectForAllocation (G1 Evacuation Pause) done
Event: 11165.759 Executing VM operation: Cleanup
Event: 11165.759 Executing VM operation: Cleanup done
Event: 11184.643 Executing VM operation: HandshakeAllThreads (HandshakeForDeflation)
Event: 11184.643 Executing VM operation: HandshakeAllThreads (HandshakeForDeflation) done
Event: 11184.643 Executing VM operation: RendezvousGCThreads
Event: 11184.643 Executing VM operation: RendezvousGCThreads done
Event: 11305.767 Executing VM operation: Cleanup
Event: 11305.768 Executing VM operation: Cleanup done
Event: 11306.779 Executing VM operation: Cleanup
Event: 11306.779 Executing VM operation: Cleanup done
Event: 11307.020 Executing VM operation: G1CollectForAllocation (G1 Evacuation Pause)
Event: 11307.038 Executing VM operation: G1CollectForAllocation (G1 Evacuation Pause) done
Event: 11307.156 Executing VM operation: G1TryInitiateConcMark (G1 Humongous Allocation)
Event: 11307.170 Executing VM operation: G1TryInitiateConcMark (G1 Humongous Allocation) done
Event: 11307.378 Executing VM operation: G1PauseRemark

Memory protections (0 events):
No events

Nmethod flushes (20 events):
Event: 11307.388 Thread 0x000001f1ba080ad0 flushing  nmethod 0x000001f1a122c790
Event: 11307.388 Thread 0x000001f1ba080ad0 flushing  nmethod 0x000001f1a19c5910
Event: 11307.388 Thread 0x000001f1ba080ad0 flushing  nmethod 0x000001f1a1c08a90
Event: 11307.388 Thread 0x000001f1ba080ad0 flushing  nmethod 0x000001f1a1f9c210
Event: 11307.388 Thread 0x000001f1ba080ad0 flushing  nmethod 0x000001f1a2358990
Event: 11307.388 Thread 0x000001f1ba080ad0 flushing  nmethod 0x000001f1a2912810
Event: 11307.388 Thread 0x000001f1ba080ad0 flushing  nmethod 0x000001f1a2b25310
Event: 11307.388 Thread 0x000001f1ba080ad0 flushing  nmethod 0x000001f1a2bdc590
Event: 11307.388 Thread 0x000001f1ba080ad0 flushing  nmethod 0x000001f1a2c99610
Event: 11307.388 Thread 0x000001f1ba080ad0 flushing  nmethod 0x000001f1a2fd4090
Event: 11307.388 Thread 0x000001f1ba080ad0 flushing  nmethod 0x000001f1a2ffb990
Event: 11307.388 Thread 0x000001f1ba080ad0 flushing  nmethod 0x000001f1a32a0b90
Event: 11307.388 Thread 0x000001f1ba080ad0 flushing  nmethod 0x000001f1a354bd10
Event: 11307.388 Thread 0x000001f1ba080ad0 flushing  nmethod 0x000001f1a3776290
Event: 11307.388 Thread 0x000001f1ba080ad0 flushing  nmethod 0x000001f1a3778190
Event: 11307.388 Thread 0x000001f1ba080ad0 flushing  nmethod 0x000001f1a3845d90
Event: 11307.388 Thread 0x000001f1ba080ad0 flushing  nmethod 0x000001f1a3847b10
Event: 11307.388 Thread 0x000001f1ba080ad0 flushing  nmethod 0x000001f1a4174090
Event: 11307.388 Thread 0x000001f1ba080ad0 flushing  nmethod 0x000001f1a41e4290
Event: 11307.388 Thread 0x000001f1ba080ad0 flushing  nmethod 0x000001f1a41e4f10

Events (20 events):
Event: 11306.890 Thread 0x000001f1c26f83a0 Thread added: 0x000001f1bb270910
Event: 11306.890 Thread 0x000001f1c26f83a0 Thread added: 0x000001f1bb270fa0
Event: 11306.940 Thread 0x000001f1c26f83a0 Thread added: 0x000001f1bb26ad30
Event: 11306.940 Thread 0x000001f1c26f83a0 Thread added: 0x000001f1bb272350
Event: 11306.941 Thread 0x000001f1c26f83a0 Thread added: 0x000001f1bb274ab0
Event: 11306.941 Thread 0x000001f1c26f83a0 Thread added: 0x000001f1bb274420
Event: 11306.941 Thread 0x000001f1c26f83a0 Thread added: 0x000001f1bb2729e0
Event: 11306.942 Thread 0x000001f1c26f83a0 Thread added: 0x000001f1bb273070
Event: 11306.942 Thread 0x000001f1c26f83a0 Thread added: 0x000001f1bb273700
Event: 11306.942 Thread 0x000001f1c26f83a0 Thread added: 0x000001f1bb273d90
Event: 11306.943 Thread 0x000001f1c26f83a0 Thread added: 0x000001f1bb275140
Event: 11307.008 Thread 0x000001f1ba106f10 Thread added: 0x000001f1c8a07440
Event: 11307.008 Thread 0x000001f1ba106f10 Thread added: 0x000001f1c8a00070
Event: 11307.147 Thread 0x000001f1bb275140 Thread added: 0x000001f1c89f6960
Event: 11307.156 Thread 0x000001f1c89f6960 Thread added: 0x000001f1c89f2130
Event: 11307.171 Thread 0x000001f1c89f2130 Thread added: 0x000001f1c89f27c0
Event: 11307.195 Thread 0x000001f1c89f27c0 Thread added: 0x000001f1c89f0060
Event: 11307.196 Thread 0x000001f1c89f0060 Thread added: 0x000001f1c89f8a30
Event: 11307.196 Thread 0x000001f1c89f8a30 Thread added: 0x000001f1c89f34e0
Event: 11307.198 Thread 0x000001f1c89f34e0 Thread added: 0x000001f1c89f4f20


Dynamic libraries:
0x00007ff6f1f30000 - 0x00007ff6f1f3a000 	D:\Android Studio\jbr\bin\java.exe
0x00007ffb8a250000 - 0x00007ffb8a448000 	C:\WINDOWS\SYSTEM32\ntdll.dll
0x00007ffb89a70000 - 0x00007ffb89b32000 	C:\WINDOWS\System32\KERNEL32.DLL
0x00007ffb87ab0000 - 0x00007ffb87da6000 	C:\WINDOWS\System32\KERNELBASE.dll
0x00007ffb87f90000 - 0x00007ffb88090000 	C:\WINDOWS\System32\ucrtbase.dll
0x00007ffb84060000 - 0x00007ffb8407b000 	D:\Android Studio\jbr\bin\VCRUNTIME140.dll
0x00007ffb68770000 - 0x00007ffb68788000 	D:\Android Studio\jbr\bin\jli.dll
0x00007ffb8a070000 - 0x00007ffb8a20d000 	C:\WINDOWS\System32\USER32.dll
0x00007ffb87de0000 - 0x00007ffb87e02000 	C:\WINDOWS\System32\win32u.dll
0x00007ffb75c10000 - 0x00007ffb75eaa000 	C:\WINDOWS\WinSxS\amd64_microsoft.windows.common-controls_6595b64144ccf1df_6.0.19041.5915_none_60b4b9d171f9c7c7\COMCTL32.dll
0x00007ffb886f0000 - 0x00007ffb8871b000 	C:\WINDOWS\System32\GDI32.dll
0x00007ffb89fd0000 - 0x00007ffb8a06e000 	C:\WINDOWS\System32\msvcrt.dll
0x00007ffb87990000 - 0x00007ffb87aa9000 	C:\WINDOWS\System32\gdi32full.dll
0x00007ffb87e10000 - 0x00007ffb87ead000 	C:\WINDOWS\System32\msvcp_win.dll
0x00007ffb89a40000 - 0x00007ffb89a6f000 	C:\WINDOWS\System32\IMM32.DLL
0x00007ffb84050000 - 0x00007ffb8405c000 	D:\Android Studio\jbr\bin\vcruntime140_1.dll
0x00007ffb65de0000 - 0x00007ffb65e6d000 	D:\Android Studio\jbr\bin\msvcp140.dll
0x00007ffb2a930000 - 0x00007ffb2b5b3000 	D:\Android Studio\jbr\bin\server\jvm.dll
0x00007ffb88720000 - 0x00007ffb887d1000 	C:\WINDOWS\System32\ADVAPI32.dll
0x00007ffb89530000 - 0x00007ffb895cf000 	C:\WINDOWS\System32\sechost.dll
0x00007ffb897f0000 - 0x00007ffb89913000 	C:\WINDOWS\System32\RPCRT4.dll
0x00007ffb87db0000 - 0x00007ffb87dd7000 	C:\WINDOWS\System32\bcrypt.dll
0x00007ffb88840000 - 0x00007ffb888ab000 	C:\WINDOWS\System32\WS2_32.dll
0x00007ffb86e20000 - 0x00007ffb86e6b000 	C:\WINDOWS\SYSTEM32\POWRPROF.dll
0x00007ffb7b8e0000 - 0x00007ffb7b907000 	C:\WINDOWS\SYSTEM32\WINMM.dll
0x00007ffb81210000 - 0x00007ffb8121a000 	C:\WINDOWS\SYSTEM32\VERSION.dll
0x00007ffb86ce0000 - 0x00007ffb86cf2000 	C:\WINDOWS\SYSTEM32\UMPDC.dll
0x00007ffb860c0000 - 0x00007ffb860d2000 	C:\WINDOWS\SYSTEM32\kernel.appcore.dll
0x00007ffb83150000 - 0x00007ffb8315a000 	D:\Android Studio\jbr\bin\jimage.dll
0x00007ffb85470000 - 0x00007ffb85671000 	C:\WINDOWS\SYSTEM32\DBGHELP.DLL
0x00007ffb5f2a0000 - 0x00007ffb5f2d4000 	C:\WINDOWS\SYSTEM32\dbgcore.DLL
0x00007ffb87eb0000 - 0x00007ffb87f32000 	C:\WINDOWS\System32\bcryptPrimitives.dll
0x00007ffb68870000 - 0x00007ffb6887e000 	D:\Android Studio\jbr\bin\instrument.dll
0x00007ffb83130000 - 0x00007ffb83150000 	D:\Android Studio\jbr\bin\java.dll
0x00007ffb81520000 - 0x00007ffb81538000 	D:\Android Studio\jbr\bin\zip.dll
0x00007ffb888b0000 - 0x00007ffb8901e000 	C:\WINDOWS\System32\SHELL32.dll
0x00007ffb85900000 - 0x00007ffb860a4000 	C:\WINDOWS\SYSTEM32\windows.storage.dll
0x00007ffb89b40000 - 0x00007ffb89e93000 	C:\WINDOWS\System32\combase.dll
0x00007ffb87310000 - 0x00007ffb8733b000 	C:\WINDOWS\SYSTEM32\Wldp.dll
0x00007ffb88460000 - 0x00007ffb8852d000 	C:\WINDOWS\System32\OLEAUT32.dll
0x00007ffb883b0000 - 0x00007ffb8845d000 	C:\WINDOWS\System32\SHCORE.dll
0x00007ffb89780000 - 0x00007ffb897db000 	C:\WINDOWS\System32\shlwapi.dll
0x00007ffb87810000 - 0x00007ffb87835000 	C:\WINDOWS\SYSTEM32\profapi.dll
0x00007ffb83120000 - 0x00007ffb83130000 	D:\Android Studio\jbr\bin\net.dll
0x00007ffb84850000 - 0x00007ffb8495a000 	C:\WINDOWS\SYSTEM32\WINHTTP.dll
0x00007ffb87070000 - 0x00007ffb870da000 	C:\WINDOWS\system32\mswsock.dll
0x00007ffb81500000 - 0x00007ffb81516000 	D:\Android Studio\jbr\bin\nio.dll
0x00007ffb68980000 - 0x00007ffb68990000 	D:\Android Studio\jbr\bin\verify.dll
0x00007ffb67810000 - 0x00007ffb67837000 	C:\Users\dell\.gradle\native\c067742578af261105cb4f569cf0c3c89f3d7b1fecec35dd04571415982c5e48\windows-amd64\native-platform.dll
0x00007ffb4f0d0000 - 0x00007ffb4f214000 	C:\Users\dell\.gradle\native\100fb08df4bc3b14c8652ba06237920a3bd2aa13389f12d3474272988ae205f9\windows-amd64\native-platform-file-events.dll
0x00007ffb80630000 - 0x00007ffb80639000 	D:\Android Studio\jbr\bin\management.dll
0x00007ffb691b0000 - 0x00007ffb691bb000 	D:\Android Studio\jbr\bin\management_ext.dll
0x00007ffb89fc0000 - 0x00007ffb89fc8000 	C:\WINDOWS\System32\PSAPI.DLL
0x00007ffb87270000 - 0x00007ffb87288000 	C:\WINDOWS\SYSTEM32\CRYPTSP.dll
0x00007ffb868f0000 - 0x00007ffb86928000 	C:\WINDOWS\system32\rsaenh.dll
0x00007ffb877d0000 - 0x00007ffb877fe000 	C:\WINDOWS\SYSTEM32\USERENV.dll
0x00007ffb87260000 - 0x00007ffb8726c000 	C:\WINDOWS\SYSTEM32\CRYPTBASE.dll
0x00007ffb86d00000 - 0x00007ffb86d3b000 	C:\WINDOWS\SYSTEM32\IPHLPAPI.DLL
0x00007ffb89ea0000 - 0x00007ffb89ea8000 	C:\WINDOWS\System32\NSI.dll
0x00007ffb816e0000 - 0x00007ffb816e9000 	D:\Android Studio\jbr\bin\extnet.dll
0x00007ffb809f0000 - 0x00007ffb809f7000 	C:\WINDOWS\system32\wshunix.dll
0x00007ffb86b50000 - 0x00007ffb86b83000 	C:\WINDOWS\SYSTEM32\ntmarta.dll

dbghelp: loaded successfully - version: 4.0.5 - missing functions: none
symbol engine: initialized successfully - sym options: 0x614 - pdb path: .;D:\Android Studio\jbr\bin;C:\WINDOWS\SYSTEM32;C:\WINDOWS\WinSxS\amd64_microsoft.windows.common-controls_6595b64144ccf1df_6.0.19041.5915_none_60b4b9d171f9c7c7;D:\Android Studio\jbr\bin\server;C:\Users\dell\.gradle\native\c067742578af261105cb4f569cf0c3c89f3d7b1fecec35dd04571415982c5e48\windows-amd64;C:\Users\dell\.gradle\native\100fb08df4bc3b14c8652ba06237920a3bd2aa13389f12d3474272988ae205f9\windows-amd64

VM Arguments:
jvm_args: --add-opens=java.base/java.util=ALL-UNNAMED --add-opens=java.base/java.lang=ALL-UNNAMED --add-opens=java.base/java.lang.invoke=ALL-UNNAMED --add-opens=java.prefs/java.util.prefs=ALL-UNNAMED --add-exports=jdk.compiler/com.sun.tools.javac.api=ALL-UNNAMED --add-exports=jdk.compiler/com.sun.tools.javac.util=ALL-UNNAMED --add-opens=java.base/java.nio.charset=ALL-UNNAMED --add-opens=java.base/java.net=ALL-UNNAMED --add-opens=java.base/java.util.concurrent.atomic=ALL-UNNAMED -Xmx2048m -Dfile.encoding=UTF-8 -Duser.country=US -Duser.language=en -Duser.variant -javaagent:C:\Users\dell\.gradle\wrapper\dists\gradle-8.10.2-bin\a04bxjujx95o3nb99gddekhwo\gradle-8.10.2\lib\agents\gradle-instrumentation-agent-8.10.2.jar 
java_command: org.gradle.launcher.daemon.bootstrap.GradleDaemon 8.10.2
java_class_path (initial): C:\Users\dell\.gradle\wrapper\dists\gradle-8.10.2-bin\a04bxjujx95o3nb99gddekhwo\gradle-8.10.2\lib\gradle-daemon-main-8.10.2.jar
Launcher Type: SUN_STANDARD

[Global flags]
     intx CICompilerCount                          = 4                                         {product} {ergonomic}
     uint ConcGCThreads                            = 2                                         {product} {ergonomic}
     uint G1ConcRefinementThreads                  = 8                                         {product} {ergonomic}
   size_t G1HeapRegionSize                         = 1048576                                   {product} {ergonomic}
    uintx GCDrainStackTargetSize                   = 64                                        {product} {ergonomic}
   size_t InitialHeapSize                          = 264241152                                 {product} {ergonomic}
   size_t MarkStackSize                            = 4194304                                   {product} {ergonomic}
   size_t MaxHeapSize                              = 2147483648                                {product} {command line}
   size_t MaxNewSize                               = 1287651328                                {product} {ergonomic}
   size_t MinHeapDeltaBytes                        = 1048576                                   {product} {ergonomic}
   size_t MinHeapSize                              = 8388608                                   {product} {ergonomic}
    uintx NonNMethodCodeHeapSize                   = 5839372                                {pd product} {ergonomic}
    uintx NonProfiledCodeHeapSize                  = 122909434                              {pd product} {ergonomic}
    uintx ProfiledCodeHeapSize                     = 122909434                              {pd product} {ergonomic}
    uintx ReservedCodeCacheSize                    = 251658240                              {pd product} {ergonomic}
     bool SegmentedCodeCache                       = true                                      {product} {ergonomic}
   size_t SoftMaxHeapSize                          = 2147483648                             {manageable} {ergonomic}
     bool UseCompressedOops                        = true                           {product lp64_product} {ergonomic}
     bool UseG1GC                                  = true                                      {product} {ergonomic}
     bool UseLargePagesIndividualAllocation        = false                                  {pd product} {ergonomic}

Logging:
Log output configuration:
 #0: stdout all=warning uptime,level,tags foldmultilines=false
 #1: stderr all=off uptime,level,tags foldmultilines=false

Environment Variables:
JAVA_HOME=D:\java\jdk21
PATH=d:\cursor\resources\app\bin;C:\Program Files\Microsoft MPI\Bin\;C:\Program Files\Common Files\Oracle\Java\javapath;C:\WINDOWS\system32;C:\WINDOWS;C:\WINDOWS\System32\Wbem;C:\WINDOWS\System32\WindowsPowerShell\v1.0\;C:\WINDOWS\System32\OpenSSH\;C:\Program Files\Microsoft SQL Server\Client SDK\ODBC\170\Tools\Binn\;D:\Install\bin;D:\Git\cmd;D:\XAMPP\php;C:\ProgramData\ComposerSetup\bin;C:\mingw64\bin;C:\TDM-GCC-32\bin;D:\notejs\;D:\XAMPP\mysql\bin;D:\Maven\bin;D:\Maven\apache-maven-3.9.9\bin;C:\Program Files (x86)\Microsoft SQL Server\160\Tools\Binn\;C:\Program Files\Microsoft SQL Server\160\Tools\Binn\;C:\Program Files\Microsoft SQL Server\160\DTS\Binn\;C:\Program Files (x86)\Microsoft SQL Server\160\DTS\Binn\;D:\python\Scripts\;D:\python\;D:\java\jdk21\bin;C:\Users\dell\AppData\Roaming\Composer\vendor\bin;C:\mingw64\bin;C:\Users\dell\AppData\Roaming\npm;D:\nodejs;D:\PyCharm\PyCharm Community Edition 2024.2.4\bin;;D:\Wireshark;D:\python3.10;D:\python39;D:\JetBrains\IntelliJ IDEA 2024.3.4.1\bin;;D:\Maven\bin;D:\;D:\python\Scripts\;D:\python\;D:\java\jdk21\bin;D:\Microsoft VS Code\bin;C:\Users\dell\AppData\Roaming\Composer\vendor\bin;C:\mingw64\bin;C:\Users\dell\AppData\Roaming\npm;D:\nodejs;D:\PyCharm\PyCharm Community Edition 2024.2.4\bin;;D:\Wireshark;D:\python3.10;D:\python39;D:\JetBrains\IntelliJ IDEA 2024.3.4.1\bin;;D:\Maven\bin
USERNAME=dell
OS=Windows_NT
PROCESSOR_IDENTIFIER=Intel64 Family 6 Model 140 Stepping 1, GenuineIntel
TMP=C:\Users\dell\AppData\Local\Temp
TEMP=C:\Users\dell\AppData\Local\Temp




Periodic native trim disabled

JNI global refs:
JNI global refs: 28, weak refs: 0

JNI global refs memory usage: 835, weak refs: 833

Process memory usage:
Resident Set Size: 914552K (5% of 16505636K total physical memory with 1450364K free physical memory)

OOME stack traces (most recent first):
Classloader memory used:
Loader org.gradle.internal.classloader.VisitableURLClassLoader$InstrumentingVisitableURLClassLoader: 67482K
Loader org.gradle.internal.classloader.VisitableURLClassLoader                         : 45111K
Loader bootstrap                                                                       : 32337K
Loader org.gradle.initialization.MixInLegacyTypesClassLoader                           : 13327K
Loader jdk.internal.loader.ClassLoaders$AppClassLoader                                 : 11336K
Loader jdk.internal.loader.ClassLoaders$PlatformClassLoader                            : 825K
Loader jdk.internal.reflect.DelegatingClassLoader                                      : 578K
Loader jdk.internal.jrtfs.JrtFileSystemProvider$JrtFsLoader                            : 298K
Loader org.gradle.internal.classloader.VisitableURLClassLoader                         : 284K
Loader java.net.URLClassLoader                                                         : 267K
Loader sun.reflect.misc.MethodUtil                                                     : 2992B

Classes loaded by more than one classloader:
Class Program                                                                         : loaded 5 times (x 68B)
Class Build_gradle                                                                    : loaded 3 times (x 126B)
Class Build_gradle$1                                                                  : loaded 3 times (x 70B)
Class org.gradle.internal.classloader.FilteringClassLoader                            : loaded 2 times (x 101B)
Class jdk.internal.jimage.BasicImageReader                                            : loaded 2 times (x 91B)
Class com.google.common.cache.LocalCache$ValueIterator                                : loaded 2 times (x 82B)
Class [Lcom.google.common.collect.MapMakerInternalMap$Segment;                        : loaded 2 times (x 65B)
Class com.google.common.io.FileWriteMode                                              : loaded 2 times (x 75B)
Class [Lcom.google.common.base.AbstractIterator$State;                                : loaded 2 times (x 65B)
Class com.google.common.base.CharMatcher$IsEither                                     : loaded 2 times (x 107B)
Class org.gradle.internal.classloader.ClassLoaderHierarchy                            : loaded 2 times (x 66B)
Class [Lcom.google.common.cache.RemovalCause;                                         : loaded 2 times (x 65B)
Class com.google.common.collect.AbstractMapBasedMultimap$WrappedCollection            : loaded 2 times (x 120B)
Class com.google.common.collect.ImmutableEnumSet                                      : loaded 2 times (x 142B)
Class com.google.common.util.concurrent.ExecutionError                                : loaded 2 times (x 78B)
Class com.google.common.collect.ImmutableList$1                                       : loaded 2 times (x 93B)
Class org.gradle.api.internal.classpath.ManifestUtil                                  : loaded 2 times (x 67B)
Class com.google.common.io.ByteArrayDataOutput                                        : loaded 2 times (x 66B)
Class com.google.common.collect.RegularImmutableMap                                   : loaded 2 times (x 117B)
Class com.google.common.collect.ImmutableMap$MapViewOfValuesAsSingletonSets           : loaded 2 times (x 121B)
Class org.apache.commons.io.function.IOFunction                                       : loaded 2 times (x 66B)
Class com.google.common.cache.LocalCache$Values                                       : loaded 2 times (x 114B)
Class com.google.common.collect.TransformedListIterator                               : loaded 2 times (x 89B)
Class com.google.common.reflect.TypeCapture                                           : loaded 2 times (x 67B)
Class [Lorg.objectweb.asm.Symbol;                                                     : loaded 2 times (x 65B)
Class org.objectweb.asm.ClassVisitor                                                  : loaded 2 times (x 84B)
Class com.google.common.collect.UnmodifiableListIterator                              : loaded 2 times (x 91B)
Class com.google.common.collect.MapMakerInternalMap$StrongKeyDummyValueEntry$LinkedStrongKeyDummyValueEntry: loaded 2 times (x 78B)
Class com.google.common.collect.MapMakerInternalMap$Strength                          : loaded 2 times (x 76B)
Class com.google.common.base.Platform$JdkPatternCompiler                              : loaded 2 times (x 71B)
Class org.objectweb.asm.MethodTooLargeException                                       : loaded 2 times (x 79B)
Class [Lcom.google.common.cache.CacheBuilder$OneWeigher;                              : loaded 2 times (x 65B)
Class com.google.common.base.Suppliers                                                : loaded 2 times (x 67B)
Class org.gradle.internal.classloader.DefaultClassLoaderFactory                       : loaded 2 times (x 78B)
Class com.google.common.io.ByteSource$ConcatenatedByteSource                          : loaded 2 times (x 81B)
Class org.apache.commons.io.file.PathUtils                                            : loaded 2 times (x 67B)
Class [Lcom.google.common.collect.AbstractIterator$State;                             : loaded 2 times (x 65B)
Class com.google.common.base.CharMatcher$None                                         : loaded 2 times (x 108B)
Class org.gradle.internal.classloader.ClassLoaderVisitor                              : loaded 2 times (x 72B)
Class [Lcom.google.common.collect.ImmutableMapEntry;                                  : loaded 2 times (x 65B)
Class org.gradle.api.internal.classpath.EffectiveClassPath                            : loaded 2 times (x 86B)
Class com.google.common.collect.ImmutableRangeSet                                     : loaded 2 times (x 111B)
Class com.google.common.collect.AbstractIterator$1                                    : loaded 2 times (x 67B)
Class [Lorg.apache.commons.io.StandardLineSeparator;                                  : loaded 2 times (x 65B)
Class org.apache.commons.io.output.StringBuilderWriter                                : loaded 2 times (x 96B)
Class com.google.common.collect.ImmutableEnumMap                                      : loaded 2 times (x 121B)
Class com.google.common.collect.ListMultimap                                          : loaded 2 times (x 66B)
Class com.google.common.collect.Iterators$EmptyModifiableIterator                     : loaded 2 times (x 82B)
Class com.google.common.collect.Sets$1                                                : loaded 2 times (x 135B)
Class org.objectweb.asm.AnnotationVisitor                                             : loaded 2 times (x 74B)
Class com.google.common.base.Splitter                                                 : loaded 2 times (x 68B)
Class org.gradle.api.internal.DefaultClassPathProvider                                : loaded 2 times (x 72B)
Class org.apache.commons.io.FilenameUtils                                             : loaded 2 times (x 67B)
Class com.google.common.collect.MapMakerInternalMap$Strength$1                        : loaded 2 times (x 76B)
Class com.google.common.collect.Maps$ViewCachingAbstractMap                           : loaded 2 times (x 121B)
Class [Lcom.google.common.base.Function;                                              : loaded 2 times (x 65B)
Class com.google.common.collect.Sets$2                                                : loaded 2 times (x 135B)
Class [Lorg.gradle.api.internal.ClassPathProvider;                                    : loaded 2 times (x 65B)
Class org.gradle.api.internal.ClassPathProvider                                       : loaded 2 times (x 66B)
Class jdk.internal.jrtfs.SystemImage                                                  : loaded 2 times (x 70B)
Class com.google.common.collect.MapMakerInternalMap$Strength$2                        : loaded 2 times (x 76B)
Class com.google.common.reflect.Types$ClassOwnership$1                                : loaded 2 times (x 76B)
Class [Lorg.objectweb.asm.AnnotationVisitor;                                          : loaded 2 times (x 65B)
Class com.google.common.collect.Sets$3                                                : loaded 2 times (x 135B)
Class com.google.common.util.concurrent.AbstractFuture$SafeAtomicHelper               : loaded 2 times (x 75B)
Class com.google.common.cache.LocalCache$LocalLoadingCache                            : loaded 2 times (x 130B)
Class com.google.common.base.AbstractIterator$State                                   : loaded 2 times (x 75B)
Class org.gradle.internal.service.UnknownServiceException                             : loaded 2 times (x 79B)
Class com.google.common.io.ByteArrayDataInput                                         : loaded 2 times (x 66B)
Class com.google.common.collect.MapMakerInternalMap$StrongValueEntry                  : loaded 2 times (x 66B)
Class com.google.common.reflect.Types$ClassOwnership$2                                : loaded 2 times (x 76B)
Class com.google.common.reflect.TypeResolver                                          : loaded 2 times (x 68B)
Class com.google.common.collect.Sets$4                                                : loaded 2 times (x 135B)
Class org.objectweb.asm.ModuleVisitor                                                 : loaded 2 times (x 77B)
Class com.google.common.cache.LocalCache$Strength$1                                   : loaded 2 times (x 77B)
Class com.google.common.collect.Collections2$FilteredCollection                       : loaded 2 times (x 115B)
Class com.google.common.reflect.Types$ClassOwnership$3                                : loaded 2 times (x 67B)
Class org.apache.commons.io.output.QueueOutputStream                                  : loaded 2 times (x 83B)
Class com.google.common.util.concurrent.SettableFuture                                : loaded 2 times (x 110B)
Class com.google.common.cache.LocalCache$Strength$2                                   : loaded 2 times (x 77B)
Class com.google.common.io.ByteStreams                                                : loaded 2 times (x 67B)
Class com.google.common.collect.Interners$InternerImpl                                : loaded 2 times (x 71B)
Class com.google.common.collect.Interner                                              : loaded 2 times (x 66B)
Class com.google.common.collect.TransformedIterator                                   : loaded 2 times (x 76B)
Class [Lcom.google.common.collect.Maps$EntryFunction;                                 : loaded 2 times (x 65B)
Class com.google.common.cache.LocalCache$Strength$3                                   : loaded 2 times (x 77B)
Class com.google.common.collect.MapDifference                                         : loaded 2 times (x 66B)
Class com.google.common.base.Splitter$1                                               : loaded 2 times (x 73B)
Class com.google.common.collect.MapMaker$Dummy                                        : loaded 2 times (x 75B)
Class com.google.common.reflect.Invokable                                             : loaded 2 times (x 99B)
Class org.objectweb.asm.FieldWriter                                                   : loaded 2 times (x 74B)
Class com.google.common.cache.CacheBuilder$NullListener                               : loaded 2 times (x 78B)
Class org.gradle.internal.classpath.TransformedClassPath                              : loaded 2 times (x 92B)
Class org.gradle.internal.classloader.InstrumentingClassLoader                        : loaded 2 times (x 66B)
Class jdk.internal.jrtfs.SystemImage$1                                                : loaded 2 times (x 74B)
Class com.google.common.collect.ImmutableRangeSet$AsSet                               : loaded 2 times (x 295B)
Class com.google.common.collect.Maps$IteratorBasedAbstractMap$1                       : loaded 2 times (x 134B)
Class com.google.common.reflect.Types$ParameterizedTypeImpl                           : loaded 2 times (x 77B)
Class org.apache.commons.io.output.UnsynchronizedByteArrayOutputStream                : loaded 2 times (x 98B)
Class com.google.common.cache.CacheLoader$FunctionToCacheLoader                       : loaded 2 times (x 71B)
Class com.google.common.collect.Iterators$ArrayItr                                    : loaded 2 times (x 93B)
Class com.google.common.collect.ImmutableCollection$Builder                           : loaded 2 times (x 72B)
Class jdk.internal.jrtfs.SystemImage$2                                                : loaded 2 times (x 72B)
Class com.google.common.collect.BaseImmutableMultimap                                 : loaded 2 times (x 119B)
Class com.google.common.reflect.TypeResolver$TypeVariableKey                          : loaded 2 times (x 68B)
Class org.apache.commons.io.output.ByteArrayOutputStream                              : loaded 2 times (x 98B)
Class com.google.common.base.Joiner                                                   : loaded 2 times (x 75B)
Class com.google.common.base.MoreObjects                                              : loaded 2 times (x 67B)
Class [Lorg.objectweb.asm.Type;                                                       : loaded 2 times (x 65B)
Class com.google.common.collect.Platform                                              : loaded 2 times (x 67B)
Class com.google.common.collect.UnmodifiableIterator                                  : loaded 2 times (x 76B)
Class org.gradle.internal.service.ServiceLocator                                      : loaded 2 times (x 66B)
Class jdk.internal.jrtfs.JrtFileSystemProvider                                        : loaded 2 times (x 97B)
Class org.apache.commons.io.FileExistsException                                       : loaded 2 times (x 78B)
Class com.google.common.collect.HashBiMap$BiEntry                                     : loaded 2 times (x 79B)
Class com.google.common.base.Ascii                                                    : loaded 2 times (x 67B)
Class com.google.common.collect.SingletonImmutableBiMap                               : loaded 2 times (x 139B)
Class com.google.common.cache.LocalCache$1                                            : loaded 2 times (x 85B)
Class com.google.common.collect.AbstractMapEntry                                      : loaded 2 times (x 77B)
Class com.google.common.io.ByteSource$ByteArrayByteSource                             : loaded 2 times (x 81B)
Class com.google.common.collect.MapMakerInternalMap$AbstractStrongKeyEntry            : loaded 2 times (x 76B)
Class com.google.common.reflect.TypeToken$SimpleTypeToken                             : loaded 2 times (x 69B)
Class com.google.common.collect.Sets$ImprovedAbstractSet                              : loaded 2 times (x 131B)
Class com.google.common.collect.ImmutableList$Builder                                 : loaded 2 times (x 73B)
Class com.google.common.cache.LocalCache$2                                            : loaded 2 times (x 138B)
Class com.google.common.collect.AbstractMultimap                                      : loaded 2 times (x 119B)
Class com.google.common.collect.ImmutableRangeSet$1                                   : loaded 2 times (x 205B)
Class com.google.common.util.concurrent.AbstractFuture$UnsafeAtomicHelper$1           : loaded 2 times (x 72B)
Class com.google.common.collect.RegularImmutableAsList                                : loaded 2 times (x 212B)
Class com.google.common.collect.Range                                                 : loaded 2 times (x 83B)
Class com.google.common.base.Optional                                                 : loaded 2 times (x 76B)
Class com.google.common.util.concurrent.AbstractFuture$Trusted                        : loaded 2 times (x 66B)
Class com.google.common.collect.Iterators                                             : loaded 2 times (x 67B)
Class com.google.common.base.CharMatcher$RangesMatcher                                : loaded 2 times (x 108B)
Class jdk.internal.jrtfs.JrtDirectoryStream$1                                         : loaded 2 times (x 79B)
Class jdk.internal.jimage.ImageLocation                                               : loaded 2 times (x 86B)
Class com.google.common.io.ByteSink$AsCharSink                                        : loaded 2 times (x 76B)
Class com.google.common.util.concurrent.UncheckedExecutionException                   : loaded 2 times (x 78B)
Class com.google.common.collect.Lists$StringAsImmutableList                           : loaded 2 times (x 203B)
Class org.gradle.kotlin.dsl.VersionCatalogAccessorsKt                                 : loaded 2 times (x 67B)
Class com.google.common.collect.ImmutableSortedSetFauxverideShim                      : loaded 2 times (x 143B)
Class com.google.common.base.CharMatcher$JavaLetterOrDigit                            : loaded 2 times (x 107B)
Class org.gradle.internal.InternalTransformer                                         : loaded 2 times (x 66B)
Class jdk.internal.jimage.ImageBufferCache$1                                          : loaded 2 times (x 79B)
Class com.google.common.collect.AbstractMapBasedMultimap$KeySet$1                     : loaded 2 times (x 78B)
Class org.objectweb.asm.ClassWriter                                                   : loaded 2 times (x 102B)
Class com.google.common.cache.CacheLoader$UnsupportedLoadingOperationException        : loaded 2 times (x 78B)
Class com.google.common.base.CharMatcher$And                                          : loaded 2 times (x 108B)
Class org.gradle.internal.classloader.ClasspathUtil$1                                 : loaded 2 times (x 72B)
Class jdk.internal.jimage.ImageBufferCache$2                                          : loaded 2 times (x 87B)
Class com.google.common.collect.FluentIterable$1                                      : loaded 2 times (x 77B)
Class com.google.common.base.Objects                                                  : loaded 2 times (x 67B)
Class org.objectweb.asm.FieldVisitor                                                  : loaded 2 times (x 73B)
Class com.google.common.collect.IndexedImmutableSet                                   : loaded 2 times (x 146B)
Class com.google.common.collect.ImmutableMap$1                                        : loaded 2 times (x 77B)
Class com.google.common.collect.BiMap                                                 : loaded 2 times (x 66B)
Class org.gradle.api.internal.classpath.DefaultModuleRegistry$DefaultModule           : loaded 2 times (x 82B)
Class com.google.common.collect.FluentIterable$2                                      : loaded 2 times (x 77B)
Class com.google.common.base.Absent                                                   : loaded 2 times (x 76B)
Class com.google.common.reflect.Reflection                                            : loaded 2 times (x 67B)
Class com.google.common.collect.RegularImmutableMap$KeySet                            : loaded 2 times (x 146B)
Class com.google.common.collect.AbstractIterator                                      : loaded 2 times (x 78B)
Class com.google.common.collect.FluentIterable$3                                      : loaded 2 times (x 77B)
Class com.google.common.math.MathPreconditions                                        : loaded 2 times (x 67B)
Class com.google.common.collect.Multiset                                              : loaded 2 times (x 66B)
Class com.google.common.collect.ArrayListMultimapGwtSerializationDependencies         : loaded 2 times (x 168B)
Class com.google.common.collect.ObjectArrays                                          : loaded 2 times (x 67B)
Class com.google.common.collect.AbstractIndexedListIterator                           : loaded 2 times (x 92B)
Class org.apache.commons.io.output.NullOutputStream                                   : loaded 2 times (x 81B)
Class com.google.common.collect.ImmutableMapEntrySet                                  : loaded 2 times (x 147B)
Class org.gradle.api.internal.classpath.Module                                        : loaded 2 times (x 66B)
Class com.google.common.cache.Weigher                                                 : loaded 2 times (x 66B)
Class org.gradle.api.internal.classpath.UnknownModuleException                        : loaded 2 times (x 78B)
Class jdk.internal.jimage.ImageHeader                                                 : loaded 2 times (x 67B)
Class org.apache.commons.io.Charsets                                                  : loaded 2 times (x 67B)
Class com.google.common.base.Stopwatch                                                : loaded 2 times (x 68B)
Class com.google.common.cache.LocalCache$Strength                                     : loaded 2 times (x 77B)
Class com.google.common.cache.Cache                                                   : loaded 2 times (x 66B)
Class com.google.common.io.Files$2                                                    : loaded 2 times (x 72B)
Class org.apache.commons.io.filefilter.IOFileFilter                                   : loaded 2 times (x 66B)
Class com.google.common.util.concurrent.AbstractFuture$Cancellation                   : loaded 2 times (x 68B)
Class com.google.common.collect.ImmutableMap$Builder                                  : loaded 2 times (x 78B)
Class com.google.common.base.NullnessCasts                                            : loaded 2 times (x 67B)
Class com.google.common.collect.AbstractMapBasedMultimap$WrappedCollection$WrappedIterator: loaded 2 times (x 80B)
Class com.google.common.collect.Maps$EntryFunction$1                                  : loaded 2 times (x 87B)
Class com.google.common.base.Present                                                  : loaded 2 times (x 77B)
Class com.google.common.cache.RemovalListener                                         : loaded 2 times (x 66B)
Class org.gradle.api.internal.DefaultClassPathRegistry                                : loaded 2 times (x 72B)
Class org.apache.commons.io.file.DeleteOption                                         : loaded 2 times (x 66B)
Class com.google.common.collect.Maps$EntryFunction$2                                  : loaded 2 times (x 87B)
Class com.google.common.reflect.Invokable$ConstructorInvokable                        : loaded 2 times (x 103B)
Class com.google.common.primitives.IntsMethodsForWeb                                  : loaded 2 times (x 67B)
Class com.google.common.collect.Multimap                                              : loaded 2 times (x 66B)
Class org.gradle.api.internal.ClassPathRegistry                                       : loaded 2 times (x 66B)
Class org.gradle.internal.classpath.DefaultClassPath$ImmutableUniqueList              : loaded 2 times (x 195B)
Class com.google.common.collect.NullnessCasts                                         : loaded 2 times (x 67B)
Class com.google.common.collect.MapMakerInternalMap$Segment                           : loaded 2 times (x 138B)
Class com.google.common.reflect.TypeToken                                             : loaded 2 times (x 69B)
Class com.google.common.base.ExtraObjectsMethodsForWeb                                : loaded 2 times (x 67B)
Class org.apache.commons.io.IOUtils                                                   : loaded 2 times (x 67B)
Class com.google.common.base.Equivalence$Identity                                     : loaded 2 times (x 78B)
Class com.google.common.cache.RemovalCause                                            : loaded 2 times (x 76B)
Class com.google.common.io.ByteSink                                                   : loaded 2 times (x 72B)
Class com.google.common.cache.CacheBuilder                                            : loaded 2 times (x 68B)
Class com.google.common.collect.SingletonImmutableList                                : loaded 2 times (x 203B)
Class Settings_gradle$1                                                               : loaded 2 times (x 70B)
Class org.gradle.internal.classpath.ClassPath                                         : loaded 2 times (x 66B)
Class org.gradle.api.UncheckedIOException                                             : loaded 2 times (x 78B)
Class com.google.common.collect.Interners$InternerBuilder                             : loaded 2 times (x 72B)
Class com.google.common.io.Files$FileByteSource                                       : loaded 2 times (x 81B)
Class [Lcom.google.common.reflect.Types$JavaVersion;                                  : loaded 2 times (x 65B)
Class com.google.common.collect.ImmutableList$ReverseImmutableList                    : loaded 2 times (x 204B)
Class com.google.common.base.JdkPattern                                               : loaded 2 times (x 71B)
Class org.objectweb.asm.SymbolTable$Entry                                             : loaded 2 times (x 70B)
Class com.google.common.util.concurrent.AbstractFuture$AtomicHelper                   : loaded 2 times (x 74B)
Class jdk.internal.jimage.ImageStringsReader                                          : loaded 2 times (x 76B)
Class org.objectweb.asm.Edge                                                          : loaded 2 times (x 68B)
Class com.google.common.base.Suppliers$SupplierOfInstance                             : loaded 2 times (x 75B)
Class com.google.common.collect.Iterators$1                                           : loaded 2 times (x 77B)
Class com.google.common.reflect.TypeToken$1                                           : loaded 2 times (x 106B)
Class com.google.common.cache.LocalCache$ComputingValueReference                      : loaded 2 times (x 92B)
Class com.google.common.collect.SingletonImmutableSet                                 : loaded 2 times (x 142B)
Class com.google.common.collect.ImmutableMap$IteratorBasedImmutableMap                : loaded 2 times (x 121B)
Class jdk.internal.jimage.ImageReader                                                 : loaded 2 times (x 71B)
Class com.google.common.reflect.TypeToken$2                                           : loaded 2 times (x 106B)
Class com.google.common.cache.LocalCache$Segment                                      : loaded 2 times (x 150B)
Class jdk.internal.jimage.ImageReader$SharedImageReader                               : loaded 2 times (x 91B)
Class com.google.common.collect.SortedIterable                                        : loaded 2 times (x 66B)
Class [Lorg.objectweb.asm.SymbolTable$Entry;                                          : loaded 2 times (x 65B)
Class com.google.common.cache.CacheLoader                                             : loaded 2 times (x 70B)
Class com.google.common.collect.Iterators$4                                           : loaded 2 times (x 78B)
Class com.google.common.collect.ImmutableBiMap                                        : loaded 2 times (x 139B)
Class com.google.common.collect.AbstractListMultimap                                  : loaded 2 times (x 168B)
Class org.gradle.internal.installation.GradleInstallation$1                           : loaded 2 times (x 71B)
Class org.gradle.api.internal.classpath.ModuleRegistry                                : loaded 2 times (x 66B)
Class org.apache.commons.io.output.NullWriter                                         : loaded 2 times (x 95B)
Class com.google.common.util.concurrent.internal.InternalFutureFailureAccess          : loaded 2 times (x 68B)
Class com.google.common.collect.Iterators$5                                           : loaded 2 times (x 78B)
Class com.google.common.collect.ImmutableSet$JdkBackedSetBuilderImpl                  : loaded 2 times (x 72B)
Class com.google.common.base.Splitter$SplittingIterator                               : loaded 2 times (x 80B)
Class com.google.common.collect.Iterators$6                                           : loaded 2 times (x 77B)
Class com.google.common.io.Closer$SuppressingSuppressor                               : loaded 2 times (x 71B)
Class com.google.common.collect.HashBiMap$Inverse                                     : loaded 2 times (x 138B)
Class com.google.common.util.concurrent.AbstractFuture$UnsafeAtomicHelper             : loaded 2 times (x 74B)
Class com.google.common.cache.LocalCache$LocalManualCache$1                           : loaded 2 times (x 71B)
Class com.google.common.base.CharMatcher$ForPredicate                                 : loaded 2 times (x 108B)
Class jdk.internal.jimage.ImageReader$Node                                            : loaded 2 times (x 80B)
Class com.google.common.collect.ImmutableCollection                                   : loaded 2 times (x 121B)
Class com.google.common.base.CharMatcher$AnyOf                                        : loaded 2 times (x 108B)
Class org.gradle.api.internal.classpath.DefaultModuleRegistry                         : loaded 2 times (x 82B)
Class jdk.internal.jimage.BasicImageReader$1                                          : loaded 2 times (x 73B)
Class com.google.common.util.concurrent.ListenableFuture                              : loaded 2 times (x 66B)
Class com.google.common.cache.ReferenceEntry                                          : loaded 2 times (x 66B)
Class com.google.common.collect.ImmutableSet$CachingAsList                            : loaded 2 times (x 143B)
Class com.google.common.base.Converter                                                : loaded 2 times (x 86B)
Class com.google.common.collect.Lists                                                 : loaded 2 times (x 67B)
Class com.google.common.base.CharMatcher$Any                                          : loaded 2 times (x 108B)
Class com.google.common.util.concurrent.AbstractFuture                                : loaded 2 times (x 102B)
Class com.google.common.base.FunctionalEquivalence                                    : loaded 2 times (x 79B)
Class com.google.common.collect.Iterators$9                                           : loaded 2 times (x 77B)
Class com.google.common.collect.AbstractMapBasedMultimap                              : loaded 2 times (x 135B)
Class com.google.common.collect.ImmutableAsList                                       : loaded 2 times (x 205B)
Class com.google.common.reflect.TypeResolver$TypeTable                                : loaded 2 times (x 69B)
Class org.objectweb.asm.RecordComponentVisitor                                        : loaded 2 times (x 73B)
Class com.google.common.cache.CacheLoader$SupplierToCacheLoader                       : loaded 2 times (x 71B)
Class jdk.internal.jimage.decompressor.Decompressor                                   : loaded 2 times (x 68B)
Class jdk.internal.jimage.ImageReader$Resource                                        : loaded 2 times (x 80B)
Class com.google.common.reflect.TypeResolver$TypeTable$1                              : loaded 2 times (x 69B)
Class com.google.common.collect.Maps$EntryTransformer                                 : loaded 2 times (x 66B)
Class org.gradle.internal.service.ServiceLookupException                              : loaded 2 times (x 78B)
Class jdk.internal.jrtfs.JrtFileAttributes                                            : loaded 2 times (x 79B)
Class com.google.common.collect.ImmutableSortedSet                                    : loaded 2 times (x 295B)
Class com.google.common.collect.Lists$ReverseList                                     : loaded 2 times (x 196B)
Class [Lcom.google.common.cache.LocalCache$EntryFactory;                              : loaded 2 times (x 65B)
Class com.google.common.base.CharMatcher$JavaLetter                                   : loaded 2 times (x 107B)
Class org.gradle.internal.classloader.ClassLoaderFactory                              : loaded 2 times (x 66B)
Class com.google.common.collect.ImmutableMap$SerializedForm                           : loaded 2 times (x 69B)
Class org.apache.commons.io.CloseableURLConnection                                    : loaded 2 times (x 113B)
Class com.google.common.cache.LocalCache$LocalManualCache                             : loaded 2 times (x 95B)
Class com.google.common.base.CharMatcher$IsNot                                        : loaded 2 times (x 107B)
Class com.google.common.base.CommonPattern                                            : loaded 2 times (x 70B)
Class org.gradle.internal.service.CachingServiceLocator                               : loaded 2 times (x 78B)
Class com.google.common.collect.RegularImmutableSortedSet                             : loaded 2 times (x 295B)
Class com.google.common.collect.AbstractMapBasedMultimap$KeySet                       : loaded 2 times (x 133B)
Class com.google.common.math.IntMath                                                  : loaded 2 times (x 67B)
Class com.google.common.collect.MapMakerInternalMap$InternalEntry                     : loaded 2 times (x 66B)
Class com.google.common.reflect.Types$TypeVariableInvocationHandler                   : loaded 2 times (x 71B)
Class [Lcom.google.common.collect.HashBiMap$BiEntry;                                  : loaded 2 times (x 65B)
Class com.google.common.collect.Iterators$10                                          : loaded 2 times (x 77B)
Class com.google.common.collect.ImmutableMapEntry                                     : loaded 2 times (x 81B)
Class com.google.common.base.CharMatcher$JavaDigit                                    : loaded 2 times (x 107B)
Class com.google.common.collect.ImmutableMultimap                                     : loaded 2 times (x 143B)
Class com.google.common.base.Predicates                                               : loaded 2 times (x 67B)
Class com.google.common.base.Equivalence                                              : loaded 2 times (x 78B)
Class com.google.common.collect.ImmutableMapEntry$NonTerminalImmutableMapEntry        : loaded 2 times (x 81B)
Class com.google.common.base.Function                                                 : loaded 2 times (x 66B)
Class org.apache.commons.io.output.AbstractByteArrayOutputStream                      : loaded 2 times (x 98B)
Class com.google.common.collect.IndexedImmutableSet$1                                 : loaded 2 times (x 208B)
Class com.google.common.cache.CacheBuilder$OneWeigher                                 : loaded 2 times (x 78B)
Class com.google.common.collect.RegularImmutableList                                  : loaded 2 times (x 208B)
Class jdk.internal.jimage.ImageBufferCache                                            : loaded 2 times (x 67B)
Class jdk.internal.jrtfs.JrtPath                                                      : loaded 2 times (x 114B)
Class com.google.common.collect.Maps$EntryFunction                                    : loaded 2 times (x 87B)
Class com.google.common.reflect.Types$ClassOwnership$1LocalClass                      : loaded 2 times (x 67B)
Class com.google.common.collect.ImmutableBiMapFauxverideShim                          : loaded 2 times (x 116B)
Class org.gradle.internal.classloader.ClasspathUtil                                   : loaded 2 times (x 67B)
Class com.google.common.base.Charsets                                                 : loaded 2 times (x 67B)
Class com.google.common.util.concurrent.Uninterruptibles                              : loaded 2 times (x 67B)
Class com.google.common.io.CharSource                                                 : loaded 2 times (x 81B)
Class com.google.common.collect.Maps                                                  : loaded 2 times (x 67B)
Class com.google.common.base.CharMatcher$JavaUpperCase                                : loaded 2 times (x 107B)
Class org.gradle.api.specs.Spec                                                       : loaded 2 times (x 66B)
Class jdk.internal.jimage.ImageReader$SharedImageReader$LocationVisitor               : loaded 2 times (x 66B)
Class com.google.common.collect.MapMaker                                              : loaded 2 times (x 68B)
Class org.apache.commons.io.file.PathFilter                                           : loaded 2 times (x 66B)
Class com.google.common.reflect.Types$JavaVersion                                     : loaded 2 times (x 79B)
Class [Lcom.google.common.collect.ImmutableEntry;                                     : loaded 2 times (x 65B)
Class com.google.common.collect.Sets$3$1                                              : loaded 2 times (x 78B)
Class com.google.common.cache.LocalCache$LoadingValueReference                        : loaded 2 times (x 92B)
Class com.google.common.primitives.Ints                                               : loaded 2 times (x 67B)
Class com.google.common.collect.MapMakerInternalMap$StrongKeyDummyValueEntry          : loaded 2 times (x 78B)
Class com.google.common.reflect.Invokable$MethodInvokable                             : loaded 2 times (x 103B)
Class com.google.common.base.Platform                                                 : loaded 2 times (x 67B)
Class jdk.internal.jimage.ImageReader$Directory                                       : loaded 2 times (x 80B)
Class com.google.common.collect.AbstractMapBasedMultimap$WrappedList                  : loaded 2 times (x 201B)
Class [Lorg.objectweb.asm.AnnotationWriter;                                           : loaded 2 times (x 65B)
Class com.google.common.primitives.Ints$IntConverter                                  : loaded 2 times (x 86B)
Class com.google.common.collect.Maps$8                                                : loaded 2 times (x 78B)
Class [Lcom.google.common.collect.Iterators$EmptyModifiableIterator;                  : loaded 2 times (x 65B)
Class com.google.common.collect.ImmutableRangeSet$Builder                             : loaded 2 times (x 73B)
Class com.google.common.base.Predicates$CompositionPredicate                          : loaded 2 times (x 84B)
Class com.google.common.collect.Lists$ReverseList$1                                   : loaded 2 times (x 95B)
Class com.google.common.collect.Sets$SetView                                          : loaded 2 times (x 134B)
Class com.google.common.cache.LocalCache$StrongValueReference                         : loaded 2 times (x 86B)
Class com.google.common.util.concurrent.AbstractFuture$SynchronizedHelper             : loaded 2 times (x 74B)
Class com.google.common.base.CharMatcher$Invisible                                    : loaded 2 times (x 108B)
Class com.google.common.graph.SuccessorsFunction                                      : loaded 2 times (x 66B)
Class org.objectweb.asm.Type                                                          : loaded 2 times (x 68B)
Class org.gradle.internal.classloader.VisitableURLClassLoader$InstrumentingVisitableURLClassLoader: loaded 2 times (x 119B)
Class com.google.common.collect.MapMakerInternalMap$StrongKeyDummyValueEntry$Helper   : loaded 2 times (x 75B)
Class org.apache.commons.io.FileUtils                                                 : loaded 2 times (x 67B)
Class com.google.common.io.Files$FileByteSink                                         : loaded 2 times (x 73B)
Class org.objectweb.asm.ByteVector                                                    : loaded 2 times (x 75B)
Class [Lcom.google.common.cache.CacheBuilder$NullListener;                            : loaded 2 times (x 65B)
Class com.google.common.math.IntMath$1                                                : loaded 2 times (x 67B)
Class org.gradle.internal.classloader.VisitableURLClassLoader$Spec                    : loaded 2 times (x 70B)
Class org.gradle.internal.classpath.DefaultClassPath                                  : loaded 2 times (x 86B)
Class com.google.common.reflect.Types$ClassOwnership                                  : loaded 2 times (x 76B)
Class org.objectweb.asm.Symbol                                                        : loaded 2 times (x 69B)
Class com.google.common.base.AbstractIterator                                         : loaded 2 times (x 76B)
Class com.google.common.collect.Sets$FilteredSet                                      : loaded 2 times (x 133B)
Class com.google.common.io.Closer                                                     : loaded 2 times (x 74B)
Class com.google.common.collect.RegularImmutableMap$Values                            : loaded 2 times (x 203B)
Class com.google.common.collect.ImmutableSet                                          : loaded 2 times (x 141B)
Class com.google.common.base.CharMatcher$BitSetMatcher                                : loaded 2 times (x 108B)
Class com.google.common.base.CharMatcher$Ascii                                        : loaded 2 times (x 108B)
Class org.gradle.internal.classloader.ClassLoaderSpec                                 : loaded 2 times (x 67B)
Class com.google.common.io.ByteSource$EmptyByteSource                                 : loaded 2 times (x 81B)
Class org.objectweb.asm.AnnotationWriter                                              : loaded 2 times (x 75B)
Class com.google.common.cache.CacheStats                                              : loaded 2 times (x 67B)
Class com.google.common.collect.Interners                                             : loaded 2 times (x 67B)
Class com.google.common.io.LineProcessor                                              : loaded 2 times (x 66B)
Class com.google.common.io.Closer$Suppressor                                          : loaded 2 times (x 66B)
Class org.objectweb.asm.RecordComponentWriter                                         : loaded 2 times (x 74B)
Class com.google.common.util.concurrent.AbstractFuture$Listener                       : loaded 2 times (x 68B)
Class com.google.common.base.CharMatcher$Or                                           : loaded 2 times (x 108B)
Class Settings_gradle$1$1                                                             : loaded 2 times (x 70B)
Class org.objectweb.asm.Attribute                                                     : loaded 2 times (x 73B)
Class com.google.common.base.Supplier                                                 : loaded 2 times (x 66B)
Class org.gradle.internal.classloader.VisitableURLClassLoader                         : loaded 2 times (x 113B)
Class com.google.common.collect.ImmutableList$SerializedForm                          : loaded 2 times (x 69B)
Class com.google.common.util.concurrent.AbstractFuture$Waiter                         : loaded 2 times (x 68B)
Class Settings_gradle                                                                 : loaded 2 times (x 124B)
Class org.gradle.internal.Cast                                                        : loaded 2 times (x 67B)
Class org.gradle.api.Action                                                           : loaded 2 times (x 66B)
Class com.google.common.collect.MapMakerInternalMap                                   : loaded 2 times (x 157B)
Class com.google.common.collect.HashBiMap                                             : loaded 2 times (x 139B)
Class com.google.common.base.Strings                                                  : loaded 2 times (x 67B)
Class com.google.common.collect.Sets                                                  : loaded 2 times (x 67B)
Class org.objectweb.asm.Handler                                                       : loaded 2 times (x 68B)
Class com.google.common.base.Ticker                                                   : loaded 2 times (x 68B)
Class com.google.common.base.CharMatcher$FastMatcher                                  : loaded 2 times (x 107B)
Class com.google.common.cache.RemovalCause$1                                          : loaded 2 times (x 76B)
Class [Lcom.google.common.cache.LocalCache$Segment;                                   : loaded 2 times (x 65B)
Class [Lcom.google.common.cache.LocalCache$Strength;                                  : loaded 2 times (x 65B)
Class com.google.common.cache.CacheBuilder$1                                          : loaded 2 times (x 81B)
Class com.google.common.collect.ImmutableMap                                          : loaded 2 times (x 116B)
Class com.google.common.base.Predicate                                                : loaded 2 times (x 66B)
Class org.gradle.internal.classpath.DefaultClassPath$ImmutableUniqueList$Builder      : loaded 2 times (x 71B)
Class com.google.common.cache.RemovalCause$2                                          : loaded 2 times (x 76B)
Class com.google.common.collect.MapMakerInternalMap$WeakValueReference                : loaded 2 times (x 66B)
Class com.google.common.collect.AbstractRangeSet                                      : loaded 2 times (x 110B)
Class com.google.common.cache.LocalCache                                              : loaded 2 times (x 183B)
Class com.google.common.cache.CacheBuilder$2                                          : loaded 2 times (x 68B)
Class com.google.common.base.CharMatcher$NegatedFastMatcher                           : loaded 2 times (x 109B)
Class com.google.common.cache.RemovalCause$3                                          : loaded 2 times (x 76B)
Class [Lcom.google.common.collect.AbstractMapEntry;                                   : loaded 2 times (x 65B)
Class com.google.common.collect.ImmutableEntry                                        : loaded 2 times (x 78B)
Class com.google.common.collect.ArrayListMultimap                                     : loaded 2 times (x 168B)
Class com.google.common.base.AbstractIterator$1                                       : loaded 2 times (x 67B)
Class com.google.common.base.CharMatcher$Digit                                        : loaded 2 times (x 108B)
Class org.gradle.api.GradleException                                                  : loaded 2 times (x 78B)
Class jdk.internal.jimage.ImageStrings                                                : loaded 2 times (x 66B)
Class com.google.common.cache.RemovalCause$4                                          : loaded 2 times (x 76B)
Class com.google.common.base.Suppliers$MemoizingSupplier                              : loaded 2 times (x 75B)
Class org.apache.commons.io.StandardLineSeparator                                     : loaded 2 times (x 75B)
Class com.google.common.collect.CollectPreconditions                                  : loaded 2 times (x 67B)
Class com.google.common.base.CharMatcher$JavaIsoControl                               : loaded 2 times (x 108B)
Class com.google.common.cache.RemovalCause$5                                          : loaded 2 times (x 76B)
Class [Lcom.google.common.collect.MapMakerInternalMap$Strength;                       : loaded 2 times (x 65B)
Class [Lcom.google.common.io.FileWriteMode;                                           : loaded 2 times (x 65B)
Class com.google.common.collect.Maps$AbstractFilteredMap                              : loaded 2 times (x 123B)
Class com.google.common.collect.SortedMapDifference                                   : loaded 2 times (x 66B)
Class com.google.common.base.CharMatcher$JavaLowerCase                                : loaded 2 times (x 107B)
Class com.google.common.collect.Iterables$4                                           : loaded 2 times (x 77B)
Class com.google.common.collect.MapMakerInternalMap$StrongKeyDummyValueSegment        : loaded 2 times (x 138B)
Class com.google.common.io.Files                                                      : loaded 2 times (x 67B)
Class com.google.common.cache.LocalCache$WriteThroughEntry                            : loaded 2 times (x 75B)
Class com.google.common.cache.LocalCache$HashIterator                                 : loaded 2 times (x 82B)
Class com.google.common.cache.LocalCache$EntryFactory                                 : loaded 2 times (x 79B)
Class [Lcom.google.common.collect.MapMaker$Dummy;                                     : loaded 2 times (x 65B)
Class com.google.common.collect.Iterables$5                                           : loaded 2 times (x 77B)
Class com.google.common.reflect.Types$NativeTypeVariableEquals                        : loaded 2 times (x 67B)
Class com.google.common.reflect.TypeParameter                                         : loaded 2 times (x 68B)
Class com.google.common.cache.LocalCache$AbstractReferenceEntry                       : loaded 2 times (x 103B)
Class com.google.common.base.Splitter$1$1                                             : loaded 2 times (x 82B)
Class com.google.common.base.CharMatcher$Whitespace                                   : loaded 2 times (x 108B)
Class org.gradle.internal.IoActions                                                   : loaded 2 times (x 67B)
Class com.google.common.collect.ImmutableMapKeySet                                    : loaded 2 times (x 146B)
Class com.google.common.collect.ImmutableRangeSet$ComplementRanges                    : loaded 2 times (x 203B)
Class org.objectweb.asm.SymbolTable                                                   : loaded 2 times (x 68B)
Class com.google.common.cache.CacheLoader$InvalidCacheLoadException                   : loaded 2 times (x 78B)
Class com.google.common.collect.ImmutableSet$RegularSetBuilderImpl                    : loaded 2 times (x 73B)
Class com.google.common.base.CharMatcher$SingleWidth                                  : loaded 2 times (x 108B)
Class org.gradle.internal.classloader.SystemClassLoaderSpec                           : loaded 2 times (x 67B)
Class com.google.common.collect.FluentIterable                                        : loaded 2 times (x 77B)
Class com.google.common.cache.LocalCache$StrongEntry                                  : loaded 2 times (x 104B)
Class com.google.common.util.concurrent.AbstractFuture$TrustedFuture                  : loaded 2 times (x 110B)
Class com.google.common.cache.LoadingCache                                            : loaded 2 times (x 66B)
Class jdk.internal.jrtfs.JrtFileSystem                                                : loaded 2 times (x 98B)
Class com.google.common.io.ByteStreams$LimitedInputStream                             : loaded 2 times (x 88B)
Class com.google.common.base.Suppliers$NonSerializableMemoizingSupplier               : loaded 2 times (x 75B)
Class org.objectweb.asm.MethodWriter                                                  : loaded 2 times (x 102B)
Class [Lcom.google.common.cache.Weigher;                                              : loaded 2 times (x 65B)
Class com.google.common.collect.RegularImmutableMap$BucketOverflowException           : loaded 2 times (x 78B)
Class com.google.common.collect.AbstractMapBasedMultimap$RandomAccessWrappedList      : loaded 2 times (x 201B)
Class com.google.common.collect.AbstractIterator$State                                : loaded 2 times (x 75B)
Class com.google.common.reflect.Types$JavaVersion$1                                   : loaded 2 times (x 79B)
Class com.google.common.collect.RegularImmutableBiMap                                 : loaded 2 times (x 144B)
Class com.google.common.cache.LocalCache$ValueReference                               : loaded 2 times (x 66B)
Class com.google.common.base.CharMatcher$Negated                                      : loaded 2 times (x 109B)
Class com.google.common.base.CharMatcher$Is                                           : loaded 2 times (x 107B)
Class com.google.common.reflect.Types$JavaVersion$2                                   : loaded 2 times (x 79B)
Class com.google.common.reflect.Types                                                 : loaded 2 times (x 67B)
Class com.google.common.hash.PrimitiveSink                                            : loaded 2 times (x 66B)
Class com.google.common.base.PatternCompiler                                          : loaded 2 times (x 66B)
Class com.google.common.util.concurrent.AbstractFuture$Failure                        : loaded 2 times (x 68B)
Class com.google.common.base.Equivalence$Equals                                       : loaded 2 times (x 78B)
Class com.google.common.collect.Hashing                                               : loaded 2 times (x 67B)
Class com.google.common.base.Preconditions                                            : loaded 2 times (x 67B)
Class com.google.common.collect.ImmutableSetMultimap                                  : loaded 2 times (x 176B)
Class [Lorg.apache.commons.io.file.DeleteOption;                                      : loaded 2 times (x 65B)
Class com.google.common.io.CharSink                                                   : loaded 2 times (x 75B)
Class com.google.common.reflect.Types$JavaVersion$3                                   : loaded 2 times (x 79B)
Class com.google.common.base.Joiner$1                                                 : loaded 2 times (x 76B)
Class org.objectweb.asm.Label                                                         : loaded 2 times (x 69B)
Class org.objectweb.asm.CurrentFrame                                                  : loaded 2 times (x 69B)
Class org.objectweb.asm.ClassTooLargeException                                        : loaded 2 times (x 79B)
Class com.google.common.collect.PeekingIterator                                       : loaded 2 times (x 66B)
Class com.google.common.base.CharMatcher                                              : loaded 2 times (x 107B)
Class com.google.common.io.ByteSource$AsCharSource                                    : loaded 2 times (x 82B)
Class com.google.common.collect.MapMakerInternalMap$InternalEntryHelper               : loaded 2 times (x 66B)
Class com.google.common.collect.RangeGwtSerializationDependencies                     : loaded 2 times (x 67B)
Class com.google.common.collect.Table                                                 : loaded 2 times (x 66B)
Class com.google.common.reflect.Types$JavaVersion$4                                   : loaded 2 times (x 79B)
Class com.google.common.collect.Maps$IteratorBasedAbstractMap                         : loaded 2 times (x 121B)
Class com.google.common.base.Joiner$2                                                 : loaded 2 times (x 75B)
Class org.objectweb.asm.Frame                                                         : loaded 2 times (x 69B)
Class org.objectweb.asm.MethodVisitor                                                 : loaded 2 times (x 101B)
Class com.google.common.cache.LocalCache$EntryFactory$1                               : loaded 2 times (x 79B)
Class [Lcom.google.common.cache.RemovalListener;                                      : loaded 2 times (x 65B)
Class com.google.common.base.CharMatcher$1                                            : loaded 2 times (x 109B)
Class com.google.common.base.CharMatcher$NamedFastMatcher                             : loaded 2 times (x 108B)
Class com.google.common.collect.RangeSet                                              : loaded 2 times (x 66B)
Class com.google.common.reflect.Types$JavaVersion$5                                   : loaded 2 times (x 67B)
Class [Lcom.google.common.reflect.Types$ClassOwnership;                               : loaded 2 times (x 65B)
Class com.google.common.cache.LocalCache$EntryFactory$2                               : loaded 2 times (x 79B)
Class org.gradle.api.internal.classpath.GlobalCacheRootsProvider                      : loaded 2 times (x 66B)
Class com.google.common.collect.CollectCollectors                                     : loaded 2 times (x 67B)
Class org.objectweb.asm.ModuleWriter                                                  : loaded 2 times (x 78B)
Class com.google.common.cache.LocalCache$EntryFactory$3                               : loaded 2 times (x 79B)
Class com.google.common.base.Ticker$1                                                 : loaded 2 times (x 68B)
Class com.google.common.collect.ImmutableMapEntrySet$RegularEntrySet                  : loaded 2 times (x 147B)
Class com.google.common.collect.Maps$BiMapConverter                                   : loaded 2 times (x 86B)
Class com.google.common.collect.SetMultimap                                           : loaded 2 times (x 66B)
Class com.google.common.cache.LocalCache$EntryFactory$4                               : loaded 2 times (x 79B)
Class com.google.common.collect.ImmutableSet$Builder                                  : loaded 2 times (x 81B)
Class com.google.common.base.CharMatcher$InRange                                      : loaded 2 times (x 107B)
Class com.google.common.io.ByteStreams$1                                              : loaded 2 times (x 81B)
Class com.google.common.cache.LocalCache$EntryFactory$5                               : loaded 2 times (x 79B)
Class com.google.common.base.PairwiseEquivalence                                      : loaded 2 times (x 79B)
Class org.apache.commons.io.output.AppendableWriter                                   : loaded 2 times (x 96B)
Class com.google.common.cache.LocalCache$EntryFactory$6                               : loaded 2 times (x 79B)
Class org.gradle.internal.installation.CurrentGradleInstallationLocator               : loaded 2 times (x 67B)
Class com.google.common.io.ByteSource$SlicedByteSource                                : loaded 2 times (x 81B)
Class org.apache.commons.io.output.ThresholdingOutputStream                           : loaded 2 times (x 90B)
Class com.google.common.collect.Maps$KeySet                                           : loaded 2 times (x 133B)
Class com.google.common.cache.LocalCache$EntryFactory$7                               : loaded 2 times (x 79B)
Class com.google.common.collect.ImmutableSet$EmptySetBuilderImpl                      : loaded 2 times (x 72B)
Class com.google.common.collect.ImmutableList                                         : loaded 2 times (x 202B)
Class org.gradle.internal.service.DefaultServiceLocator                               : loaded 2 times (x 79B)
Class jdk.internal.jrtfs.JrtDirectoryStream                                           : loaded 2 times (x 85B)
Class com.google.common.cache.LocalCache$SoftValueReference                           : loaded 2 times (x 93B)
Class com.google.common.collect.Maps$EntrySet                                         : loaded 2 times (x 132B)
Class com.google.common.cache.LocalCache$EntryFactory$8                               : loaded 2 times (x 79B)
Class com.google.common.collect.ImmutableSet$SetBuilderImpl                           : loaded 2 times (x 72B)
Class org.gradle.internal.installation.CurrentGradleInstallation                      : loaded 2 times (x 69B)
Class com.google.common.cache.CacheLoader$1                                           : loaded 2 times (x 71B)
Class com.google.common.collect.ForwardingObject                                      : loaded 2 times (x 68B)
Class com.google.common.collect.ImmutableList$SubList                                 : loaded 2 times (x 204B)
Class org.gradle.util.internal.GUtil                                                  : loaded 2 times (x 67B)
Class com.google.common.io.ByteSource                                                 : loaded 2 times (x 80B)
Class com.google.common.util.concurrent.AbstractFuture$SetFuture                      : loaded 2 times (x 71B)
Class com.google.common.cache.AbstractCache$StatsCounter                              : loaded 2 times (x 66B)
Class com.google.common.collect.MapMakerInternalMap$1                                 : loaded 2 times (x 79B)
Class com.google.common.reflect.Types$TypeVariableImpl                                : loaded 2 times (x 68B)
Class com.google.common.collect.Iterators$MergingIterator                             : loaded 2 times (x 77B)
Class com.google.common.collect.RegularImmutableSet                                   : loaded 2 times (x 144B)
Class org.gradle.internal.installation.GradleInstallation                             : loaded 2 times (x 71B)
Class com.google.common.collect.Iterables                                             : loaded 2 times (x 67B)
Class com.google.common.base.Splitter$Strategy                                        : loaded 2 times (x 66B)
Class com.google.common.collect.Lists$RandomAccessReverseList                         : loaded 2 times (x 196B)

---------------  S Y S T E M  ---------------

OS:
 Windows 10 , 64 bit Build 19041 (10.0.19041.5915)
OS uptime: 0 days 10:22 hours
Hyper-V role detected

CPU: total 8 (initial active 8) (4 cores per cpu, 2 threads per core) family 6 model 140 stepping 1 microcode 0xbc, cx8, cmov, fxsr, ht, mmx, 3dnowpref, sse, sse2, sse3, ssse3, sse4.1, sse4.2, popcnt, lzcnt, tsc, tscinvbit, avx, avx2, aes, erms, clmul, bmi1, bmi2, adx, avx512f, avx512dq, avx512cd, avx512bw, avx512vl, sha, fma, vzeroupper, avx512_vpopcntdq, avx512_vpclmulqdq, avx512_vaes, avx512_vnni, clflush, clflushopt, clwb, avx512_vbmi2, avx512_vbmi, hv, rdtscp, rdpid, fsrm, gfni, avx512_bitalg, f16c, cet_ibt, cet_ss, avx512_ifma
Processor Information for all 8 processors :
  Max Mhz: 2419, Current Mhz: 2419, Mhz Limit: 2419

Memory: 4k page, system-wide physical 16118M (1434M free)
TotalPageFile size 20655M (AvailPageFile size 64M)
current process WorkingSet (physical memory assigned to process): 894M, peak: 1164M
current process commit charge ("private bytes"): 1107M, peak: 1314M

vm_info: OpenJDK 64-Bit Server VM (21.0.4+-12508038-b607.1) for windows-amd64 JRE (21.0.4+-12508038-b607.1), built on 2024-10-16T17:23:34Z by "builder" with MS VC++ 16.10 / 16.11 (VS2019)

END.
