#
# There is insufficient memory for the Java Runtime Environment to continue.
# Native memory allocation (malloc) failed to allocate 1055536 bytes. Error detail: Chunk::new
# Possible reasons:
#   The system is out of physical RAM or swap space
#   This process is running with CompressedOops enabled, and the Java Heap may be blocking the growth of the native heap
# Possible solutions:
#   Reduce memory load on the system
#   Increase physical memory or swap space
#   Check if swap backing store is full
#   Decrease Java heap size (-Xmx/-Xms)
#   Decrease number of Java threads
#   Decrease Java thread stack sizes (-Xss)
#   Set larger code cache with -XX:ReservedCodeCacheSize=
#   JVM is running with Unscaled Compressed Oops mode in which the Java heap is
#     placed in the first 4GB address space. The Java Heap base address is the
#     maximum limit for the native heap growth. Please use -XX:HeapBaseMinAddress
#     to set the Java Heap base and to place the Java Heap above 4GB virtual address.
# This output file may be truncated or incomplete.
#
#  Out of Memory Error (arena.cpp:168), pid=19200, tid=18904
#
# JRE version: OpenJDK Runtime Environment (21.0.4) (build 21.0.4+-12508038-b607.1)
# Java VM: OpenJDK 64-Bit Server VM (21.0.4+-12508038-b607.1, mixed mode, tiered, compressed oops, compressed class ptrs, g1 gc, windows-amd64)
# No core dump will be written. Minidumps are not enabled by default on client versions of Windows
#

---------------  S U M M A R Y ------------

Command Line: --add-opens=java.base/java.util=ALL-UNNAMED --add-opens=java.base/java.lang=ALL-UNNAMED --add-opens=java.base/java.lang.invoke=ALL-UNNAMED --add-opens=java.prefs/java.util.prefs=ALL-UNNAMED --add-exports=jdk.compiler/com.sun.tools.javac.api=ALL-UNNAMED --add-exports=jdk.compiler/com.sun.tools.javac.util=ALL-UNNAMED --add-opens=java.base/java.nio.charset=ALL-UNNAMED --add-opens=java.base/java.net=ALL-UNNAMED --add-opens=java.base/java.util.concurrent.atomic=ALL-UNNAMED -Xmx2048m -Dfile.encoding=UTF-8 -Duser.country=US -Duser.language=en -Duser.variant -javaagent:C:\Users\dell\.gradle\wrapper\dists\gradle-8.10.2-bin\a04bxjujx95o3nb99gddekhwo\gradle-8.10.2\lib\agents\gradle-instrumentation-agent-8.10.2.jar org.gradle.launcher.daemon.bootstrap.GradleDaemon 8.10.2

Host: 11th Gen Intel(R) Core(TM) i5-1135G7 @ 2.40GHz, 8 cores, 15G,  Windows 10 , 64 bit Build 19041 (10.0.19041.5915)
Time: Mon Jun 16 23:30:36 2025 SE Asia Standard Time elapsed time: 25.295978 seconds (0d 0h 0m 25s)

---------------  T H R E A D  ---------------

Current thread (0x00000269db671a90):  JavaThread "C2 CompilerThread1" daemon [_thread_in_native, id=18904, stack(0x00000081e7600000,0x00000081e7700000) (1024K)]


Current CompileTask:
C2:  25296 15648       4       org.gradle.api.internal.artifacts.transform.TransformingAsyncArtifactListener$TransformedArtifact::visit (24 bytes)

Stack: [0x00000081e7600000,0x00000081e7700000]
Native frames: (J=compiled Java code, j=interpreted, Vv=VM code, C=native code)
V  [jvm.dll+0x6ce539]
V  [jvm.dll+0x85bf03]
V  [jvm.dll+0x85e45e]
V  [jvm.dll+0x85eb43]
V  [jvm.dll+0x27dd06]
V  [jvm.dll+0xbf9cd]
V  [jvm.dll+0xbff03]
V  [jvm.dll+0x2f19c1]
V  [jvm.dll+0x5f8d79]
V  [jvm.dll+0x2503d2]
V  [jvm.dll+0x248cfd]
V  [jvm.dll+0x2468be]
V  [jvm.dll+0x1c58a4]
V  [jvm.dll+0x255fec]
V  [jvm.dll+0x254536]
V  [jvm.dll+0x3efab6]
V  [jvm.dll+0x804418]
V  [jvm.dll+0x6cce0d]
C  [ucrtbase.dll+0x21bb2]
C  [KERNEL32.DLL+0x17374]
C  [ntdll.dll+0x4cc91]


---------------  P R O C E S S  ---------------

Threads class SMR info:
_java_thread_list=0x00000269e496c310, length=134, elements={
0x00000269c1875240, 0x00000269db120740, 0x00000269db123470, 0x00000269db12d2b0,
0x00000269db109e40, 0x00000269db10a8a0, 0x00000269db10b300, 0x00000269db136050,
0x00000269db136af0, 0x00000269db221dc0, 0x00000269db5ec3b0, 0x00000269db671a90,
0x00000269e026f240, 0x00000269e14e0c60, 0x00000269e1483530, 0x00000269e1316330,
0x00000269e1503fe0, 0x00000269e13289b0, 0x00000269e1655510, 0x00000269e15ade40,
0x00000269e15ad120, 0x00000269e15ac400, 0x00000269e15aca90, 0x00000269e15aeb60,
0x00000269e15ad7b0, 0x00000269e15af1f0, 0x00000269e15af880, 0x00000269e24efc00,
0x00000269e24ee1c0, 0x00000269e24ece10, 0x00000269e24f0290, 0x00000269e24ee850,
0x00000269e24ed4a0, 0x00000269e24f2360, 0x00000269e24f29f0, 0x00000269e24eba60,
0x00000269e24f3080, 0x00000269e24ec780, 0x00000269e06c5820, 0x00000269e06c7f80,
0x00000269e06c8610, 0x00000269e06c99c0, 0x00000269e06c5eb0, 0x00000269e06c4b00,
0x00000269e06ca050, 0x00000269e06ca6e0, 0x00000269e06c5190, 0x00000269e06c6540,
0x00000269e06c6bd0, 0x00000269e06c78f0, 0x00000269e06c8ca0, 0x00000269e06c7260,
0x00000269e06c9330, 0x00000269e06cad70, 0x00000269e06c4470, 0x00000269e06cba90,
0x00000269db75acb0, 0x00000269db758be0, 0x00000269db75b340, 0x00000269db75cd80,
0x00000269db757ec0, 0x00000269db75a620, 0x00000269db7571a0, 0x00000269db756480,
0x00000269db75b9d0, 0x00000269db758550, 0x00000269db75c060, 0x00000269db75c6f0,
0x00000269db75d410, 0x00000269db75daa0, 0x00000269db759270, 0x00000269db756b10,
0x00000269db757830, 0x00000269db759900, 0x00000269db759f90, 0x00000269e2f3ca00,
0x00000269e2f3b650, 0x00000269e3ffaad0, 0x00000269db5a45c0, 0x00000269db59f070,
0x00000269db5a6690, 0x00000269db5a3210, 0x00000269db5a2b80, 0x00000269db5a1140,
0x00000269db5a17d0, 0x00000269db5a1e60, 0x00000269e3d07500, 0x00000269e3d06150,
0x00000269e3d05ac0, 0x00000269e3d095d0, 0x00000269e3d02cd0, 0x00000269e3d088b0,
0x00000269e3d07b90, 0x00000269e3d09c60, 0x00000269e3d05430, 0x00000269e3d0a2f0,
0x00000269e3d08f40, 0x00000269e3d04710, 0x00000269e3d04da0, 0x00000269e3d03360,
0x00000269e3d067e0, 0x00000269db5a0420, 0x00000269db59fd90, 0x00000269e1d753f0,
0x00000269e1d77b50, 0x00000269e1d75a80, 0x00000269e1d70bc0, 0x00000269e1d72600,
0x00000269e1d71f70, 0x00000269e1d73320, 0x00000269ec174260, 0x00000269ec1769c0,
0x00000269ec175610, 0x00000269ec171470, 0x00000269ec170de0, 0x00000269ec172820,
0x00000269ec175ca0, 0x00000269ec1748f0, 0x00000269ec1776e0, 0x00000269ec172eb0,
0x00000269ec171b00, 0x00000269ec176330, 0x00000269ec173540, 0x00000269ec177050,
0x00000269ec170750, 0x00000269e1d718e0, 0x00000269e1d72c90, 0x00000269e1d76110,
0x00000269e1d739b0, 0x00000269e1d767a0, 0x00000269db5a24f0, 0x00000269db5a4c50,
0x00000269db5a52e0, 0x00000269db5a3f30
}

Java Threads: ( => current thread )
  0x00000269c1875240 JavaThread "main"                              [_thread_blocked, id=2568, stack(0x00000081e6400000,0x00000081e6500000) (1024K)]
  0x00000269db120740 JavaThread "Reference Handler"          daemon [_thread_blocked, id=20452, stack(0x00000081e6c00000,0x00000081e6d00000) (1024K)]
  0x00000269db123470 JavaThread "Finalizer"                  daemon [_thread_blocked, id=16868, stack(0x00000081e6d00000,0x00000081e6e00000) (1024K)]
  0x00000269db12d2b0 JavaThread "Signal Dispatcher"          daemon [_thread_blocked, id=16328, stack(0x00000081e6e00000,0x00000081e6f00000) (1024K)]
  0x00000269db109e40 JavaThread "Attach Listener"            daemon [_thread_blocked, id=19092, stack(0x00000081e6f00000,0x00000081e7000000) (1024K)]
  0x00000269db10a8a0 JavaThread "Service Thread"             daemon [_thread_blocked, id=11892, stack(0x00000081e7000000,0x00000081e7100000) (1024K)]
  0x00000269db10b300 JavaThread "Monitor Deflation Thread"   daemon [_thread_blocked, id=19940, stack(0x00000081e7100000,0x00000081e7200000) (1024K)]
  0x00000269db136050 JavaThread "C2 CompilerThread0"         daemon [_thread_blocked, id=5112, stack(0x00000081e7200000,0x00000081e7300000) (1024K)]
  0x00000269db136af0 JavaThread "C1 CompilerThread0"         daemon [_thread_blocked, id=9896, stack(0x00000081e7300000,0x00000081e7400000) (1024K)]
  0x00000269db221dc0 JavaThread "Common-Cleaner"             daemon [_thread_blocked, id=15156, stack(0x00000081e7400000,0x00000081e7500000) (1024K)]
  0x00000269db5ec3b0 JavaThread "Notification Thread"        daemon [_thread_blocked, id=5616, stack(0x00000081e7500000,0x00000081e7600000) (1024K)]
=>0x00000269db671a90 JavaThread "C2 CompilerThread1"         daemon [_thread_in_native, id=18904, stack(0x00000081e7600000,0x00000081e7700000) (1024K)]
  0x00000269e026f240 JavaThread "Daemon health stats"               [_thread_blocked, id=17676, stack(0x00000081e7e00000,0x00000081e7f00000) (1024K)]
  0x00000269e14e0c60 JavaThread "Incoming local TCP Connector on port 52518"        [_thread_in_native, id=17824, stack(0x00000081e7f00000,0x00000081e8000000) (1024K)]
  0x00000269e1483530 JavaThread "Daemon periodic checks"            [_thread_blocked, id=16484, stack(0x00000081e8000000,0x00000081e8100000) (1024K)]
  0x00000269e1316330 JavaThread "Daemon"                            [_thread_blocked, id=14248, stack(0x00000081e8100000,0x00000081e8200000) (1024K)]
  0x00000269e1503fe0 JavaThread "Handler for socket connection from /127.0.0.1:52518 to /127.0.0.1:52519"        [_thread_in_native, id=20112, stack(0x00000081e8200000,0x00000081e8300000) (1024K)]
  0x00000269e13289b0 JavaThread "Cancel handler"                    [_thread_blocked, id=14928, stack(0x00000081e8300000,0x00000081e8400000) (1024K)]
  0x00000269e1655510 JavaThread "Daemon worker"                     [_thread_blocked, id=9552, stack(0x00000081e8400000,0x00000081e8500000) (1024K)]
  0x00000269e15ade40 JavaThread "Asynchronous log dispatcher for DefaultDaemonConnection: socket connection from /127.0.0.1:52518 to /127.0.0.1:52519"        [_thread_blocked, id=17884, stack(0x00000081e8500000,0x00000081e8600000) (1024K)]
  0x00000269e15ad120 JavaThread "Stdin handler"                     [_thread_blocked, id=3240, stack(0x00000081e8600000,0x00000081e8700000) (1024K)]
  0x00000269e15ac400 JavaThread "Daemon client event forwarder"        [_thread_blocked, id=4204, stack(0x00000081e8700000,0x00000081e8800000) (1024K)]
  0x00000269e15aca90 JavaThread "Cache worker for journal cache (C:\Users\dell\.gradle\caches\journal-1)"        [_thread_blocked, id=18280, stack(0x00000081e8900000,0x00000081e8a00000) (1024K)]
  0x00000269e15aeb60 JavaThread "File lock request listener"        [_thread_in_native, id=19492, stack(0x00000081e8a00000,0x00000081e8b00000) (1024K)]
  0x00000269e15ad7b0 JavaThread "Cache worker for file hash cache (C:\Users\dell\.gradle\caches\8.10.2\fileHashes)"        [_thread_blocked, id=2752, stack(0x00000081e8b00000,0x00000081e8c00000) (1024K)]
  0x00000269e15af1f0 JavaThread "Cache worker for file hash cache (D:\Code\Project-Study\Stationery-android\StationeryShop\.gradle\8.10.2\fileHashes)"        [_thread_blocked, id=19268, stack(0x00000081e8d00000,0x00000081e8e00000) (1024K)]
  0x00000269e15af880 JavaThread "Cache worker for Build Output Cleanup Cache (D:\Code\Project-Study\Stationery-android\StationeryShop\.gradle\buildOutputCleanup)"        [_thread_blocked, id=7496, stack(0x00000081e8e00000,0x00000081e8f00000) (1024K)]
  0x00000269e24efc00 JavaThread "File watcher server"        daemon [_thread_in_native, id=12256, stack(0x00000081e8f00000,0x00000081e9000000) (1024K)]
  0x00000269e24ee1c0 JavaThread "File watcher consumer"      daemon [_thread_blocked, id=2592, stack(0x00000081e9000000,0x00000081e9100000) (1024K)]
  0x00000269e24ece10 JavaThread "Cache worker for checksums cache (D:\Code\Project-Study\Stationery-android\StationeryShop\.gradle\8.10.2\checksums)"        [_thread_blocked, id=6700, stack(0x00000081e9100000,0x00000081e9200000) (1024K)]
  0x00000269e24f0290 JavaThread "Cache worker for file content cache (C:\Users\dell\.gradle\caches\8.10.2\fileContent)"        [_thread_blocked, id=16748, stack(0x00000081e9200000,0x00000081e9300000) (1024K)]
  0x00000269e24ee850 JavaThread "Cache worker for cache directory md-rule (C:\Users\dell\.gradle\caches\8.10.2\md-rule)"        [_thread_blocked, id=4468, stack(0x00000081e9300000,0x00000081e9400000) (1024K)]
  0x00000269e24ed4a0 JavaThread "Cache worker for cache directory md-supplier (C:\Users\dell\.gradle\caches\8.10.2\md-supplier)"        [_thread_blocked, id=20124, stack(0x00000081e9400000,0x00000081e9500000) (1024K)]
  0x00000269e24f2360 JavaThread "Unconstrained build operations"        [_thread_blocked, id=14124, stack(0x00000081e8c00000,0x00000081e8d00000) (1024K)]
  0x00000269e24f29f0 JavaThread "Unconstrained build operations Thread 2"        [_thread_blocked, id=16204, stack(0x00000081e9500000,0x00000081e9600000) (1024K)]
  0x00000269e24eba60 JavaThread "Unconstrained build operations Thread 3"        [_thread_blocked, id=14340, stack(0x00000081e9600000,0x00000081e9700000) (1024K)]
  0x00000269e24f3080 JavaThread "Unconstrained build operations Thread 4"        [_thread_blocked, id=12476, stack(0x00000081e9700000,0x00000081e9800000) (1024K)]
  0x00000269e24ec780 JavaThread "Unconstrained build operations Thread 5"        [_thread_blocked, id=3204, stack(0x00000081e9800000,0x00000081e9900000) (1024K)]
  0x00000269e06c5820 JavaThread "Unconstrained build operations Thread 6"        [_thread_blocked, id=11888, stack(0x00000081e9900000,0x00000081e9a00000) (1024K)]
  0x00000269e06c7f80 JavaThread "Unconstrained build operations Thread 7"        [_thread_blocked, id=9732, stack(0x00000081e9a00000,0x00000081e9b00000) (1024K)]
  0x00000269e06c8610 JavaThread "Unconstrained build operations Thread 8"        [_thread_blocked, id=13972, stack(0x00000081e9b00000,0x00000081e9c00000) (1024K)]
  0x00000269e06c99c0 JavaThread "Unconstrained build operations Thread 9"        [_thread_blocked, id=19440, stack(0x00000081e9c00000,0x00000081e9d00000) (1024K)]
  0x00000269e06c5eb0 JavaThread "Unconstrained build operations Thread 10"        [_thread_blocked, id=16780, stack(0x00000081e9d00000,0x00000081e9e00000) (1024K)]
  0x00000269e06c4b00 JavaThread "Unconstrained build operations Thread 11"        [_thread_blocked, id=11672, stack(0x00000081e9e00000,0x00000081e9f00000) (1024K)]
  0x00000269e06ca050 JavaThread "Unconstrained build operations Thread 12"        [_thread_blocked, id=20224, stack(0x00000081e9f00000,0x00000081ea000000) (1024K)]
  0x00000269e06ca6e0 JavaThread "Unconstrained build operations Thread 13"        [_thread_blocked, id=7500, stack(0x00000081ea000000,0x00000081ea100000) (1024K)]
  0x00000269e06c5190 JavaThread "Unconstrained build operations Thread 14"        [_thread_blocked, id=14356, stack(0x00000081ea100000,0x00000081ea200000) (1024K)]
  0x00000269e06c6540 JavaThread "Unconstrained build operations Thread 15"        [_thread_blocked, id=18676, stack(0x00000081ea200000,0x00000081ea300000) (1024K)]
  0x00000269e06c6bd0 JavaThread "Unconstrained build operations Thread 16"        [_thread_blocked, id=12084, stack(0x00000081ea300000,0x00000081ea400000) (1024K)]
  0x00000269e06c78f0 JavaThread "Unconstrained build operations Thread 17"        [_thread_blocked, id=11784, stack(0x00000081ea400000,0x00000081ea500000) (1024K)]
  0x00000269e06c8ca0 JavaThread "Unconstrained build operations Thread 18"        [_thread_blocked, id=8392, stack(0x00000081ea500000,0x00000081ea600000) (1024K)]
  0x00000269e06c7260 JavaThread "Unconstrained build operations Thread 19"        [_thread_blocked, id=14596, stack(0x00000081ea600000,0x00000081ea700000) (1024K)]
  0x00000269e06c9330 JavaThread "Unconstrained build operations Thread 20"        [_thread_blocked, id=13488, stack(0x00000081ea700000,0x00000081ea800000) (1024K)]
  0x00000269e06cad70 JavaThread "Unconstrained build operations Thread 21"        [_thread_blocked, id=6584, stack(0x00000081ea800000,0x00000081ea900000) (1024K)]
  0x00000269e06c4470 JavaThread "Unconstrained build operations Thread 22"        [_thread_blocked, id=6176, stack(0x00000081ea900000,0x00000081eaa00000) (1024K)]
  0x00000269e06cba90 JavaThread "Unconstrained build operations Thread 23"        [_thread_blocked, id=7488, stack(0x00000081eaa00000,0x00000081eab00000) (1024K)]
  0x00000269db75acb0 JavaThread "Unconstrained build operations Thread 24"        [_thread_blocked, id=20392, stack(0x00000081eab00000,0x00000081eac00000) (1024K)]
  0x00000269db758be0 JavaThread "Unconstrained build operations Thread 25"        [_thread_blocked, id=16820, stack(0x00000081eac00000,0x00000081ead00000) (1024K)]
  0x00000269db75b340 JavaThread "Unconstrained build operations Thread 26"        [_thread_blocked, id=12140, stack(0x00000081ead00000,0x00000081eae00000) (1024K)]
  0x00000269db75cd80 JavaThread "Unconstrained build operations Thread 27"        [_thread_blocked, id=7080, stack(0x00000081eae00000,0x00000081eaf00000) (1024K)]
  0x00000269db757ec0 JavaThread "Unconstrained build operations Thread 28"        [_thread_blocked, id=9252, stack(0x00000081eaf00000,0x00000081eb000000) (1024K)]
  0x00000269db75a620 JavaThread "Unconstrained build operations Thread 29"        [_thread_blocked, id=9300, stack(0x00000081eb000000,0x00000081eb100000) (1024K)]
  0x00000269db7571a0 JavaThread "Unconstrained build operations Thread 30"        [_thread_blocked, id=11856, stack(0x00000081eb100000,0x00000081eb200000) (1024K)]
  0x00000269db756480 JavaThread "Unconstrained build operations Thread 31"        [_thread_blocked, id=16976, stack(0x00000081eb200000,0x00000081eb300000) (1024K)]
  0x00000269db75b9d0 JavaThread "Unconstrained build operations Thread 32"        [_thread_blocked, id=17492, stack(0x00000081eb300000,0x00000081eb400000) (1024K)]
  0x00000269db758550 JavaThread "Unconstrained build operations Thread 33"        [_thread_blocked, id=19572, stack(0x00000081eb400000,0x00000081eb500000) (1024K)]
  0x00000269db75c060 JavaThread "Unconstrained build operations Thread 34"        [_thread_blocked, id=17104, stack(0x00000081eb500000,0x00000081eb600000) (1024K)]
  0x00000269db75c6f0 JavaThread "Unconstrained build operations Thread 35"        [_thread_blocked, id=14556, stack(0x00000081eb600000,0x00000081eb700000) (1024K)]
  0x00000269db75d410 JavaThread "Unconstrained build operations Thread 36"        [_thread_blocked, id=7328, stack(0x00000081eb700000,0x00000081eb800000) (1024K)]
  0x00000269db75daa0 JavaThread "Unconstrained build operations Thread 37"        [_thread_blocked, id=9532, stack(0x00000081eb800000,0x00000081eb900000) (1024K)]
  0x00000269db759270 JavaThread "Unconstrained build operations Thread 38"        [_thread_blocked, id=17660, stack(0x00000081eb900000,0x00000081eba00000) (1024K)]
  0x00000269db756b10 JavaThread "Unconstrained build operations Thread 39"        [_thread_blocked, id=17280, stack(0x00000081eba00000,0x00000081ebb00000) (1024K)]
  0x00000269db757830 JavaThread "Unconstrained build operations Thread 40"        [_thread_blocked, id=19536, stack(0x00000081ebb00000,0x00000081ebc00000) (1024K)]
  0x00000269db759900 JavaThread "Unconstrained build operations Thread 41"        [_thread_blocked, id=4688, stack(0x00000081ebc00000,0x00000081ebd00000) (1024K)]
  0x00000269db759f90 JavaThread "Unconstrained build operations Thread 42"        [_thread_blocked, id=12000, stack(0x00000081ebd00000,0x00000081ebe00000) (1024K)]
  0x00000269e2f3ca00 JavaThread "build event listener"              [_thread_blocked, id=16024, stack(0x00000081ebe00000,0x00000081ebf00000) (1024K)]
  0x00000269e2f3b650 JavaThread "Memory manager"                    [_thread_blocked, id=17484, stack(0x00000081ebf00000,0x00000081ec000000) (1024K)]
  0x00000269e3ffaad0 JavaThread "C2 CompilerThread2"         daemon [_thread_blocked, id=11868, stack(0x00000081ec000000,0x00000081ec100000) (1024K)]
  0x00000269db5a45c0 JavaThread "pool-3-thread-1"                   [_thread_blocked, id=4524, stack(0x00000081ec100000,0x00000081ec200000) (1024K)]
  0x00000269db59f070 JavaThread "build event listener"              [_thread_blocked, id=14964, stack(0x00000081ec200000,0x00000081ec300000) (1024K)]
  0x00000269db5a6690 JavaThread "included builds"                   [_thread_blocked, id=19608, stack(0x00000081ec300000,0x00000081ec400000) (1024K)]
  0x00000269db5a3210 JavaThread "Execution worker"                  [_thread_blocked, id=5692, stack(0x00000081ec400000,0x00000081ec500000) (1024K)]
  0x00000269db5a2b80 JavaThread "Execution worker Thread 2"         [_thread_blocked, id=19304, stack(0x00000081ec500000,0x00000081ec600000) (1024K)]
  0x00000269db5a1140 JavaThread "Execution worker Thread 3"         [_thread_blocked, id=12912, stack(0x00000081ec600000,0x00000081ec700000) (1024K)]
  0x00000269db5a17d0 JavaThread "Execution worker Thread 4"         [_thread_blocked, id=16528, stack(0x00000081ec700000,0x00000081ec800000) (1024K)]
  0x00000269db5a1e60 JavaThread "Execution worker Thread 5"         [_thread_blocked, id=11576, stack(0x00000081ec800000,0x00000081ec900000) (1024K)]
  0x00000269e3d07500 JavaThread "Execution worker Thread 6"         [_thread_blocked, id=13356, stack(0x00000081ec900000,0x00000081eca00000) (1024K)]
  0x00000269e3d06150 JavaThread "Execution worker Thread 7"         [_thread_blocked, id=9640, stack(0x00000081eca00000,0x00000081ecb00000) (1024K)]
  0x00000269e3d05ac0 JavaThread "Cache worker for execution history cache (D:\Code\Project-Study\Stationery-android\StationeryShop\.gradle\8.10.2\executionHistory)"        [_thread_blocked, id=10896, stack(0x00000081ecb00000,0x00000081ecc00000) (1024K)]
  0x00000269e3d095d0 JavaThread "Unconstrained build operations Thread 43"        [_thread_blocked, id=11916, stack(0x00000081ecc00000,0x00000081ecd00000) (1024K)]
  0x00000269e3d02cd0 JavaThread "Unconstrained build operations Thread 44"        [_thread_blocked, id=7636, stack(0x00000081ecd00000,0x00000081ece00000) (1024K)]
  0x00000269e3d088b0 JavaThread "Unconstrained build operations Thread 45"        [_thread_blocked, id=11036, stack(0x00000081ece00000,0x00000081ecf00000) (1024K)]
  0x00000269e3d07b90 JavaThread "Unconstrained build operations Thread 46"        [_thread_blocked, id=20016, stack(0x00000081ecf00000,0x00000081ed000000) (1024K)]
  0x00000269e3d09c60 JavaThread "Unconstrained build operations Thread 47"        [_thread_blocked, id=16592, stack(0x00000081ed000000,0x00000081ed100000) (1024K)]
  0x00000269e3d05430 JavaThread "Unconstrained build operations Thread 48"        [_thread_blocked, id=7220, stack(0x00000081ed100000,0x00000081ed200000) (1024K)]
  0x00000269e3d0a2f0 JavaThread "Unconstrained build operations Thread 49"        [_thread_blocked, id=12516, stack(0x00000081ed200000,0x00000081ed300000) (1024K)]
  0x00000269e3d08f40 JavaThread "Unconstrained build operations Thread 50"        [_thread_blocked, id=9468, stack(0x00000081ed300000,0x00000081ed400000) (1024K)]
  0x00000269e3d04710 JavaThread "Unconstrained build operations Thread 51"        [_thread_blocked, id=18628, stack(0x00000081ed400000,0x00000081ed500000) (1024K)]
  0x00000269e3d04da0 JavaThread "Unconstrained build operations Thread 52"        [_thread_blocked, id=6208, stack(0x00000081ed500000,0x00000081ed600000) (1024K)]
  0x00000269e3d03360 JavaThread "Unconstrained build operations Thread 53"        [_thread_blocked, id=12548, stack(0x00000081ed600000,0x00000081ed700000) (1024K)]
  0x00000269e3d067e0 JavaThread "Unconstrained build operations Thread 54"        [_thread_blocked, id=4136, stack(0x00000081ed700000,0x00000081ed800000) (1024K)]
  0x00000269db5a0420 JavaThread "Unconstrained build operations Thread 55"        [_thread_blocked, id=9900, stack(0x00000081ed800000,0x00000081ed900000) (1024K)]
  0x00000269db59fd90 JavaThread "Unconstrained build operations Thread 56"        [_thread_blocked, id=8440, stack(0x00000081ed900000,0x00000081eda00000) (1024K)]
  0x00000269e1d753f0 JavaThread "Unconstrained build operations Thread 57"        [_thread_blocked, id=4600, stack(0x00000081eda00000,0x00000081edb00000) (1024K)]
  0x00000269e1d77b50 JavaThread "Unconstrained build operations Thread 58"        [_thread_blocked, id=10344, stack(0x00000081edb00000,0x00000081edc00000) (1024K)]
  0x00000269e1d75a80 JavaThread "Unconstrained build operations Thread 59"        [_thread_blocked, id=7428, stack(0x00000081edc00000,0x00000081edd00000) (1024K)]
  0x00000269e1d70bc0 JavaThread "Unconstrained build operations Thread 60"        [_thread_blocked, id=76, stack(0x00000081edd00000,0x00000081ede00000) (1024K)]
  0x00000269e1d72600 JavaThread "Unconstrained build operations Thread 61"        [_thread_blocked, id=9904, stack(0x00000081ede00000,0x00000081edf00000) (1024K)]
  0x00000269e1d71f70 JavaThread "Unconstrained build operations Thread 62"        [_thread_blocked, id=11068, stack(0x00000081edf00000,0x00000081ee000000) (1024K)]
  0x00000269e1d73320 JavaThread "Unconstrained build operations Thread 63"        [_thread_blocked, id=18720, stack(0x00000081ee000000,0x00000081ee100000) (1024K)]
  0x00000269ec174260 JavaThread "WorkerExecutor Queue"              [_thread_blocked, id=13640, stack(0x00000081ee100000,0x00000081ee200000) (1024K)]
  0x00000269ec1769c0 JavaThread "WorkerExecutor Queue Thread 2"        [_thread_blocked, id=15548, stack(0x00000081ee200000,0x00000081ee300000) (1024K)]
  0x00000269ec175610 JavaThread "Unconstrained build operations Thread 64"        [_thread_blocked, id=2700, stack(0x00000081ee300000,0x00000081ee400000) (1024K)]
  0x00000269ec171470 JavaThread "Unconstrained build operations Thread 65"        [_thread_blocked, id=18072, stack(0x00000081ee400000,0x00000081ee500000) (1024K)]
  0x00000269ec170de0 JavaThread "Unconstrained build operations Thread 66"        [_thread_blocked, id=11468, stack(0x00000081ee500000,0x00000081ee600000) (1024K)]
  0x00000269ec172820 JavaThread "WorkerExecutor Queue Thread 3"        [_thread_blocked, id=4956, stack(0x00000081ee600000,0x00000081ee700000) (1024K)]
  0x00000269ec175ca0 JavaThread "Unconstrained build operations Thread 67"        [_thread_blocked, id=17312, stack(0x00000081ee700000,0x00000081ee800000) (1024K)]
  0x00000269ec1748f0 JavaThread "Unconstrained build operations Thread 68"        [_thread_blocked, id=12668, stack(0x00000081ee800000,0x00000081ee900000) (1024K)]
  0x00000269ec1776e0 JavaThread "Unconstrained build operations Thread 69"        [_thread_blocked, id=15296, stack(0x00000081ee900000,0x00000081eea00000) (1024K)]
  0x00000269ec172eb0 JavaThread "Unconstrained build operations Thread 70"        [_thread_blocked, id=1364, stack(0x00000081eea00000,0x00000081eeb00000) (1024K)]
  0x00000269ec171b00 JavaThread "Unconstrained build operations Thread 71"        [_thread_blocked, id=17696, stack(0x00000081eeb00000,0x00000081eec00000) (1024K)]
  0x00000269ec176330 JavaThread "Unconstrained build operations Thread 72"        [_thread_blocked, id=9064, stack(0x00000081eec00000,0x00000081eed00000) (1024K)]
  0x00000269ec173540 JavaThread "Unconstrained build operations Thread 73"        [_thread_blocked, id=6164, stack(0x00000081eed00000,0x00000081eee00000) (1024K)]
  0x00000269ec177050 JavaThread "Unconstrained build operations Thread 74"        [_thread_blocked, id=10008, stack(0x00000081eee00000,0x00000081eef00000) (1024K)]
  0x00000269ec170750 JavaThread "Unconstrained build operations Thread 75"        [_thread_blocked, id=17720, stack(0x00000081eef00000,0x00000081ef000000) (1024K)]
  0x00000269e1d718e0 JavaThread "Unconstrained build operations Thread 76"        [_thread_blocked, id=5024, stack(0x00000081ef000000,0x00000081ef100000) (1024K)]
  0x00000269e1d72c90 JavaThread "Unconstrained build operations Thread 77"        [_thread_blocked, id=8224, stack(0x00000081ef100000,0x00000081ef200000) (1024K)]
  0x00000269e1d76110 JavaThread "Unconstrained build operations Thread 78"        [_thread_blocked, id=17392, stack(0x00000081ef200000,0x00000081ef300000) (1024K)]
  0x00000269e1d739b0 JavaThread "Unconstrained build operations Thread 79"        [_thread_blocked, id=6580, stack(0x00000081ef300000,0x00000081ef400000) (1024K)]
  0x00000269e1d767a0 JavaThread "Unconstrained build operations Thread 80"        [_thread_blocked, id=15420, stack(0x00000081ef400000,0x00000081ef500000) (1024K)]
  0x00000269db5a24f0 JavaThread "WorkerExecutor Queue Thread 4"        [_thread_blocked, id=2788, stack(0x00000081ef500000,0x00000081ef600000) (1024K)]
  0x00000269db5a4c50 JavaThread "pool-4-thread-1"                   [_thread_blocked, id=14956, stack(0x00000081ef600000,0x00000081ef700000) (1024K)]
  0x00000269db5a52e0 JavaThread "stderr"                            [_thread_in_native, id=17948, stack(0x00000081ef700000,0x00000081ef800000) (1024K)]
  0x00000269db5a3f30 JavaThread "stdout"                            [_thread_in_native, id=1080, stack(0x00000081ef800000,0x00000081ef900000) (1024K)]
Total: 134

Other Threads:
  0x00000269db0b07d0 VMThread "VM Thread"                           [id=17648, stack(0x00000081e6b00000,0x00000081e6c00000) (1024K)]
  0x00000269daf02d50 WatcherThread "VM Periodic Task Thread"        [id=5100, stack(0x00000081e6a00000,0x00000081e6b00000) (1024K)]
  0x00000269c18cb420 WorkerThread "GC Thread#0"                     [id=424, stack(0x00000081e6500000,0x00000081e6600000) (1024K)]
  0x00000269db8f2a80 WorkerThread "GC Thread#1"                     [id=6588, stack(0x00000081e7800000,0x00000081e7900000) (1024K)]
  0x00000269db7a5c70 WorkerThread "GC Thread#2"                     [id=15144, stack(0x00000081e7900000,0x00000081e7a00000) (1024K)]
  0x00000269db7a6010 WorkerThread "GC Thread#3"                     [id=12112, stack(0x00000081e7a00000,0x00000081e7b00000) (1024K)]
  0x00000269dbb35df0 WorkerThread "GC Thread#4"                     [id=18724, stack(0x00000081e7b00000,0x00000081e7c00000) (1024K)]
  0x00000269dbb36190 WorkerThread "GC Thread#5"                     [id=13132, stack(0x00000081e7c00000,0x00000081e7d00000) (1024K)]
  0x00000269e0d568d0 WorkerThread "GC Thread#6"                     [id=11184, stack(0x00000081e7700000,0x00000081e7800000) (1024K)]
  0x00000269e11c6ce0 WorkerThread "GC Thread#7"                     [id=568, stack(0x00000081e7d00000,0x00000081e7e00000) (1024K)]
  0x00000269c18dc310 ConcurrentGCThread "G1 Main Marker"            [id=4512, stack(0x00000081e6600000,0x00000081e6700000) (1024K)]
  0x00000269c18dce90 WorkerThread "G1 Conc#0"                       [id=15560, stack(0x00000081e6700000,0x00000081e6800000) (1024K)]
  0x00000269e126c600 WorkerThread "G1 Conc#1"                       [id=12816, stack(0x00000081e8800000,0x00000081e8900000) (1024K)]
  0x00000269dadd1a80 ConcurrentGCThread "G1 Refine#0"               [id=17872, stack(0x00000081e6800000,0x00000081e6900000) (1024K)]
  0x00000269dadd22a0 ConcurrentGCThread "G1 Service"                [id=14832, stack(0x00000081e6900000,0x00000081e6a00000) (1024K)]
Total: 15

Threads with active compile tasks:
C2 CompilerThread1    25324 15648       4       org.gradle.api.internal.artifacts.transform.TransformingAsyncArtifactListener$TransformedArtifact::visit (24 bytes)
Total: 1

VM state: not at safepoint (normal execution)

VM Mutex/Monitor currently owned by a thread: None

Heap address: 0x0000000080000000, size: 2048 MB, Compressed Oops mode: 32-bit

CDS archive(s) not mapped
Compressed class space mapped at: 0x0000000100000000-0x0000000140000000, reserved size: 1073741824
Narrow klass base: 0x0000000000000000, Narrow klass shift: 3, Narrow klass range: 0x140000000

GC Precious Log:
 CardTable entry size: 512
 Card Set container configuration: InlinePtr #cards 5 size 8 Array Of Cards #cards 12 size 40 Howl #buckets 4 coarsen threshold 1843 Howl Bitmap #cards 512 size 80 coarsen threshold 460 Card regions per heap region 1 cards per card region 2048
 CPUs: 8 total, 8 available
 Memory: 16118M
 Large Page Support: Disabled
 NUMA Support: Disabled
 Compressed Oops: Enabled (32-bit)
 Heap Region Size: 1M
 Heap Min Capacity: 8M
 Heap Initial Capacity: 252M
 Heap Max Capacity: 2G
 Pre-touch: Disabled
 Parallel Workers: 8
 Concurrent Workers: 2
 Concurrent Refinement Workers: 8
 Periodic GC: Disabled

Heap:
 garbage-first heap   total 273408K, used 209213K [0x0000000080000000, 0x0000000100000000)
  region size 1024K, 100 young (102400K), 13 survivors (13312K)
 Metaspace       used 117015K, committed 119232K, reserved 1179648K
  class space    used 15582K, committed 16704K, reserved 1048576K

Heap Regions: E=young(eden), S=young(survivor), O=old, HS=humongous(starts), HC=humongous(continues), CS=collection set, F=free, TAMS=top-at-mark-start, PB=parsable bottom
|   0|0x0000000080000000, 0x0000000080100000, 0x0000000080100000|100%| O|  |TAMS 0x0000000080000000| PB 0x0000000080000000| Untracked 
|   1|0x0000000080100000, 0x0000000080200000, 0x0000000080200000|100%| O|  |TAMS 0x0000000080100000| PB 0x0000000080100000| Untracked 
|   2|0x0000000080200000, 0x0000000080300000, 0x0000000080300000|100%| O|  |TAMS 0x0000000080200000| PB 0x0000000080200000| Untracked 
|   3|0x0000000080300000, 0x0000000080400000, 0x0000000080400000|100%|HS|  |TAMS 0x0000000080300000| PB 0x0000000080300000| Complete 
|   4|0x0000000080400000, 0x0000000080500000, 0x0000000080500000|100%|HC|  |TAMS 0x0000000080400000| PB 0x0000000080400000| Complete 
|   5|0x0000000080500000, 0x0000000080600000, 0x0000000080600000|100%|HC|  |TAMS 0x0000000080500000| PB 0x0000000080500000| Complete 
|   6|0x0000000080600000, 0x0000000080700000, 0x0000000080700000|100%|HC|  |TAMS 0x0000000080600000| PB 0x0000000080600000| Complete 
|   7|0x0000000080700000, 0x0000000080800000, 0x0000000080800000|100%| O|  |TAMS 0x0000000080700000| PB 0x0000000080700000| Untracked 
|   8|0x0000000080800000, 0x0000000080900000, 0x0000000080900000|100%| O|  |TAMS 0x0000000080800000| PB 0x0000000080800000| Untracked 
|   9|0x0000000080900000, 0x0000000080a00000, 0x0000000080a00000|100%|HS|  |TAMS 0x0000000080900000| PB 0x0000000080900000| Complete 
|  10|0x0000000080a00000, 0x0000000080b00000, 0x0000000080b00000|100%| O|  |TAMS 0x0000000080a00000| PB 0x0000000080a00000| Untracked 
|  11|0x0000000080b00000, 0x0000000080c00000, 0x0000000080c00000|100%| O|  |TAMS 0x0000000080b00000| PB 0x0000000080b00000| Untracked 
|  12|0x0000000080c00000, 0x0000000080d00000, 0x0000000080d00000|100%| O|  |TAMS 0x0000000080c00000| PB 0x0000000080c00000| Untracked 
|  13|0x0000000080d00000, 0x0000000080e00000, 0x0000000080e00000|100%| O|  |TAMS 0x0000000080d00000| PB 0x0000000080d00000| Untracked 
|  14|0x0000000080e00000, 0x0000000080f00000, 0x0000000080f00000|100%| O|  |TAMS 0x0000000080e00000| PB 0x0000000080e00000| Untracked 
|  15|0x0000000080f00000, 0x0000000081000000, 0x0000000081000000|100%| O|  |TAMS 0x0000000080f00000| PB 0x0000000080f00000| Untracked 
|  16|0x0000000081000000, 0x0000000081100000, 0x0000000081100000|100%| O|  |TAMS 0x0000000081000000| PB 0x0000000081000000| Untracked 
|  17|0x0000000081100000, 0x0000000081200000, 0x0000000081200000|100%| O|  |TAMS 0x0000000081100000| PB 0x0000000081100000| Untracked 
|  18|0x0000000081200000, 0x0000000081300000, 0x0000000081300000|100%| O|  |TAMS 0x0000000081200000| PB 0x0000000081200000| Untracked 
|  19|0x0000000081300000, 0x0000000081400000, 0x0000000081400000|100%| O|  |TAMS 0x0000000081300000| PB 0x0000000081300000| Untracked 
|  20|0x0000000081400000, 0x0000000081500000, 0x0000000081500000|100%| O|  |TAMS 0x0000000081400000| PB 0x0000000081400000| Untracked 
|  21|0x0000000081500000, 0x0000000081600000, 0x0000000081600000|100%| O|  |TAMS 0x0000000081500000| PB 0x0000000081500000| Untracked 
|  22|0x0000000081600000, 0x0000000081700000, 0x0000000081700000|100%| O|  |TAMS 0x0000000081600000| PB 0x0000000081600000| Untracked 
|  23|0x0000000081700000, 0x0000000081800000, 0x0000000081800000|100%| O|  |TAMS 0x0000000081700000| PB 0x0000000081700000| Untracked 
|  24|0x0000000081800000, 0x0000000081900000, 0x0000000081900000|100%| O|  |TAMS 0x0000000081800000| PB 0x0000000081800000| Untracked 
|  25|0x0000000081900000, 0x0000000081a00000, 0x0000000081a00000|100%| O|  |TAMS 0x0000000081900000| PB 0x0000000081900000| Untracked 
|  26|0x0000000081a00000, 0x0000000081b00000, 0x0000000081b00000|100%| O|  |TAMS 0x0000000081a00000| PB 0x0000000081a00000| Untracked 
|  27|0x0000000081b00000, 0x0000000081c00000, 0x0000000081c00000|100%| O|  |TAMS 0x0000000081b00000| PB 0x0000000081b00000| Untracked 
|  28|0x0000000081c00000, 0x0000000081d00000, 0x0000000081d00000|100%| O|  |TAMS 0x0000000081c00000| PB 0x0000000081c00000| Untracked 
|  29|0x0000000081d00000, 0x0000000081e00000, 0x0000000081e00000|100%| O|  |TAMS 0x0000000081d00000| PB 0x0000000081d00000| Untracked 
|  30|0x0000000081e00000, 0x0000000081f00000, 0x0000000081f00000|100%| O|  |TAMS 0x0000000081e00000| PB 0x0000000081e00000| Untracked 
|  31|0x0000000081f00000, 0x0000000082000000, 0x0000000082000000|100%| O|  |TAMS 0x0000000081f00000| PB 0x0000000081f00000| Untracked 
|  32|0x0000000082000000, 0x0000000082100000, 0x0000000082100000|100%| O|  |TAMS 0x0000000082000000| PB 0x0000000082000000| Untracked 
|  33|0x0000000082100000, 0x0000000082200000, 0x0000000082200000|100%| O|  |TAMS 0x0000000082100000| PB 0x0000000082100000| Untracked 
|  34|0x0000000082200000, 0x0000000082300000, 0x0000000082300000|100%|HS|  |TAMS 0x0000000082200000| PB 0x0000000082200000| Complete 
|  35|0x0000000082300000, 0x0000000082400000, 0x0000000082400000|100%|HS|  |TAMS 0x0000000082300000| PB 0x0000000082300000| Complete 
|  36|0x0000000082400000, 0x0000000082500000, 0x0000000082500000|100%| O|  |TAMS 0x0000000082400000| PB 0x0000000082400000| Untracked 
|  37|0x0000000082500000, 0x0000000082600000, 0x0000000082600000|100%| O|  |TAMS 0x0000000082500000| PB 0x0000000082500000| Untracked 
|  38|0x0000000082600000, 0x0000000082700000, 0x0000000082700000|100%|HS|  |TAMS 0x0000000082600000| PB 0x0000000082600000| Complete 
|  39|0x0000000082700000, 0x0000000082800000, 0x0000000082800000|100%|HS|  |TAMS 0x0000000082700000| PB 0x0000000082700000| Complete 
|  40|0x0000000082800000, 0x0000000082900000, 0x0000000082900000|100%| O|  |TAMS 0x0000000082800000| PB 0x0000000082800000| Untracked 
|  41|0x0000000082900000, 0x0000000082a00000, 0x0000000082a00000|100%|HS|  |TAMS 0x0000000082900000| PB 0x0000000082900000| Complete 
|  42|0x0000000082a00000, 0x0000000082b00000, 0x0000000082b00000|100%|HS|  |TAMS 0x0000000082a00000| PB 0x0000000082a00000| Complete 
|  43|0x0000000082b00000, 0x0000000082c00000, 0x0000000082c00000|100%| O|  |TAMS 0x0000000082b00000| PB 0x0000000082b00000| Untracked 
|  44|0x0000000082c00000, 0x0000000082d00000, 0x0000000082d00000|100%| O|  |TAMS 0x0000000082c00000| PB 0x0000000082c00000| Untracked 
|  45|0x0000000082d00000, 0x0000000082e00000, 0x0000000082e00000|100%| O|  |TAMS 0x0000000082d00000| PB 0x0000000082d00000| Untracked 
|  46|0x0000000082e00000, 0x0000000082f00000, 0x0000000082f00000|100%| O|  |TAMS 0x0000000082e00000| PB 0x0000000082e00000| Untracked 
|  47|0x0000000082f00000, 0x0000000083000000, 0x0000000083000000|100%| O|  |TAMS 0x0000000082f00000| PB 0x0000000082f00000| Untracked 
|  48|0x0000000083000000, 0x0000000083100000, 0x0000000083100000|100%| O|  |TAMS 0x0000000083000000| PB 0x0000000083000000| Untracked 
|  49|0x0000000083100000, 0x0000000083200000, 0x0000000083200000|100%| O|  |TAMS 0x0000000083100000| PB 0x0000000083100000| Untracked 
|  50|0x0000000083200000, 0x0000000083300000, 0x0000000083300000|100%| O|  |TAMS 0x0000000083200000| PB 0x0000000083200000| Untracked 
|  51|0x0000000083300000, 0x0000000083400000, 0x0000000083400000|100%| O|  |TAMS 0x0000000083300000| PB 0x0000000083300000| Untracked 
|  52|0x0000000083400000, 0x0000000083500000, 0x0000000083500000|100%| O|  |TAMS 0x0000000083400000| PB 0x0000000083400000| Untracked 
|  53|0x0000000083500000, 0x0000000083600000, 0x0000000083600000|100%|HS|  |TAMS 0x0000000083500000| PB 0x0000000083500000| Complete 
|  54|0x0000000083600000, 0x0000000083700000, 0x0000000083700000|100%| O|  |TAMS 0x0000000083600000| PB 0x0000000083600000| Untracked 
|  55|0x0000000083700000, 0x0000000083800000, 0x0000000083800000|100%| O|  |TAMS 0x0000000083700000| PB 0x0000000083700000| Untracked 
|  56|0x0000000083800000, 0x0000000083900000, 0x0000000083900000|100%| O|  |TAMS 0x0000000083800000| PB 0x0000000083800000| Untracked 
|  57|0x0000000083900000, 0x0000000083a00000, 0x0000000083a00000|100%| O|  |TAMS 0x0000000083900000| PB 0x0000000083900000| Untracked 
|  58|0x0000000083a00000, 0x0000000083b00000, 0x0000000083b00000|100%| O|  |TAMS 0x0000000083a00000| PB 0x0000000083a00000| Untracked 
|  59|0x0000000083b00000, 0x0000000083c00000, 0x0000000083c00000|100%| O|  |TAMS 0x0000000083b00000| PB 0x0000000083b00000| Untracked 
|  60|0x0000000083c00000, 0x0000000083d00000, 0x0000000083d00000|100%| O|  |TAMS 0x0000000083c00000| PB 0x0000000083c00000| Untracked 
|  61|0x0000000083d00000, 0x0000000083e00000, 0x0000000083e00000|100%| O|  |TAMS 0x0000000083d00000| PB 0x0000000083d00000| Untracked 
|  62|0x0000000083e00000, 0x0000000083f00000, 0x0000000083f00000|100%| O|  |TAMS 0x0000000083e00000| PB 0x0000000083e00000| Untracked 
|  63|0x0000000083f00000, 0x0000000084000000, 0x0000000084000000|100%| O|  |TAMS 0x0000000083f00000| PB 0x0000000083f00000| Untracked 
|  64|0x0000000084000000, 0x0000000084100000, 0x0000000084100000|100%| O|  |TAMS 0x0000000084000000| PB 0x0000000084000000| Untracked 
|  65|0x0000000084100000, 0x0000000084200000, 0x0000000084200000|100%| O|  |TAMS 0x0000000084100000| PB 0x0000000084100000| Untracked 
|  66|0x0000000084200000, 0x0000000084300000, 0x0000000084300000|100%| O|  |TAMS 0x0000000084200000| PB 0x0000000084200000| Untracked 
|  67|0x0000000084300000, 0x0000000084400000, 0x0000000084400000|100%| O|  |TAMS 0x0000000084300000| PB 0x0000000084300000| Untracked 
|  68|0x0000000084400000, 0x0000000084500000, 0x0000000084500000|100%| O|  |TAMS 0x0000000084400000| PB 0x0000000084400000| Untracked 
|  69|0x0000000084500000, 0x0000000084600000, 0x0000000084600000|100%| O|  |TAMS 0x0000000084500000| PB 0x0000000084500000| Untracked 
|  70|0x0000000084600000, 0x0000000084700000, 0x0000000084700000|100%| O|  |TAMS 0x0000000084600000| PB 0x0000000084600000| Untracked 
|  71|0x0000000084700000, 0x0000000084800000, 0x0000000084800000|100%| O|  |TAMS 0x0000000084700000| PB 0x0000000084700000| Untracked 
|  72|0x0000000084800000, 0x0000000084900000, 0x0000000084900000|100%| O|  |TAMS 0x0000000084800000| PB 0x0000000084800000| Untracked 
|  73|0x0000000084900000, 0x0000000084a00000, 0x0000000084a00000|100%| O|  |TAMS 0x0000000084900000| PB 0x0000000084900000| Untracked 
|  74|0x0000000084a00000, 0x0000000084b00000, 0x0000000084b00000|100%| O|  |TAMS 0x0000000084a00000| PB 0x0000000084a00000| Untracked 
|  75|0x0000000084b00000, 0x0000000084c00000, 0x0000000084c00000|100%| O|  |TAMS 0x0000000084b00000| PB 0x0000000084b00000| Untracked 
|  76|0x0000000084c00000, 0x0000000084d00000, 0x0000000084d00000|100%| O|  |TAMS 0x0000000084c00000| PB 0x0000000084c00000| Untracked 
|  77|0x0000000084d00000, 0x0000000084e00000, 0x0000000084e00000|100%| O|  |TAMS 0x0000000084d00000| PB 0x0000000084d00000| Untracked 
|  78|0x0000000084e00000, 0x0000000084f00000, 0x0000000084f00000|100%| O|  |TAMS 0x0000000084e00000| PB 0x0000000084e00000| Untracked 
|  79|0x0000000084f00000, 0x0000000085000000, 0x0000000085000000|100%| O|  |TAMS 0x0000000084f00000| PB 0x0000000084f00000| Untracked 
|  80|0x0000000085000000, 0x0000000085100000, 0x0000000085100000|100%| O|  |TAMS 0x0000000085000000| PB 0x0000000085000000| Untracked 
|  81|0x0000000085100000, 0x0000000085200000, 0x0000000085200000|100%| O|  |TAMS 0x0000000085100000| PB 0x0000000085100000| Untracked 
|  82|0x0000000085200000, 0x0000000085300000, 0x0000000085300000|100%| O|  |TAMS 0x0000000085200000| PB 0x0000000085200000| Untracked 
|  83|0x0000000085300000, 0x0000000085400000, 0x0000000085400000|100%| O|  |TAMS 0x0000000085300000| PB 0x0000000085300000| Untracked 
|  84|0x0000000085400000, 0x0000000085500000, 0x0000000085500000|100%| O|  |TAMS 0x0000000085400000| PB 0x0000000085400000| Untracked 
|  85|0x0000000085500000, 0x0000000085600000, 0x0000000085600000|100%| O|  |TAMS 0x0000000085500000| PB 0x0000000085500000| Untracked 
|  86|0x0000000085600000, 0x0000000085700000, 0x0000000085700000|100%| O|  |TAMS 0x0000000085600000| PB 0x0000000085600000| Untracked 
|  87|0x0000000085700000, 0x0000000085800000, 0x0000000085800000|100%| O|  |TAMS 0x0000000085700000| PB 0x0000000085700000| Untracked 
|  88|0x0000000085800000, 0x0000000085800000, 0x0000000085900000|  0%| F|  |TAMS 0x0000000085800000| PB 0x0000000085800000| Untracked 
|  89|0x0000000085900000, 0x0000000085a00000, 0x0000000085a00000|100%| O|  |TAMS 0x0000000085900000| PB 0x0000000085900000| Untracked 
|  90|0x0000000085a00000, 0x0000000085b00000, 0x0000000085b00000|100%| O|  |TAMS 0x0000000085a00000| PB 0x0000000085a00000| Untracked 
|  91|0x0000000085b00000, 0x0000000085c00000, 0x0000000085c00000|100%| O|  |TAMS 0x0000000085b00000| PB 0x0000000085b00000| Untracked 
|  92|0x0000000085c00000, 0x0000000085c00000, 0x0000000085d00000|  0%| F|  |TAMS 0x0000000085c00000| PB 0x0000000085c00000| Untracked 
|  93|0x0000000085d00000, 0x0000000085d00000, 0x0000000085e00000|  0%| F|  |TAMS 0x0000000085d00000| PB 0x0000000085d00000| Untracked 
|  94|0x0000000085e00000, 0x0000000085e00000, 0x0000000085f00000|  0%| F|  |TAMS 0x0000000085e00000| PB 0x0000000085e00000| Untracked 
|  95|0x0000000085f00000, 0x0000000086000000, 0x0000000086000000|100%| O|  |TAMS 0x0000000085f00000| PB 0x0000000085f00000| Untracked 
|  96|0x0000000086000000, 0x0000000086100000, 0x0000000086100000|100%| O|  |TAMS 0x0000000086000000| PB 0x0000000086000000| Untracked 
|  97|0x0000000086100000, 0x0000000086200000, 0x0000000086200000|100%| O|  |TAMS 0x0000000086100000| PB 0x0000000086100000| Untracked 
|  98|0x0000000086200000, 0x0000000086300000, 0x0000000086300000|100%| O|  |TAMS 0x0000000086200000| PB 0x0000000086200000| Untracked 
|  99|0x0000000086300000, 0x0000000086400000, 0x0000000086400000|100%| O|  |TAMS 0x0000000086300000| PB 0x0000000086300000| Untracked 
| 100|0x0000000086400000, 0x0000000086500000, 0x0000000086500000|100%| O|  |TAMS 0x0000000086400000| PB 0x0000000086400000| Untracked 
| 101|0x0000000086500000, 0x00000000865762e0, 0x0000000086600000| 46%| O|  |TAMS 0x0000000086500000| PB 0x0000000086500000| Untracked 
| 102|0x0000000086600000, 0x0000000086600000, 0x0000000086700000|  0%| F|  |TAMS 0x0000000086600000| PB 0x0000000086600000| Untracked 
| 103|0x0000000086700000, 0x0000000086700000, 0x0000000086800000|  0%| F|  |TAMS 0x0000000086700000| PB 0x0000000086700000| Untracked 
| 104|0x0000000086800000, 0x0000000086800000, 0x0000000086900000|  0%| F|  |TAMS 0x0000000086800000| PB 0x0000000086800000| Untracked 
| 105|0x0000000086900000, 0x0000000086a00000, 0x0000000086a00000|100%| O|  |TAMS 0x0000000086900000| PB 0x0000000086900000| Untracked 
| 106|0x0000000086a00000, 0x0000000086b00000, 0x0000000086b00000|100%| O|  |TAMS 0x0000000086a00000| PB 0x0000000086a00000| Untracked 
| 107|0x0000000086b00000, 0x0000000086b00000, 0x0000000086c00000|  0%| F|  |TAMS 0x0000000086b00000| PB 0x0000000086b00000| Untracked 
| 108|0x0000000086c00000, 0x0000000086c00000, 0x0000000086d00000|  0%| F|  |TAMS 0x0000000086c00000| PB 0x0000000086c00000| Untracked 
| 109|0x0000000086d00000, 0x0000000086d00000, 0x0000000086e00000|  0%| F|  |TAMS 0x0000000086d00000| PB 0x0000000086d00000| Untracked 
| 110|0x0000000086e00000, 0x0000000086e00000, 0x0000000086f00000|  0%| F|  |TAMS 0x0000000086e00000| PB 0x0000000086e00000| Untracked 
| 111|0x0000000086f00000, 0x0000000087000000, 0x0000000087000000|100%| O|  |TAMS 0x0000000086f00000| PB 0x0000000086f00000| Untracked 
| 112|0x0000000087000000, 0x0000000087100000, 0x0000000087100000|100%| O|  |TAMS 0x0000000087000000| PB 0x0000000087000000| Untracked 
| 113|0x0000000087100000, 0x0000000087100000, 0x0000000087200000|  0%| F|  |TAMS 0x0000000087100000| PB 0x0000000087100000| Untracked 
| 114|0x0000000087200000, 0x0000000087300000, 0x0000000087300000|100%| O|  |TAMS 0x0000000087200000| PB 0x0000000087200000| Untracked 
| 115|0x0000000087300000, 0x0000000087300000, 0x0000000087400000|  0%| F|  |TAMS 0x0000000087300000| PB 0x0000000087300000| Untracked 
| 116|0x0000000087400000, 0x0000000087400000, 0x0000000087500000|  0%| F|  |TAMS 0x0000000087400000| PB 0x0000000087400000| Untracked 
| 117|0x0000000087500000, 0x0000000087500000, 0x0000000087600000|  0%| F|  |TAMS 0x0000000087500000| PB 0x0000000087500000| Untracked 
| 118|0x0000000087600000, 0x0000000087600000, 0x0000000087700000|  0%| F|  |TAMS 0x0000000087600000| PB 0x0000000087600000| Untracked 
| 119|0x0000000087700000, 0x0000000087800000, 0x0000000087800000|100%| O|  |TAMS 0x0000000087700000| PB 0x0000000087700000| Untracked 
| 120|0x0000000087800000, 0x0000000087800000, 0x0000000087900000|  0%| F|  |TAMS 0x0000000087800000| PB 0x0000000087800000| Untracked 
| 121|0x0000000087900000, 0x0000000087900000, 0x0000000087a00000|  0%| F|  |TAMS 0x0000000087900000| PB 0x0000000087900000| Untracked 
| 122|0x0000000087a00000, 0x0000000087a00000, 0x0000000087b00000|  0%| F|  |TAMS 0x0000000087a00000| PB 0x0000000087a00000| Untracked 
| 123|0x0000000087b00000, 0x0000000087b00000, 0x0000000087c00000|  0%| F|  |TAMS 0x0000000087b00000| PB 0x0000000087b00000| Untracked 
| 124|0x0000000087c00000, 0x0000000087c00000, 0x0000000087d00000|  0%| F|  |TAMS 0x0000000087c00000| PB 0x0000000087c00000| Untracked 
| 125|0x0000000087d00000, 0x0000000087d00000, 0x0000000087e00000|  0%| F|  |TAMS 0x0000000087d00000| PB 0x0000000087d00000| Untracked 
| 126|0x0000000087e00000, 0x0000000087e00000, 0x0000000087f00000|  0%| F|  |TAMS 0x0000000087e00000| PB 0x0000000087e00000| Untracked 
| 127|0x0000000087f00000, 0x0000000087f00000, 0x0000000088000000|  0%| F|  |TAMS 0x0000000087f00000| PB 0x0000000087f00000| Untracked 
| 128|0x0000000088000000, 0x0000000088000000, 0x0000000088100000|  0%| F|  |TAMS 0x0000000088000000| PB 0x0000000088000000| Untracked 
| 129|0x0000000088100000, 0x0000000088100000, 0x0000000088200000|  0%| F|  |TAMS 0x0000000088100000| PB 0x0000000088100000| Untracked 
| 130|0x0000000088200000, 0x0000000088200000, 0x0000000088300000|  0%| F|  |TAMS 0x0000000088200000| PB 0x0000000088200000| Untracked 
| 131|0x0000000088300000, 0x0000000088300000, 0x0000000088400000|  0%| F|  |TAMS 0x0000000088300000| PB 0x0000000088300000| Untracked 
| 132|0x0000000088400000, 0x0000000088400000, 0x0000000088500000|  0%| F|  |TAMS 0x0000000088400000| PB 0x0000000088400000| Untracked 
| 133|0x0000000088500000, 0x0000000088500000, 0x0000000088600000|  0%| F|  |TAMS 0x0000000088500000| PB 0x0000000088500000| Untracked 
| 134|0x0000000088600000, 0x0000000088600000, 0x0000000088700000|  0%| F|  |TAMS 0x0000000088600000| PB 0x0000000088600000| Untracked 
| 135|0x0000000088700000, 0x0000000088700000, 0x0000000088800000|  0%| F|  |TAMS 0x0000000088700000| PB 0x0000000088700000| Untracked 
| 136|0x0000000088800000, 0x0000000088800000, 0x0000000088900000|  0%| F|  |TAMS 0x0000000088800000| PB 0x0000000088800000| Untracked 
| 137|0x0000000088900000, 0x0000000088900000, 0x0000000088a00000|  0%| F|  |TAMS 0x0000000088900000| PB 0x0000000088900000| Untracked 
| 138|0x0000000088a00000, 0x0000000088a00000, 0x0000000088b00000|  0%| F|  |TAMS 0x0000000088a00000| PB 0x0000000088a00000| Untracked 
| 139|0x0000000088b00000, 0x0000000088c00000, 0x0000000088c00000|100%| O|  |TAMS 0x0000000088b00000| PB 0x0000000088b00000| Untracked 
| 140|0x0000000088c00000, 0x0000000088c00000, 0x0000000088d00000|  0%| F|  |TAMS 0x0000000088c00000| PB 0x0000000088c00000| Untracked 
| 141|0x0000000088d00000, 0x0000000088d00000, 0x0000000088e00000|  0%| F|  |TAMS 0x0000000088d00000| PB 0x0000000088d00000| Untracked 
| 142|0x0000000088e00000, 0x0000000088e00000, 0x0000000088f00000|  0%| F|  |TAMS 0x0000000088e00000| PB 0x0000000088e00000| Untracked 
| 143|0x0000000088f00000, 0x0000000088fd9400, 0x0000000089000000| 84%| S|CS|TAMS 0x0000000088f00000| PB 0x0000000088f00000| Complete 
| 144|0x0000000089000000, 0x0000000089100000, 0x0000000089100000|100%| S|CS|TAMS 0x0000000089000000| PB 0x0000000089000000| Complete 
| 145|0x0000000089100000, 0x0000000089200000, 0x0000000089200000|100%| S|CS|TAMS 0x0000000089100000| PB 0x0000000089100000| Complete 
| 146|0x0000000089200000, 0x0000000089300000, 0x0000000089300000|100%| S|CS|TAMS 0x0000000089200000| PB 0x0000000089200000| Complete 
| 147|0x0000000089300000, 0x0000000089400000, 0x0000000089400000|100%| S|CS|TAMS 0x0000000089300000| PB 0x0000000089300000| Complete 
| 148|0x0000000089400000, 0x0000000089500000, 0x0000000089500000|100%| S|CS|TAMS 0x0000000089400000| PB 0x0000000089400000| Complete 
| 149|0x0000000089500000, 0x0000000089600000, 0x0000000089600000|100%| S|CS|TAMS 0x0000000089500000| PB 0x0000000089500000| Complete 
| 150|0x0000000089600000, 0x0000000089700000, 0x0000000089700000|100%| S|CS|TAMS 0x0000000089600000| PB 0x0000000089600000| Complete 
| 151|0x0000000089700000, 0x0000000089800000, 0x0000000089800000|100%| S|CS|TAMS 0x0000000089700000| PB 0x0000000089700000| Complete 
| 152|0x0000000089800000, 0x0000000089900000, 0x0000000089900000|100%| S|CS|TAMS 0x0000000089800000| PB 0x0000000089800000| Complete 
| 153|0x0000000089900000, 0x0000000089a00000, 0x0000000089a00000|100%| S|CS|TAMS 0x0000000089900000| PB 0x0000000089900000| Complete 
| 154|0x0000000089a00000, 0x0000000089b00000, 0x0000000089b00000|100%| S|CS|TAMS 0x0000000089a00000| PB 0x0000000089a00000| Complete 
| 155|0x0000000089b00000, 0x0000000089c00000, 0x0000000089c00000|100%| S|CS|TAMS 0x0000000089b00000| PB 0x0000000089b00000| Complete 
| 156|0x0000000089c00000, 0x0000000089c00000, 0x0000000089d00000|  0%| F|  |TAMS 0x0000000089c00000| PB 0x0000000089c00000| Untracked 
| 157|0x0000000089d00000, 0x0000000089d00000, 0x0000000089e00000|  0%| F|  |TAMS 0x0000000089d00000| PB 0x0000000089d00000| Untracked 
| 158|0x0000000089e00000, 0x0000000089e00000, 0x0000000089f00000|  0%| F|  |TAMS 0x0000000089e00000| PB 0x0000000089e00000| Untracked 
| 159|0x0000000089f00000, 0x0000000089f00000, 0x000000008a000000|  0%| F|  |TAMS 0x0000000089f00000| PB 0x0000000089f00000| Untracked 
| 160|0x000000008a000000, 0x000000008a000000, 0x000000008a100000|  0%| F|  |TAMS 0x000000008a000000| PB 0x000000008a000000| Untracked 
| 161|0x000000008a100000, 0x000000008a100000, 0x000000008a200000|  0%| F|  |TAMS 0x000000008a100000| PB 0x000000008a100000| Untracked 
| 162|0x000000008a200000, 0x000000008a200000, 0x000000008a300000|  0%| F|  |TAMS 0x000000008a200000| PB 0x000000008a200000| Untracked 
| 163|0x000000008a300000, 0x000000008a300000, 0x000000008a400000|  0%| F|  |TAMS 0x000000008a300000| PB 0x000000008a300000| Untracked 
| 164|0x000000008a400000, 0x000000008a400000, 0x000000008a500000|  0%| F|  |TAMS 0x000000008a400000| PB 0x000000008a400000| Untracked 
| 165|0x000000008a500000, 0x000000008a500000, 0x000000008a600000|  0%| F|  |TAMS 0x000000008a500000| PB 0x000000008a500000| Untracked 
| 166|0x000000008a600000, 0x000000008a600000, 0x000000008a700000|  0%| F|  |TAMS 0x000000008a600000| PB 0x000000008a600000| Untracked 
| 167|0x000000008a700000, 0x000000008a700000, 0x000000008a800000|  0%| F|  |TAMS 0x000000008a700000| PB 0x000000008a700000| Untracked 
| 168|0x000000008a800000, 0x000000008a800000, 0x000000008a900000|  0%| F|  |TAMS 0x000000008a800000| PB 0x000000008a800000| Untracked 
| 169|0x000000008a900000, 0x000000008a900000, 0x000000008aa00000|  0%| F|  |TAMS 0x000000008a900000| PB 0x000000008a900000| Untracked 
| 170|0x000000008aa00000, 0x000000008aa00000, 0x000000008ab00000|  0%| F|  |TAMS 0x000000008aa00000| PB 0x000000008aa00000| Untracked 
| 171|0x000000008ab00000, 0x000000008ab00000, 0x000000008ac00000|  0%| F|  |TAMS 0x000000008ab00000| PB 0x000000008ab00000| Untracked 
| 172|0x000000008ac00000, 0x000000008ac00000, 0x000000008ad00000|  0%| F|  |TAMS 0x000000008ac00000| PB 0x000000008ac00000| Untracked 
| 173|0x000000008ad00000, 0x000000008ad00000, 0x000000008ae00000|  0%| F|  |TAMS 0x000000008ad00000| PB 0x000000008ad00000| Untracked 
| 174|0x000000008ae00000, 0x000000008ae00000, 0x000000008af00000|  0%| F|  |TAMS 0x000000008ae00000| PB 0x000000008ae00000| Untracked 
| 175|0x000000008af00000, 0x000000008af00000, 0x000000008b000000|  0%| F|  |TAMS 0x000000008af00000| PB 0x000000008af00000| Untracked 
| 176|0x000000008b000000, 0x000000008b000000, 0x000000008b100000|  0%| F|  |TAMS 0x000000008b000000| PB 0x000000008b000000| Untracked 
| 177|0x000000008b100000, 0x000000008b100000, 0x000000008b200000|  0%| F|  |TAMS 0x000000008b100000| PB 0x000000008b100000| Untracked 
| 178|0x000000008b200000, 0x000000008b2f0478, 0x000000008b300000| 93%| E|  |TAMS 0x000000008b200000| PB 0x000000008b200000| Complete 
| 179|0x000000008b300000, 0x000000008b3ffeb0, 0x000000008b400000| 99%| E|  |TAMS 0x000000008b300000| PB 0x000000008b300000| Complete 
| 180|0x000000008b400000, 0x000000008b500000, 0x000000008b500000|100%| E|CS|TAMS 0x000000008b400000| PB 0x000000008b400000| Complete 
| 181|0x000000008b500000, 0x000000008b600000, 0x000000008b600000|100%| E|CS|TAMS 0x000000008b500000| PB 0x000000008b500000| Complete 
| 182|0x000000008b600000, 0x000000008b700000, 0x000000008b700000|100%| E|CS|TAMS 0x000000008b600000| PB 0x000000008b600000| Complete 
| 183|0x000000008b700000, 0x000000008b800000, 0x000000008b800000|100%| E|CS|TAMS 0x000000008b700000| PB 0x000000008b700000| Complete 
| 184|0x000000008b800000, 0x000000008b900000, 0x000000008b900000|100%| E|CS|TAMS 0x000000008b800000| PB 0x000000008b800000| Complete 
| 185|0x000000008b900000, 0x000000008ba00000, 0x000000008ba00000|100%| E|CS|TAMS 0x000000008b900000| PB 0x000000008b900000| Complete 
| 186|0x000000008ba00000, 0x000000008bb00000, 0x000000008bb00000|100%| E|CS|TAMS 0x000000008ba00000| PB 0x000000008ba00000| Complete 
| 187|0x000000008bb00000, 0x000000008bc00000, 0x000000008bc00000|100%| E|CS|TAMS 0x000000008bb00000| PB 0x000000008bb00000| Complete 
| 188|0x000000008bc00000, 0x000000008bd00000, 0x000000008bd00000|100%| E|CS|TAMS 0x000000008bc00000| PB 0x000000008bc00000| Complete 
| 189|0x000000008bd00000, 0x000000008be00000, 0x000000008be00000|100%| E|CS|TAMS 0x000000008bd00000| PB 0x000000008bd00000| Complete 
| 190|0x000000008be00000, 0x000000008bf00000, 0x000000008bf00000|100%| E|CS|TAMS 0x000000008be00000| PB 0x000000008be00000| Complete 
| 191|0x000000008bf00000, 0x000000008c000000, 0x000000008c000000|100%| E|CS|TAMS 0x000000008bf00000| PB 0x000000008bf00000| Complete 
| 192|0x000000008c000000, 0x000000008c100000, 0x000000008c100000|100%| E|CS|TAMS 0x000000008c000000| PB 0x000000008c000000| Complete 
| 193|0x000000008c100000, 0x000000008c200000, 0x000000008c200000|100%| E|CS|TAMS 0x000000008c100000| PB 0x000000008c100000| Complete 
| 194|0x000000008c200000, 0x000000008c300000, 0x000000008c300000|100%| E|CS|TAMS 0x000000008c200000| PB 0x000000008c200000| Complete 
| 195|0x000000008c300000, 0x000000008c400000, 0x000000008c400000|100%| E|CS|TAMS 0x000000008c300000| PB 0x000000008c300000| Complete 
| 196|0x000000008c400000, 0x000000008c500000, 0x000000008c500000|100%| E|CS|TAMS 0x000000008c400000| PB 0x000000008c400000| Complete 
| 197|0x000000008c500000, 0x000000008c600000, 0x000000008c600000|100%| E|CS|TAMS 0x000000008c500000| PB 0x000000008c500000| Complete 
| 198|0x000000008c600000, 0x000000008c700000, 0x000000008c700000|100%| E|CS|TAMS 0x000000008c600000| PB 0x000000008c600000| Complete 
| 199|0x000000008c700000, 0x000000008c800000, 0x000000008c800000|100%| E|CS|TAMS 0x000000008c700000| PB 0x000000008c700000| Complete 
| 200|0x000000008c800000, 0x000000008c900000, 0x000000008c900000|100%| E|CS|TAMS 0x000000008c800000| PB 0x000000008c800000| Complete 
| 201|0x000000008c900000, 0x000000008ca00000, 0x000000008ca00000|100%| E|CS|TAMS 0x000000008c900000| PB 0x000000008c900000| Complete 
| 202|0x000000008ca00000, 0x000000008cb00000, 0x000000008cb00000|100%| E|CS|TAMS 0x000000008ca00000| PB 0x000000008ca00000| Complete 
| 203|0x000000008cb00000, 0x000000008cc00000, 0x000000008cc00000|100%| E|CS|TAMS 0x000000008cb00000| PB 0x000000008cb00000| Complete 
| 204|0x000000008cc00000, 0x000000008cd00000, 0x000000008cd00000|100%| E|CS|TAMS 0x000000008cc00000| PB 0x000000008cc00000| Complete 
| 205|0x000000008cd00000, 0x000000008ce00000, 0x000000008ce00000|100%| E|CS|TAMS 0x000000008cd00000| PB 0x000000008cd00000| Complete 
| 206|0x000000008ce00000, 0x000000008cf00000, 0x000000008cf00000|100%| E|CS|TAMS 0x000000008ce00000| PB 0x000000008ce00000| Complete 
| 207|0x000000008cf00000, 0x000000008d000000, 0x000000008d000000|100%| E|CS|TAMS 0x000000008cf00000| PB 0x000000008cf00000| Complete 
| 208|0x000000008d000000, 0x000000008d100000, 0x000000008d100000|100%| E|CS|TAMS 0x000000008d000000| PB 0x000000008d000000| Complete 
| 209|0x000000008d100000, 0x000000008d200000, 0x000000008d200000|100%| E|CS|TAMS 0x000000008d100000| PB 0x000000008d100000| Complete 
| 210|0x000000008d200000, 0x000000008d300000, 0x000000008d300000|100%| E|CS|TAMS 0x000000008d200000| PB 0x000000008d200000| Complete 
| 211|0x000000008d300000, 0x000000008d400000, 0x000000008d400000|100%| E|CS|TAMS 0x000000008d300000| PB 0x000000008d300000| Complete 
| 212|0x000000008d400000, 0x000000008d500000, 0x000000008d500000|100%| E|CS|TAMS 0x000000008d400000| PB 0x000000008d400000| Complete 
| 213|0x000000008d500000, 0x000000008d600000, 0x000000008d600000|100%| E|CS|TAMS 0x000000008d500000| PB 0x000000008d500000| Complete 
| 214|0x000000008d600000, 0x000000008d700000, 0x000000008d700000|100%| E|CS|TAMS 0x000000008d600000| PB 0x000000008d600000| Complete 
| 215|0x000000008d700000, 0x000000008d800000, 0x000000008d800000|100%| E|CS|TAMS 0x000000008d700000| PB 0x000000008d700000| Complete 
| 216|0x000000008d800000, 0x000000008d900000, 0x000000008d900000|100%| E|CS|TAMS 0x000000008d800000| PB 0x000000008d800000| Complete 
| 217|0x000000008d900000, 0x000000008da00000, 0x000000008da00000|100%| E|CS|TAMS 0x000000008d900000| PB 0x000000008d900000| Complete 
| 218|0x000000008da00000, 0x000000008db00000, 0x000000008db00000|100%| E|CS|TAMS 0x000000008da00000| PB 0x000000008da00000| Complete 
| 219|0x000000008db00000, 0x000000008dc00000, 0x000000008dc00000|100%| E|CS|TAMS 0x000000008db00000| PB 0x000000008db00000| Complete 
| 220|0x000000008dc00000, 0x000000008dd00000, 0x000000008dd00000|100%| E|CS|TAMS 0x000000008dc00000| PB 0x000000008dc00000| Complete 
| 221|0x000000008dd00000, 0x000000008de00000, 0x000000008de00000|100%| E|CS|TAMS 0x000000008dd00000| PB 0x000000008dd00000| Complete 
| 222|0x000000008de00000, 0x000000008df00000, 0x000000008df00000|100%| E|CS|TAMS 0x000000008de00000| PB 0x000000008de00000| Complete 
| 223|0x000000008df00000, 0x000000008e000000, 0x000000008e000000|100%| E|CS|TAMS 0x000000008df00000| PB 0x000000008df00000| Complete 
| 224|0x000000008e000000, 0x000000008e100000, 0x000000008e100000|100%| E|CS|TAMS 0x000000008e000000| PB 0x000000008e000000| Complete 
| 225|0x000000008e100000, 0x000000008e200000, 0x000000008e200000|100%| E|CS|TAMS 0x000000008e100000| PB 0x000000008e100000| Complete 
| 226|0x000000008e200000, 0x000000008e300000, 0x000000008e300000|100%| E|CS|TAMS 0x000000008e200000| PB 0x000000008e200000| Complete 
| 227|0x000000008e300000, 0x000000008e400000, 0x000000008e400000|100%| E|CS|TAMS 0x000000008e300000| PB 0x000000008e300000| Complete 
| 228|0x000000008e400000, 0x000000008e500000, 0x000000008e500000|100%| E|CS|TAMS 0x000000008e400000| PB 0x000000008e400000| Complete 
| 229|0x000000008e500000, 0x000000008e600000, 0x000000008e600000|100%| E|CS|TAMS 0x000000008e500000| PB 0x000000008e500000| Complete 
| 230|0x000000008e600000, 0x000000008e700000, 0x000000008e700000|100%| E|CS|TAMS 0x000000008e600000| PB 0x000000008e600000| Complete 
| 231|0x000000008e700000, 0x000000008e800000, 0x000000008e800000|100%| E|CS|TAMS 0x000000008e700000| PB 0x000000008e700000| Complete 
| 232|0x000000008e800000, 0x000000008e900000, 0x000000008e900000|100%| E|CS|TAMS 0x000000008e800000| PB 0x000000008e800000| Complete 
| 233|0x000000008e900000, 0x000000008ea00000, 0x000000008ea00000|100%| E|CS|TAMS 0x000000008e900000| PB 0x000000008e900000| Complete 
| 234|0x000000008ea00000, 0x000000008eb00000, 0x000000008eb00000|100%| E|CS|TAMS 0x000000008ea00000| PB 0x000000008ea00000| Complete 
| 235|0x000000008eb00000, 0x000000008ec00000, 0x000000008ec00000|100%| E|CS|TAMS 0x000000008eb00000| PB 0x000000008eb00000| Complete 
| 236|0x000000008ec00000, 0x000000008ed00000, 0x000000008ed00000|100%| E|CS|TAMS 0x000000008ec00000| PB 0x000000008ec00000| Complete 
| 237|0x000000008ed00000, 0x000000008ee00000, 0x000000008ee00000|100%| E|CS|TAMS 0x000000008ed00000| PB 0x000000008ed00000| Complete 
| 238|0x000000008ee00000, 0x000000008ef00000, 0x000000008ef00000|100%| E|CS|TAMS 0x000000008ee00000| PB 0x000000008ee00000| Complete 
| 239|0x000000008ef00000, 0x000000008f000000, 0x000000008f000000|100%| E|CS|TAMS 0x000000008ef00000| PB 0x000000008ef00000| Complete 
| 240|0x000000008f000000, 0x000000008f100000, 0x000000008f100000|100%| E|CS|TAMS 0x000000008f000000| PB 0x000000008f000000| Complete 
| 241|0x000000008f100000, 0x000000008f200000, 0x000000008f200000|100%| E|CS|TAMS 0x000000008f100000| PB 0x000000008f100000| Complete 
| 242|0x000000008f200000, 0x000000008f300000, 0x000000008f300000|100%| E|CS|TAMS 0x000000008f200000| PB 0x000000008f200000| Complete 
| 243|0x000000008f300000, 0x000000008f400000, 0x000000008f400000|100%| E|CS|TAMS 0x000000008f300000| PB 0x000000008f300000| Complete 
| 244|0x000000008f400000, 0x000000008f500000, 0x000000008f500000|100%| E|CS|TAMS 0x000000008f400000| PB 0x000000008f400000| Complete 
| 245|0x000000008f500000, 0x000000008f600000, 0x000000008f600000|100%| E|CS|TAMS 0x000000008f500000| PB 0x000000008f500000| Complete 
| 246|0x000000008f600000, 0x000000008f700000, 0x000000008f700000|100%| E|CS|TAMS 0x000000008f600000| PB 0x000000008f600000| Complete 
| 251|0x000000008fb00000, 0x000000008fc00000, 0x000000008fc00000|100%| E|CS|TAMS 0x000000008fb00000| PB 0x000000008fb00000| Complete 
|2029|0x00000000fed00000, 0x00000000fee00000, 0x00000000fee00000|100%| E|CS|TAMS 0x00000000fed00000| PB 0x00000000fed00000| Complete 
|2030|0x00000000fee00000, 0x00000000fef00000, 0x00000000fef00000|100%| E|CS|TAMS 0x00000000fee00000| PB 0x00000000fee00000| Complete 
|2031|0x00000000fef00000, 0x00000000ff000000, 0x00000000ff000000|100%| E|CS|TAMS 0x00000000fef00000| PB 0x00000000fef00000| Complete 
|2032|0x00000000ff000000, 0x00000000ff100000, 0x00000000ff100000|100%| E|CS|TAMS 0x00000000ff000000| PB 0x00000000ff000000| Complete 
|2033|0x00000000ff100000, 0x00000000ff200000, 0x00000000ff200000|100%| E|CS|TAMS 0x00000000ff100000| PB 0x00000000ff100000| Complete 
|2034|0x00000000ff200000, 0x00000000ff300000, 0x00000000ff300000|100%| E|CS|TAMS 0x00000000ff200000| PB 0x00000000ff200000| Complete 
|2035|0x00000000ff300000, 0x00000000ff400000, 0x00000000ff400000|100%| E|CS|TAMS 0x00000000ff300000| PB 0x00000000ff300000| Complete 
|2036|0x00000000ff400000, 0x00000000ff500000, 0x00000000ff500000|100%| E|CS|TAMS 0x00000000ff400000| PB 0x00000000ff400000| Complete 
|2037|0x00000000ff500000, 0x00000000ff600000, 0x00000000ff600000|100%| E|CS|TAMS 0x00000000ff500000| PB 0x00000000ff500000| Complete 
|2038|0x00000000ff600000, 0x00000000ff700000, 0x00000000ff700000|100%| E|CS|TAMS 0x00000000ff600000| PB 0x00000000ff600000| Complete 
|2039|0x00000000ff700000, 0x00000000ff800000, 0x00000000ff800000|100%| E|CS|TAMS 0x00000000ff700000| PB 0x00000000ff700000| Complete 
|2040|0x00000000ff800000, 0x00000000ff900000, 0x00000000ff900000|100%| E|CS|TAMS 0x00000000ff800000| PB 0x00000000ff800000| Complete 
|2041|0x00000000ff900000, 0x00000000ffa00000, 0x00000000ffa00000|100%| E|CS|TAMS 0x00000000ff900000| PB 0x00000000ff900000| Complete 
|2042|0x00000000ffa00000, 0x00000000ffb00000, 0x00000000ffb00000|100%| E|CS|TAMS 0x00000000ffa00000| PB 0x00000000ffa00000| Complete 
|2043|0x00000000ffb00000, 0x00000000ffc00000, 0x00000000ffc00000|100%| E|CS|TAMS 0x00000000ffb00000| PB 0x00000000ffb00000| Complete 
|2044|0x00000000ffc00000, 0x00000000ffd00000, 0x00000000ffd00000|100%| O|  |TAMS 0x00000000ffc00000| PB 0x00000000ffc00000| Untracked 
|2045|0x00000000ffd00000, 0x00000000ffe00000, 0x00000000ffe00000|100%| E|CS|TAMS 0x00000000ffd00000| PB 0x00000000ffd00000| Complete 
|2046|0x00000000ffe00000, 0x00000000fff00000, 0x00000000fff00000|100%| E|CS|TAMS 0x00000000ffe00000| PB 0x00000000ffe00000| Complete 
|2047|0x00000000fff00000, 0x0000000100000000, 0x0000000100000000|100%| O|  |TAMS 0x00000000fff00000| PB 0x00000000fff00000| Untracked 

Card table byte_map: [0x00000269d6000000,0x00000269d6400000] _byte_map_base: 0x00000269d5c00000

Marking Bits: (CMBitMap*) 0x00000269c18cba30
 Bits: [0x00000269d6400000, 0x00000269d8400000)

Polling page: 0x00000269c6170000

Metaspace:

Usage:
  Non-class:     99.06 MB used.
      Class:     15.22 MB used.
       Both:    114.27 MB used.

Virtual space:
  Non-class space:      128.00 MB reserved,     100.12 MB ( 78%) committed,  2 nodes.
      Class space:        1.00 GB reserved,      16.31 MB (  2%) committed,  1 nodes.
             Both:        1.12 GB reserved,     116.44 MB ( 10%) committed. 

Chunk freelists:
   Non-Class:  11.67 MB
       Class:  15.57 MB
        Both:  27.24 MB

MaxMetaspaceSize: unlimited
CompressedClassSpaceSize: 1.00 GB
Initial GC threshold: 21.00 MB
Current GC threshold: 189.81 MB
CDS: off
 - commit_granule_bytes: 65536.
 - commit_granule_words: 8192.
 - virtual_space_node_default_size: 8388608.
 - enlarge_chunks_in_place: 1.
 - use_allocation_guard: 0.


Internal statistics:

num_allocs_failed_limit: 9.
num_arena_births: 4218.
num_arena_deaths: 0.
num_vsnodes_births: 3.
num_vsnodes_deaths: 0.
num_space_committed: 1862.
num_space_uncommitted: 0.
num_chunks_returned_to_freelist: 9.
num_chunks_taken_from_freelist: 9155.
num_chunk_merges: 9.
num_chunk_splits: 5980.
num_chunks_enlarged: 3784.
num_inconsistent_stats: 0.

CodeHeap 'non-profiled nmethods': size=120000Kb used=10087Kb max_used=10087Kb free=109912Kb
 bounds [0x00000269cdc60000, 0x00000269ce640000, 0x00000269d5190000]
CodeHeap 'profiled nmethods': size=120000Kb used=23265Kb max_used=23265Kb free=96734Kb
 bounds [0x00000269c6190000, 0x00000269c7850000, 0x00000269cd6c0000]
CodeHeap 'non-nmethods': size=5760Kb used=2372Kb max_used=2442Kb free=3387Kb
 bounds [0x00000269cd6c0000, 0x00000269cd930000, 0x00000269cdc60000]
 total_blobs=13846 nmethods=12976 adapters=774
 compilation: enabled
              stopped_count=0, restarted_count=0
 full_count=0

Compilation events (20 events):
Event: 25.107 Thread 0x00000269db136af0 nmethod 15713 0x00000269ce622890 code [0x00000269ce622a20, 0x00000269ce622ae8]
Event: 25.109 Thread 0x00000269db136af0 15715       3       org.gradle.internal.execution.steps.BeforeExecutionContext::getBeforeExecutionState (8 bytes)
Event: 25.109 Thread 0x00000269db136af0 nmethod 15715 0x00000269c7846d10 code [0x00000269c7846ec0, 0x00000269c78471e8]
Event: 25.109 Thread 0x00000269db136af0 15714       1       org.gradle.internal.execution.steps.ValidationFinishedContext::getValidationProblems (5 bytes)
Event: 25.109 Thread 0x00000269db136af0 nmethod 15714 0x00000269ce622b90 code [0x00000269ce622d20, 0x00000269ce622de8]
Event: 25.110 Thread 0x00000269db136af0 15716       3       org.gradle.api.internal.tasks.properties.DefaultValidatingProperty::<init> (10 bytes)
Event: 25.110 Thread 0x00000269db136af0 nmethod 15716 0x00000269c7847310 code [0x00000269c78474c0, 0x00000269c78477a0]
Event: 25.113 Thread 0x00000269db136af0 15718       3       org.gradle.api.internal.provider.AbstractMinimalProvider::isPresent (8 bytes)
Event: 25.113 Thread 0x00000269db136af0 nmethod 15718 0x00000269c7847890 code [0x00000269c7847a40, 0x00000269c7847c10]
Event: 25.114 Thread 0x00000269db136af0 15719       3       com.google.common.collect.ImmutableSortedMap$1EntrySet::iterator (8 bytes)
Event: 25.114 Thread 0x00000269db136af0 nmethod 15719 0x00000269c7847c90 code [0x00000269c7847e80, 0x00000269c7848500]
Event: 25.138 Thread 0x00000269e3ffaad0 nmethod 15692 0x00000269ce622e90 code [0x00000269ce6231a0, 0x00000269ce624b40]
Event: 25.138 Thread 0x00000269e3ffaad0 15694       4       java.util.stream.ReferencePipeline::forEach (11 bytes)
Event: 25.153 Thread 0x00000269db671a90 nmethod 15646 0x00000269ce625b90 code [0x00000269ce626260, 0x00000269ce629870]
Event: 25.154 Thread 0x00000269db671a90 15648       4       org.gradle.api.internal.artifacts.transform.TransformingAsyncArtifactListener$TransformedArtifact::visit (24 bytes)
Event: 25.154 Thread 0x00000269e3ffaad0 nmethod 15694 0x00000269ce62c510 code [0x00000269ce62c760, 0x00000269ce62cf38]
Event: 25.154 Thread 0x00000269e3ffaad0 15691       4       jdk.internal.ref.PhantomCleanable::clear (12 bytes)
Event: 25.159 Thread 0x00000269e3ffaad0 nmethod 15691 0x00000269ce62d810 code [0x00000269ce62d9c0, 0x00000269ce62df48]
Event: 25.159 Thread 0x00000269e3ffaad0 15717   !   4       org.gradle.internal.hash.Hashing$CloningMessageDigestHashFunction::createDigest (21 bytes)
Event: 25.169 Thread 0x00000269e3ffaad0 nmethod 15717 0x00000269ce62e110 code [0x00000269ce62e300, 0x00000269ce62ecc8]

GC Heap History (20 events):
Event: 19.039 GC heap before
{Heap before GC invocations=36 (full 0):
 garbage-first heap   total 158720K, used 140812K [0x0000000080000000, 0x0000000100000000)
  region size 1024K, 52 young (53248K), 7 survivors (7168K)
 Metaspace       used 106605K, committed 108736K, reserved 1179648K
  class space    used 14334K, committed 15424K, reserved 1048576K
}
Event: 19.049 GC heap after
{Heap after GC invocations=37 (full 0):
 garbage-first heap   total 158720K, used 97411K [0x0000000080000000, 0x0000000100000000)
  region size 1024K, 4 young (4096K), 4 survivors (4096K)
 Metaspace       used 106605K, committed 108736K, reserved 1179648K
  class space    used 14334K, committed 15424K, reserved 1048576K
}
Event: 19.281 GC heap before
{Heap before GC invocations=37 (full 0):
 garbage-first heap   total 158720K, used 143491K [0x0000000080000000, 0x0000000100000000)
  region size 1024K, 50 young (51200K), 4 survivors (4096K)
 Metaspace       used 106624K, committed 108736K, reserved 1179648K
  class space    used 14334K, committed 15424K, reserved 1048576K
}
Event: 19.285 GC heap after
{Heap after GC invocations=38 (full 0):
 garbage-first heap   total 158720K, used 98413K [0x0000000080000000, 0x0000000100000000)
  region size 1024K, 5 young (5120K), 5 survivors (5120K)
 Metaspace       used 106624K, committed 108736K, reserved 1179648K
  class space    used 14334K, committed 15424K, reserved 1048576K
}
Event: 19.813 GC heap before
{Heap before GC invocations=39 (full 0):
 garbage-first heap   total 165888K, used 143469K [0x0000000080000000, 0x0000000100000000)
  region size 1024K, 49 young (50176K), 5 survivors (5120K)
 Metaspace       used 107330K, committed 109440K, reserved 1179648K
  class space    used 14482K, committed 15552K, reserved 1048576K
}
Event: 19.820 GC heap after
{Heap after GC invocations=40 (full 0):
 garbage-first heap   total 165888K, used 100823K [0x0000000080000000, 0x0000000100000000)
  region size 1024K, 7 young (7168K), 7 survivors (7168K)
 Metaspace       used 107330K, committed 109440K, reserved 1179648K
  class space    used 14482K, committed 15552K, reserved 1048576K
}
Event: 20.767 GC heap before
{Heap before GC invocations=40 (full 0):
 garbage-first heap   total 165888K, used 149975K [0x0000000080000000, 0x0000000100000000)
  region size 1024K, 53 young (54272K), 7 survivors (7168K)
 Metaspace       used 109429K, committed 111552K, reserved 1179648K
  class space    used 14708K, committed 15808K, reserved 1048576K
}
Event: 20.785 GC heap after
{Heap after GC invocations=41 (full 0):
 garbage-first heap   total 181248K, used 120573K [0x0000000080000000, 0x0000000100000000)
  region size 1024K, 7 young (7168K), 7 survivors (7168K)
 Metaspace       used 109429K, committed 111552K, reserved 1179648K
  class space    used 14708K, committed 15808K, reserved 1048576K
}
Event: 21.366 GC heap before
{Heap before GC invocations=41 (full 0):
 garbage-first heap   total 181248K, used 153341K [0x0000000080000000, 0x0000000100000000)
  region size 1024K, 40 young (40960K), 7 survivors (7168K)
 Metaspace       used 111902K, committed 114048K, reserved 1179648K
  class space    used 15003K, committed 16064K, reserved 1048576K
}
Event: 21.377 GC heap after
{Heap after GC invocations=42 (full 0):
 garbage-first heap   total 181248K, used 129024K [0x0000000080000000, 0x0000000100000000)
  region size 1024K, 5 young (5120K), 5 survivors (5120K)
 Metaspace       used 111902K, committed 114048K, reserved 1179648K
  class space    used 15003K, committed 16064K, reserved 1048576K
}
Event: 21.953 GC heap before
{Heap before GC invocations=43 (full 0):
 garbage-first heap   total 227328K, used 182272K [0x0000000080000000, 0x0000000100000000)
  region size 1024K, 33 young (33792K), 5 survivors (5120K)
 Metaspace       used 113610K, committed 115840K, reserved 1179648K
  class space    used 15189K, committed 16320K, reserved 1048576K
}
Event: 21.961 GC heap after
{Heap after GC invocations=44 (full 0):
 garbage-first heap   total 227328K, used 133663K [0x0000000080000000, 0x0000000100000000)
  region size 1024K, 4 young (4096K), 4 survivors (4096K)
 Metaspace       used 113610K, committed 115840K, reserved 1179648K
  class space    used 15189K, committed 16320K, reserved 1048576K
}
Event: 22.439 GC heap before
{Heap before GC invocations=44 (full 0):
 garbage-first heap   total 227328K, used 183839K [0x0000000080000000, 0x0000000100000000)
  region size 1024K, 49 young (50176K), 4 survivors (4096K)
 Metaspace       used 114378K, committed 116608K, reserved 1179648K
  class space    used 15267K, committed 16384K, reserved 1048576K
}
Event: 22.447 GC heap after
{Heap after GC invocations=45 (full 0):
 garbage-first heap   total 273408K, used 136625K [0x0000000080000000, 0x0000000100000000)
  region size 1024K, 5 young (5120K), 5 survivors (5120K)
 Metaspace       used 114378K, committed 116608K, reserved 1179648K
  class space    used 15267K, committed 16384K, reserved 1048576K
}
Event: 22.848 GC heap before
{Heap before GC invocations=45 (full 0):
 garbage-first heap   total 273408K, used 204209K [0x0000000080000000, 0x0000000100000000)
  region size 1024K, 72 young (73728K), 5 survivors (5120K)
 Metaspace       used 114419K, committed 116608K, reserved 1179648K
  class space    used 15268K, committed 16384K, reserved 1048576K
}
Event: 22.853 GC heap after
{Heap after GC invocations=46 (full 0):
 garbage-first heap   total 273408K, used 137950K [0x0000000080000000, 0x0000000100000000)
  region size 1024K, 6 young (6144K), 6 survivors (6144K)
 Metaspace       used 114419K, committed 116608K, reserved 1179648K
  class space    used 15268K, committed 16384K, reserved 1048576K
}
Event: 23.770 GC heap before
{Heap before GC invocations=47 (full 0):
 garbage-first heap   total 273408K, used 208606K [0x0000000080000000, 0x0000000100000000)
  region size 1024K, 92 young (94208K), 6 survivors (6144K)
 Metaspace       used 115760K, committed 118016K, reserved 1179648K
  class space    used 15434K, committed 16576K, reserved 1048576K
}
Event: 23.778 GC heap after
{Heap after GC invocations=48 (full 0):
 garbage-first heap   total 273408K, used 126837K [0x0000000080000000, 0x0000000100000000)
  region size 1024K, 11 young (11264K), 11 survivors (11264K)
 Metaspace       used 115760K, committed 118016K, reserved 1179648K
  class space    used 15434K, committed 16576K, reserved 1048576K
}
Event: 24.322 GC heap before
{Heap before GC invocations=48 (full 0):
 garbage-first heap   total 273408K, used 225141K [0x0000000080000000, 0x0000000100000000)
  region size 1024K, 108 young (110592K), 11 survivors (11264K)
 Metaspace       used 116817K, committed 119040K, reserved 1179648K
  class space    used 15561K, committed 16704K, reserved 1048576K
}
Event: 24.334 GC heap after
{Heap after GC invocations=49 (full 0):
 garbage-first heap   total 273408K, used 122173K [0x0000000080000000, 0x0000000100000000)
  region size 1024K, 13 young (13312K), 13 survivors (13312K)
 Metaspace       used 116817K, committed 119040K, reserved 1179648K
  class space    used 15561K, committed 16704K, reserved 1048576K
}

Dll operation events (3 events):
Event: 0.006 Loaded shared library D:\Android Studio\jbr\bin\java.dll
Event: 0.010 Loaded shared library D:\Android Studio\jbr\bin\zip.dll
Event: 0.396 Loaded shared library D:\Android Studio\jbr\bin\verify.dll

Deoptimization events (20 events):
Event: 24.517 Thread 0x00000269ec174260 Uncommon trap: trap_request=0xffffffde fr.pc=0x00000269ce5d05cc relative=0x000000000000028c
Event: 24.517 Thread 0x00000269ec174260 Uncommon trap: reason=class_check action=maybe_recompile pc=0x00000269ce5d05cc method=java.io.BufferedOutputStream.implWrite([BII)V @ 19 c2
Event: 24.517 Thread 0x00000269ec174260 DEOPT PACKING pc=0x00000269ce5d05cc sp=0x00000081ee1fd6c0
Event: 24.517 Thread 0x00000269ec174260 DEOPT UNPACKING pc=0x00000269cd717da2 sp=0x00000081ee1fd668 mode 2
Event: 24.517 Thread 0x00000269ec174260 Uncommon trap: trap_request=0xffffffde fr.pc=0x00000269ce5d05cc relative=0x000000000000028c
Event: 24.517 Thread 0x00000269ec174260 Uncommon trap: reason=class_check action=maybe_recompile pc=0x00000269ce5d05cc method=java.io.BufferedOutputStream.implWrite([BII)V @ 19 c2
Event: 24.517 Thread 0x00000269ec174260 DEOPT PACKING pc=0x00000269ce5d05cc sp=0x00000081ee1fd6c0
Event: 24.517 Thread 0x00000269ec174260 DEOPT UNPACKING pc=0x00000269cd717da2 sp=0x00000081ee1fd668 mode 2
Event: 24.517 Thread 0x00000269ec174260 Uncommon trap: trap_request=0xffffffde fr.pc=0x00000269ce5d05cc relative=0x000000000000028c
Event: 24.517 Thread 0x00000269ec174260 Uncommon trap: reason=class_check action=maybe_recompile pc=0x00000269ce5d05cc method=java.io.BufferedOutputStream.implWrite([BII)V @ 19 c2
Event: 24.517 Thread 0x00000269ec174260 DEOPT PACKING pc=0x00000269ce5d05cc sp=0x00000081ee1fd6c0
Event: 24.517 Thread 0x00000269ec174260 DEOPT UNPACKING pc=0x00000269cd717da2 sp=0x00000081ee1fd668 mode 2
Event: 24.859 Thread 0x00000269db5a3210 Uncommon trap: trap_request=0xffffffc6 fr.pc=0x00000269ce0095c8 relative=0x0000000000000128
Event: 24.859 Thread 0x00000269db5a3210 Uncommon trap: reason=bimorphic_or_optimized_type_check action=maybe_recompile pc=0x00000269ce0095c8 method=com.google.common.collect.RegularImmutableMap.checkNoConflictInKeyBucket(Ljava/lang/Object;Ljava/lang/Object;Lcom/google/common/collect/ImmutableMa
Event: 24.860 Thread 0x00000269db5a3210 DEOPT PACKING pc=0x00000269ce0095c8 sp=0x00000081ec4fce40
Event: 24.860 Thread 0x00000269db5a3210 DEOPT UNPACKING pc=0x00000269cd717da2 sp=0x00000081ec4fcde8 mode 2
Event: 25.057 Thread 0x00000269db5a3210 Uncommon trap: trap_request=0xffffffde fr.pc=0x00000269ce4ffdcc relative=0x000000000000070c
Event: 25.057 Thread 0x00000269db5a3210 Uncommon trap: reason=class_check action=maybe_recompile pc=0x00000269ce4ffdcc method=org.gradle.internal.snapshot.impl.AbstractValueProcessor.processValue(Ljava/lang/Object;Lorg/gradle/internal/snapshot/impl/AbstractValueProcessor$ValueVisitor;)Ljava/lan
Event: 25.057 Thread 0x00000269db5a3210 DEOPT PACKING pc=0x00000269ce4ffdcc sp=0x00000081ec4fcb60
Event: 25.057 Thread 0x00000269db5a3210 DEOPT UNPACKING pc=0x00000269cd717da2 sp=0x00000081ec4fcaf8 mode 2

Classes loaded (20 events):
Event: 23.420 Loading class sun/nio/cs/Surrogate
Event: 23.420 Loading class sun/nio/cs/Surrogate done
Event: 23.526 Loading class java/util/concurrent/ConcurrentSkipListMap$KeySet
Event: 23.583 Loading class java/util/concurrent/ConcurrentSkipListMap$KeySet done
Event: 23.583 Loading class java/util/concurrent/ConcurrentSkipListMap$KeyIterator
Event: 23.584 Loading class java/util/concurrent/ConcurrentSkipListMap$KeyIterator done
Event: 24.188 Loading class java/util/concurrent/Executors$DelegatedScheduledExecutorService
Event: 24.188 Loading class java/util/concurrent/Executors$DelegatedExecutorService
Event: 24.188 Loading class java/util/concurrent/Executors$DelegatedExecutorService done
Event: 24.188 Loading class java/util/concurrent/Executors$DelegatedScheduledExecutorService done
Event: 24.196 Loading class java/lang/ProcessImpl
Event: 24.198 Loading class java/lang/ProcessImpl done
Event: 24.207 Loading class java/lang/ProcessHandleImpl
Event: 24.208 Loading class java/lang/ProcessHandleImpl done
Event: 24.209 Loading class java/lang/ProcessImpl$2
Event: 24.209 Loading class java/lang/ProcessImpl$2 done
Event: 24.209 Loading class java/lang/Process$PipeInputStream
Event: 24.210 Loading class java/lang/Process$PipeInputStream done
Event: 24.213 Loading class jdk/internal/event/ProcessStartEvent
Event: 24.213 Loading class jdk/internal/event/ProcessStartEvent done

Classes unloaded (0 events):
No events

Classes redefined (0 events):
No events

Internal exceptions (20 events):
Event: 23.274 Thread 0x00000269db5a17d0 Exception <a 'java/lang/IncompatibleClassChangeError'{0x000000008e6778c8}: Found class java.lang.Object, but interface was expected> (0x000000008e6778c8) 
thrown [s\src\hotspot\share\interpreter\linkResolver.cpp, line 851]
Event: 23.277 Thread 0x00000269db5a17d0 Exception <a 'java/lang/NoSuchMethodError'{0x000000008e694668}: 'java.lang.Object java.lang.invoke.DirectMethodHandle$Holder.invokeStatic(java.lang.Object, int, java.lang.Object, java.lang.Object)'> (0x000000008e694668) 
thrown [s\src\hotspot\share\interpreter\linkResolver.cpp, line 784]
Event: 23.281 Thread 0x00000269db5a17d0 Exception <a 'java/lang/NoSuchMethodError'{0x000000008e6a8b48}: 'int java.lang.invoke.DirectMethodHandle$Holder.invokeStatic(java.lang.Object, java.lang.Object, int, java.lang.Object)'> (0x000000008e6a8b48) 
thrown [s\src\hotspot\share\interpreter\linkResolver.cpp, line 784]
Event: 23.589 Thread 0x00000269db5a17d0 Exception <a 'java/lang/NoSuchMethodError'{0x000000008db827e0}: static Lcom/android/build/gradle/internal/scope/InternalArtifactType;.<clinit>()V> (0x000000008db827e0) 
thrown [s\src\hotspot\share\prims\jni.cpp, line 1135]
Event: 23.590 Thread 0x00000269db5a17d0 Exception <a 'java/lang/NoSuchMethodError'{0x000000008db83e10}: static Lcom/android/build/gradle/internal/scope/InternalArtifactType;.<clinit>()V> (0x000000008db83e10) 
thrown [s\src\hotspot\share\prims\jni.cpp, line 1135]
Event: 23.590 Thread 0x00000269db5a17d0 Exception <a 'java/lang/NoSuchMethodError'{0x000000008db87848}: static Lcom/android/build/api/artifact/Artifact$Single;.<clinit>()V> (0x000000008db87848) 
thrown [s\src\hotspot\share\prims\jni.cpp, line 1135]
Event: 23.590 Thread 0x00000269db5a17d0 Exception <a 'java/lang/NoSuchMethodError'{0x000000008db899e0}: static Ljava/lang/Object;.<clinit>()V> (0x000000008db899e0) 
thrown [s\src\hotspot\share\prims\jni.cpp, line 1135]
Event: 23.591 Thread 0x00000269db5a17d0 Exception <a 'java/lang/NoSuchMethodError'{0x000000008dba2cc8}: static Lcom/android/build/api/artifact/ArtifactKind;.<clinit>()V> (0x000000008dba2cc8) 
thrown [s\src\hotspot\share\prims\jni.cpp, line 1135]
Event: 23.591 Thread 0x00000269db5a17d0 Exception <a 'java/lang/NoSuchMethodError'{0x000000008dba4158}: static Lcom/android/build/api/artifact/ArtifactKind;.<clinit>()V> (0x000000008dba4158) 
thrown [s\src\hotspot\share\prims\jni.cpp, line 1135]
Event: 23.854 Thread 0x00000269db5a17d0 Exception <a 'java/lang/NoSuchMethodError'{0x00000000ff79e9e8}: static Lcom/android/builder/internal/aapt/AaptOptions;.<clinit>()V> (0x00000000ff79e9e8) 
thrown [s\src\hotspot\share\prims\jni.cpp, line 1135]
Event: 23.855 Thread 0x00000269db5a17d0 Exception <a 'java/lang/NoSuchMethodError'{0x00000000ff7b40e0}: static Ljava/lang/Object;.<clinit>()V> (0x00000000ff7b40e0) 
thrown [s\src\hotspot\share\prims\jni.cpp, line 1135]
Event: 23.858 Thread 0x00000269db5a17d0 Exception <a 'java/lang/NoSuchMethodError'{0x00000000ff7e7f60}: static Lcom/android/build/api/variant/impl/SerializableApplicationMultiOutputHandler;.<clinit>()V> (0x00000000ff7e7f60) 
thrown [s\src\hotspot\share\prims\jni.cpp, line 1135]
Event: 23.859 Thread 0x00000269db5a17d0 Exception <a 'java/lang/NoSuchMethodError'{0x00000000ff7fe290}: static Lcom/android/build/api/variant/impl/VariantOutputImpl$SerializedForm;.<clinit>()V> (0x00000000ff7fe290) 
thrown [s\src\hotspot\share\prims\jni.cpp, line 1135]
Event: 23.860 Thread 0x00000269db5a17d0 Exception <a 'java/lang/NoSuchMethodError'{0x00000000ff6139d8}: static Lcom/android/build/api/variant/impl/VariantOutputConfigurationImpl;.<clinit>()V> (0x00000000ff6139d8) 
thrown [s\src\hotspot\share\prims\jni.cpp, line 1135]
Event: 23.875 Thread 0x00000269db5a3210 Exception <a 'sun/nio/fs/WindowsException'{0x00000000ffb42840}> (0x00000000ffb42840) 
thrown [s\src\hotspot\share\prims\jni.cpp, line 535]
Event: 23.908 Thread 0x00000269db5a3210 Exception <a 'java/lang/NoSuchMethodError'{0x00000000ff458788}: 'int java.lang.invoke.DirectMethodHandle$Holder.invokeSpecial(java.lang.Object, java.lang.Object, java.lang.Object, java.lang.Object, java.lang.Object)'> (0x00000000ff458788) 
thrown [s\src\hotspot\share\interpreter\linkResolver.cpp, line 784]
Event: 24.092 Thread 0x00000269ec174260 Exception <a 'sun/nio/fs/WindowsException'{0x000000008e0e0ef0}> (0x000000008e0e0ef0) 
thrown [s\src\hotspot\share\prims\jni.cpp, line 535]
Event: 24.093 Thread 0x00000269ec174260 Exception <a 'sun/nio/fs/WindowsException'{0x000000008e0e1bb8}> (0x000000008e0e1bb8) 
thrown [s\src\hotspot\share\prims\jni.cpp, line 535]
Event: 24.206 Thread 0x00000269ec174260 Exception <a 'java/lang/NoSuchMethodError'{0x000000008c8c4a30}: 'void java.lang.invoke.DirectMethodHandle$Holder.invokeStatic(java.lang.Object, long)'> (0x000000008c8c4a30) 
thrown [s\src\hotspot\share\interpreter\linkResolver.cpp, line 784]
Event: 24.209 Thread 0x00000269ec174260 Exception <a 'java/lang/NoSuchMethodError'{0x000000008c8ceae8}: 'java.lang.Object java.lang.invoke.DirectMethodHandle$Holder.invokeStaticInit(java.lang.Object, long, java.lang.Object)'> (0x000000008c8ceae8) 
thrown [s\src\hotspot\share\interpreter\linkResolver.cpp, line 784]

ZGC Phase Switch (0 events):
No events

VM Operations (20 events):
Event: 23.029 Executing VM operation: G1PauseCleanup
Event: 23.031 Executing VM operation: G1PauseCleanup done
Event: 23.031 Executing VM operation: HandshakeAllThreads (Deoptimize)
Event: 23.031 Executing VM operation: HandshakeAllThreads (Deoptimize) done
Event: 23.210 Executing VM operation: HandshakeAllThreads (Deoptimize)
Event: 23.211 Executing VM operation: HandshakeAllThreads (Deoptimize) done
Event: 23.449 Executing VM operation: ICBufferFull
Event: 23.450 Executing VM operation: ICBufferFull done
Event: 23.769 Executing VM operation: G1CollectForAllocation (G1 Evacuation Pause)
Event: 23.778 Executing VM operation: G1CollectForAllocation (G1 Evacuation Pause) done
Event: 23.888 Executing VM operation: HandshakeAllThreads (Deoptimize)
Event: 23.905 Executing VM operation: HandshakeAllThreads (Deoptimize) done
Event: 24.105 Executing VM operation: ICBufferFull
Event: 24.105 Executing VM operation: ICBufferFull done
Event: 24.212 Executing VM operation: HandshakeAllThreads (Deoptimize)
Event: 24.213 Executing VM operation: HandshakeAllThreads (Deoptimize) done
Event: 24.322 Executing VM operation: G1CollectForAllocation (G1 Evacuation Pause)
Event: 24.334 Executing VM operation: G1CollectForAllocation (G1 Evacuation Pause) done
Event: 25.049 Executing VM operation: HandshakeAllThreads (Deoptimize)
Event: 25.049 Executing VM operation: HandshakeAllThreads (Deoptimize) done

Memory protections (0 events):
No events

Nmethod flushes (20 events):
Event: 22.980 Thread 0x00000269db0b07d0 flushing  nmethod 0x00000269c75f2710
Event: 22.980 Thread 0x00000269db0b07d0 flushing  nmethod 0x00000269c7610510
Event: 22.980 Thread 0x00000269db0b07d0 flushing  nmethod 0x00000269c7610c90
Event: 22.980 Thread 0x00000269db0b07d0 flushing  nmethod 0x00000269c7611f10
Event: 22.980 Thread 0x00000269db0b07d0 flushing  nmethod 0x00000269c7613090
Event: 22.980 Thread 0x00000269db0b07d0 flushing  nmethod 0x00000269c7613590
Event: 22.980 Thread 0x00000269db0b07d0 flushing  nmethod 0x00000269c7613990
Event: 22.980 Thread 0x00000269db0b07d0 flushing  nmethod 0x00000269c7613f90
Event: 22.980 Thread 0x00000269db0b07d0 flushing  nmethod 0x00000269c7614310
Event: 22.980 Thread 0x00000269db0b07d0 flushing  nmethod 0x00000269c7614710
Event: 22.980 Thread 0x00000269db0b07d0 flushing  nmethod 0x00000269c7614f10
Event: 22.980 Thread 0x00000269db0b07d0 flushing  nmethod 0x00000269c7631110
Event: 22.980 Thread 0x00000269db0b07d0 flushing  nmethod 0x00000269c7631710
Event: 22.980 Thread 0x00000269db0b07d0 flushing  nmethod 0x00000269c7631a90
Event: 22.980 Thread 0x00000269db0b07d0 flushing  nmethod 0x00000269c7632310
Event: 22.980 Thread 0x00000269db0b07d0 flushing  nmethod 0x00000269c7632d90
Event: 22.980 Thread 0x00000269db0b07d0 flushing  nmethod 0x00000269c7634a10
Event: 22.980 Thread 0x00000269db0b07d0 flushing  nmethod 0x00000269c7636610
Event: 22.980 Thread 0x00000269db0b07d0 flushing  nmethod 0x00000269c7637310
Event: 22.980 Thread 0x00000269db0b07d0 flushing  nmethod 0x00000269c76c3410

Events (20 events):
Event: 21.936 Thread 0x00000269db5a2b80 Thread added: 0x00000269ec170de0
Event: 21.969 Thread 0x00000269db5a2b80 Thread added: 0x00000269ec172820
Event: 22.016 Thread 0x00000269db5a6690 Thread added: 0x00000269ec175ca0
Event: 22.016 Thread 0x00000269db5a6690 Thread added: 0x00000269ec1748f0
Event: 22.040 Thread 0x00000269db5a6690 Thread added: 0x00000269ec1776e0
Event: 22.040 Thread 0x00000269db5a6690 Thread added: 0x00000269ec172eb0
Event: 22.041 Thread 0x00000269db5a6690 Thread added: 0x00000269ec171b00
Event: 22.041 Thread 0x00000269db5a6690 Thread added: 0x00000269ec176330
Event: 22.041 Thread 0x00000269db5a6690 Thread added: 0x00000269ec173540
Event: 22.041 Thread 0x00000269db5a6690 Thread added: 0x00000269ec177050
Event: 22.042 Thread 0x00000269db5a6690 Thread added: 0x00000269ec170750
Event: 22.397 Thread 0x00000269db5a17d0 Thread added: 0x00000269e1d718e0
Event: 22.397 Thread 0x00000269db5a17d0 Thread added: 0x00000269e1d72c90
Event: 22.398 Thread 0x00000269db5a17d0 Thread added: 0x00000269e1d76110
Event: 22.398 Thread 0x00000269db5a17d0 Thread added: 0x00000269e1d739b0
Event: 22.398 Thread 0x00000269db5a17d0 Thread added: 0x00000269e1d767a0
Event: 23.863 Thread 0x00000269db5a17d0 Thread added: 0x00000269db5a24f0
Event: 24.189 Thread 0x00000269ec174260 Thread added: 0x00000269db5a4c50
Event: 24.216 Thread 0x00000269ec174260 Thread added: 0x00000269db5a52e0
Event: 24.216 Thread 0x00000269ec174260 Thread added: 0x00000269db5a3f30


Dynamic libraries:
0x00007ff6f1f30000 - 0x00007ff6f1f3a000 	D:\Android Studio\jbr\bin\java.exe
0x00007ffb8a250000 - 0x00007ffb8a448000 	C:\WINDOWS\SYSTEM32\ntdll.dll
0x00007ffb89a70000 - 0x00007ffb89b32000 	C:\WINDOWS\System32\KERNEL32.DLL
0x00007ffb87ab0000 - 0x00007ffb87da6000 	C:\WINDOWS\System32\KERNELBASE.dll
0x00007ffb87f90000 - 0x00007ffb88090000 	C:\WINDOWS\System32\ucrtbase.dll
0x00007ffb84060000 - 0x00007ffb8407b000 	D:\Android Studio\jbr\bin\VCRUNTIME140.dll
0x00007ffb68030000 - 0x00007ffb68048000 	D:\Android Studio\jbr\bin\jli.dll
0x00007ffb8a070000 - 0x00007ffb8a20d000 	C:\WINDOWS\System32\USER32.dll
0x00007ffb87de0000 - 0x00007ffb87e02000 	C:\WINDOWS\System32\win32u.dll
0x00007ffb75c10000 - 0x00007ffb75eaa000 	C:\WINDOWS\WinSxS\amd64_microsoft.windows.common-controls_6595b64144ccf1df_6.0.19041.5915_none_60b4b9d171f9c7c7\COMCTL32.dll
0x00007ffb886f0000 - 0x00007ffb8871b000 	C:\WINDOWS\System32\GDI32.dll
0x00007ffb87990000 - 0x00007ffb87aa9000 	C:\WINDOWS\System32\gdi32full.dll
0x00007ffb89fd0000 - 0x00007ffb8a06e000 	C:\WINDOWS\System32\msvcrt.dll
0x00007ffb87e10000 - 0x00007ffb87ead000 	C:\WINDOWS\System32\msvcp_win.dll
0x00007ffb89a40000 - 0x00007ffb89a6f000 	C:\WINDOWS\System32\IMM32.DLL
0x00007ffb84050000 - 0x00007ffb8405c000 	D:\Android Studio\jbr\bin\vcruntime140_1.dll
0x00007ffb4edc0000 - 0x00007ffb4ee4d000 	D:\Android Studio\jbr\bin\msvcp140.dll
0x00007ffb2a930000 - 0x00007ffb2b5b3000 	D:\Android Studio\jbr\bin\server\jvm.dll
0x00007ffb88720000 - 0x00007ffb887d1000 	C:\WINDOWS\System32\ADVAPI32.dll
0x00007ffb89530000 - 0x00007ffb895cf000 	C:\WINDOWS\System32\sechost.dll
0x00007ffb897f0000 - 0x00007ffb89913000 	C:\WINDOWS\System32\RPCRT4.dll
0x00007ffb87db0000 - 0x00007ffb87dd7000 	C:\WINDOWS\System32\bcrypt.dll
0x00007ffb88840000 - 0x00007ffb888ab000 	C:\WINDOWS\System32\WS2_32.dll
0x00007ffb86e20000 - 0x00007ffb86e6b000 	C:\WINDOWS\SYSTEM32\POWRPROF.dll
0x00007ffb7b8e0000 - 0x00007ffb7b907000 	C:\WINDOWS\SYSTEM32\WINMM.dll
0x00007ffb81210000 - 0x00007ffb8121a000 	C:\WINDOWS\SYSTEM32\VERSION.dll
0x00007ffb86ce0000 - 0x00007ffb86cf2000 	C:\WINDOWS\SYSTEM32\UMPDC.dll
0x00007ffb860c0000 - 0x00007ffb860d2000 	C:\WINDOWS\SYSTEM32\kernel.appcore.dll
0x00007ffb83150000 - 0x00007ffb8315a000 	D:\Android Studio\jbr\bin\jimage.dll
0x00007ffb85470000 - 0x00007ffb85671000 	C:\WINDOWS\SYSTEM32\DBGHELP.DLL
0x00007ffb5f2a0000 - 0x00007ffb5f2d4000 	C:\WINDOWS\SYSTEM32\dbgcore.DLL
0x00007ffb87eb0000 - 0x00007ffb87f32000 	C:\WINDOWS\System32\bcryptPrimitives.dll
0x00007ffb687e0000 - 0x00007ffb687ee000 	D:\Android Studio\jbr\bin\instrument.dll
0x00007ffb83130000 - 0x00007ffb83150000 	D:\Android Studio\jbr\bin\java.dll
0x00007ffb81520000 - 0x00007ffb81538000 	D:\Android Studio\jbr\bin\zip.dll
0x00007ffb888b0000 - 0x00007ffb8901e000 	C:\WINDOWS\System32\SHELL32.dll
0x00007ffb85900000 - 0x00007ffb860a4000 	C:\WINDOWS\SYSTEM32\windows.storage.dll
0x00007ffb89b40000 - 0x00007ffb89e93000 	C:\WINDOWS\System32\combase.dll
0x00007ffb87310000 - 0x00007ffb8733b000 	C:\WINDOWS\SYSTEM32\Wldp.dll
0x00007ffb88460000 - 0x00007ffb8852d000 	C:\WINDOWS\System32\OLEAUT32.dll
0x00007ffb883b0000 - 0x00007ffb8845d000 	C:\WINDOWS\System32\SHCORE.dll
0x00007ffb89780000 - 0x00007ffb897db000 	C:\WINDOWS\System32\shlwapi.dll
0x00007ffb87810000 - 0x00007ffb87835000 	C:\WINDOWS\SYSTEM32\profapi.dll
0x00007ffb83120000 - 0x00007ffb83130000 	D:\Android Studio\jbr\bin\net.dll
0x00007ffb84850000 - 0x00007ffb8495a000 	C:\WINDOWS\SYSTEM32\WINHTTP.dll
0x00007ffb87070000 - 0x00007ffb870da000 	C:\WINDOWS\system32\mswsock.dll
0x00007ffb81500000 - 0x00007ffb81516000 	D:\Android Studio\jbr\bin\nio.dll
0x00007ffb68980000 - 0x00007ffb68990000 	D:\Android Studio\jbr\bin\verify.dll
0x00007ffb67810000 - 0x00007ffb67837000 	C:\Users\dell\.gradle\native\c067742578af261105cb4f569cf0c3c89f3d7b1fecec35dd04571415982c5e48\windows-amd64\native-platform.dll
0x00007ffb41560000 - 0x00007ffb416a4000 	C:\Users\dell\.gradle\native\100fb08df4bc3b14c8652ba06237920a3bd2aa13389f12d3474272988ae205f9\windows-amd64\native-platform-file-events.dll
0x00007ffb80630000 - 0x00007ffb80639000 	D:\Android Studio\jbr\bin\management.dll
0x00007ffb691b0000 - 0x00007ffb691bb000 	D:\Android Studio\jbr\bin\management_ext.dll
0x00007ffb89fc0000 - 0x00007ffb89fc8000 	C:\WINDOWS\System32\PSAPI.DLL
0x00007ffb87270000 - 0x00007ffb87288000 	C:\WINDOWS\SYSTEM32\CRYPTSP.dll
0x00007ffb868f0000 - 0x00007ffb86928000 	C:\WINDOWS\system32\rsaenh.dll
0x00007ffb877d0000 - 0x00007ffb877fe000 	C:\WINDOWS\SYSTEM32\USERENV.dll
0x00007ffb87260000 - 0x00007ffb8726c000 	C:\WINDOWS\SYSTEM32\CRYPTBASE.dll
0x00007ffb86d00000 - 0x00007ffb86d3b000 	C:\WINDOWS\SYSTEM32\IPHLPAPI.DLL
0x00007ffb89ea0000 - 0x00007ffb89ea8000 	C:\WINDOWS\System32\NSI.dll
0x00007ffb816e0000 - 0x00007ffb816e9000 	D:\Android Studio\jbr\bin\extnet.dll
0x00007ffb809f0000 - 0x00007ffb809f7000 	C:\WINDOWS\system32\wshunix.dll
0x00007ffb86b50000 - 0x00007ffb86b83000 	C:\WINDOWS\SYSTEM32\ntmarta.dll

dbghelp: loaded successfully - version: 4.0.5 - missing functions: none
symbol engine: initialized successfully - sym options: 0x614 - pdb path: .;D:\Android Studio\jbr\bin;C:\WINDOWS\SYSTEM32;C:\WINDOWS\WinSxS\amd64_microsoft.windows.common-controls_6595b64144ccf1df_6.0.19041.5915_none_60b4b9d171f9c7c7;D:\Android Studio\jbr\bin\server;C:\Users\dell\.gradle\native\c067742578af261105cb4f569cf0c3c89f3d7b1fecec35dd04571415982c5e48\windows-amd64;C:\Users\dell\.gradle\native\100fb08df4bc3b14c8652ba06237920a3bd2aa13389f12d3474272988ae205f9\windows-amd64

VM Arguments:
jvm_args: --add-opens=java.base/java.util=ALL-UNNAMED --add-opens=java.base/java.lang=ALL-UNNAMED --add-opens=java.base/java.lang.invoke=ALL-UNNAMED --add-opens=java.prefs/java.util.prefs=ALL-UNNAMED --add-exports=jdk.compiler/com.sun.tools.javac.api=ALL-UNNAMED --add-exports=jdk.compiler/com.sun.tools.javac.util=ALL-UNNAMED --add-opens=java.base/java.nio.charset=ALL-UNNAMED --add-opens=java.base/java.net=ALL-UNNAMED --add-opens=java.base/java.util.concurrent.atomic=ALL-UNNAMED -Xmx2048m -Dfile.encoding=UTF-8 -Duser.country=US -Duser.language=en -Duser.variant -javaagent:C:\Users\dell\.gradle\wrapper\dists\gradle-8.10.2-bin\a04bxjujx95o3nb99gddekhwo\gradle-8.10.2\lib\agents\gradle-instrumentation-agent-8.10.2.jar 
java_command: org.gradle.launcher.daemon.bootstrap.GradleDaemon 8.10.2
java_class_path (initial): C:\Users\dell\.gradle\wrapper\dists\gradle-8.10.2-bin\a04bxjujx95o3nb99gddekhwo\gradle-8.10.2\lib\gradle-daemon-main-8.10.2.jar
Launcher Type: SUN_STANDARD

[Global flags]
     intx CICompilerCount                          = 4                                         {product} {ergonomic}
     uint ConcGCThreads                            = 2                                         {product} {ergonomic}
     uint G1ConcRefinementThreads                  = 8                                         {product} {ergonomic}
   size_t G1HeapRegionSize                         = 1048576                                   {product} {ergonomic}
    uintx GCDrainStackTargetSize                   = 64                                        {product} {ergonomic}
   size_t InitialHeapSize                          = 264241152                                 {product} {ergonomic}
   size_t MarkStackSize                            = 4194304                                   {product} {ergonomic}
   size_t MaxHeapSize                              = 2147483648                                {product} {command line}
   size_t MaxNewSize                               = 1287651328                                {product} {ergonomic}
   size_t MinHeapDeltaBytes                        = 1048576                                   {product} {ergonomic}
   size_t MinHeapSize                              = 8388608                                   {product} {ergonomic}
    uintx NonNMethodCodeHeapSize                   = 5839372                                {pd product} {ergonomic}
    uintx NonProfiledCodeHeapSize                  = 122909434                              {pd product} {ergonomic}
    uintx ProfiledCodeHeapSize                     = 122909434                              {pd product} {ergonomic}
    uintx ReservedCodeCacheSize                    = 251658240                              {pd product} {ergonomic}
     bool SegmentedCodeCache                       = true                                      {product} {ergonomic}
   size_t SoftMaxHeapSize                          = 2147483648                             {manageable} {ergonomic}
     bool UseCompressedOops                        = true                           {product lp64_product} {ergonomic}
     bool UseG1GC                                  = true                                      {product} {ergonomic}
     bool UseLargePagesIndividualAllocation        = false                                  {pd product} {ergonomic}

Logging:
Log output configuration:
 #0: stdout all=warning uptime,level,tags foldmultilines=false
 #1: stderr all=off uptime,level,tags foldmultilines=false

Environment Variables:
JAVA_HOME=D:\java\jdk21
PATH=d:\cursor\resources\app\bin;C:\Program Files\Microsoft MPI\Bin\;C:\Program Files\Common Files\Oracle\Java\javapath;C:\WINDOWS\system32;C:\WINDOWS;C:\WINDOWS\System32\Wbem;C:\WINDOWS\System32\WindowsPowerShell\v1.0\;C:\WINDOWS\System32\OpenSSH\;C:\Program Files\Microsoft SQL Server\Client SDK\ODBC\170\Tools\Binn\;D:\Install\bin;D:\Git\cmd;D:\XAMPP\php;C:\ProgramData\ComposerSetup\bin;C:\mingw64\bin;C:\TDM-GCC-32\bin;D:\notejs\;D:\XAMPP\mysql\bin;D:\Maven\bin;D:\Maven\apache-maven-3.9.9\bin;C:\Program Files (x86)\Microsoft SQL Server\160\Tools\Binn\;C:\Program Files\Microsoft SQL Server\160\Tools\Binn\;C:\Program Files\Microsoft SQL Server\160\DTS\Binn\;C:\Program Files (x86)\Microsoft SQL Server\160\DTS\Binn\;D:\python\Scripts\;D:\python\;D:\java\jdk21\bin;C:\Users\dell\AppData\Roaming\Composer\vendor\bin;C:\mingw64\bin;C:\Users\dell\AppData\Roaming\npm;D:\nodejs;D:\PyCharm\PyCharm Community Edition 2024.2.4\bin;;D:\Wireshark;D:\python3.10;D:\python39;D:\JetBrains\IntelliJ IDEA 2024.3.4.1\bin;;D:\Maven\bin;D:\;D:\python\Scripts\;D:\python\;D:\java\jdk21\bin;D:\Microsoft VS Code\bin;C:\Users\dell\AppData\Roaming\Composer\vendor\bin;C:\mingw64\bin;C:\Users\dell\AppData\Roaming\npm;D:\nodejs;D:\PyCharm\PyCharm Community Edition 2024.2.4\bin;;D:\Wireshark;D:\python3.10;D:\python39;D:\JetBrains\IntelliJ IDEA 2024.3.4.1\bin;;D:\Maven\bin
USERNAME=dell
OS=Windows_NT
PROCESSOR_IDENTIFIER=Intel64 Family 6 Model 140 Stepping 1, GenuineIntel
TMP=C:\Users\dell\AppData\Local\Temp
TEMP=C:\Users\dell\AppData\Local\Temp




Periodic native trim disabled

JNI global refs:
JNI global refs: 29, weak refs: 0

JNI global refs memory usage: 835, weak refs: 833

Process memory usage:
Resident Set Size: 597684K (3% of 16505636K total physical memory with 2084188K free physical memory)

OOME stack traces (most recent first):
Classloader memory used:
Loader org.gradle.internal.classloader.VisitableURLClassLoader                         : 40813K
Loader org.gradle.internal.classloader.VisitableURLClassLoader$InstrumentingVisitableURLClassLoader: 33696K
Loader bootstrap                                                                       : 29484K
Loader org.gradle.initialization.MixInLegacyTypesClassLoader                           : 11642K
Loader jdk.internal.loader.ClassLoaders$PlatformClassLoader                            : 554K
Loader jdk.internal.reflect.DelegatingClassLoader                                      : 362K
Loader jdk.internal.loader.ClassLoaders$AppClassLoader                                 : 232K
Loader org.gradle.internal.classloader.VisitableURLClassLoader                         : 229K

Classes loaded by more than one classloader:
Class Program                                                                         : loaded 5 times (x 68B)
Class Build_gradle                                                                    : loaded 3 times (x 126B)
Class Build_gradle$1                                                                  : loaded 3 times (x 70B)
Class org.gradle.internal.classloader.FilteringClassLoader                            : loaded 2 times (x 101B)
Class [Lcom.google.common.collect.MapMakerInternalMap$Segment;                        : loaded 2 times (x 65B)
Class com.google.common.io.FileWriteMode                                              : loaded 2 times (x 75B)
Class [Lcom.google.common.base.AbstractIterator$State;                                : loaded 2 times (x 65B)
Class com.google.common.base.CharMatcher$IsEither                                     : loaded 2 times (x 107B)
Class org.gradle.internal.classloader.ClassLoaderHierarchy                            : loaded 2 times (x 66B)
Class com.google.common.collect.AbstractMapBasedMultimap$WrappedCollection            : loaded 2 times (x 120B)
Class com.google.common.collect.ImmutableEnumSet                                      : loaded 2 times (x 142B)
Class com.google.common.util.concurrent.ExecutionError                                : loaded 2 times (x 78B)
Class com.google.common.collect.ImmutableList$1                                       : loaded 2 times (x 93B)
Class org.gradle.api.internal.classpath.ManifestUtil                                  : loaded 2 times (x 67B)
Class com.google.common.collect.RegularImmutableMap                                   : loaded 2 times (x 117B)
Class com.google.common.collect.ImmutableMap$MapViewOfValuesAsSingletonSets           : loaded 2 times (x 121B)
Class org.apache.commons.io.function.IOFunction                                       : loaded 2 times (x 66B)
Class com.google.common.collect.TransformedListIterator                               : loaded 2 times (x 89B)
Class [Lorg.objectweb.asm.Symbol;                                                     : loaded 2 times (x 65B)
Class org.objectweb.asm.ClassVisitor                                                  : loaded 2 times (x 84B)
Class com.google.common.collect.UnmodifiableListIterator                              : loaded 2 times (x 91B)
Class com.google.common.collect.MapMakerInternalMap$StrongKeyDummyValueEntry$LinkedStrongKeyDummyValueEntry: loaded 2 times (x 78B)
Class com.google.common.collect.MapMakerInternalMap$Strength                          : loaded 2 times (x 76B)
Class com.google.common.base.Platform$JdkPatternCompiler                              : loaded 2 times (x 71B)
Class org.objectweb.asm.MethodTooLargeException                                       : loaded 2 times (x 79B)
Class [Lcom.google.common.cache.CacheBuilder$OneWeigher;                              : loaded 2 times (x 65B)
Class com.google.common.base.Suppliers                                                : loaded 2 times (x 67B)
Class org.gradle.internal.classloader.DefaultClassLoaderFactory                       : loaded 2 times (x 78B)
Class [Lcom.google.common.collect.AbstractIterator$State;                             : loaded 2 times (x 65B)
Class org.apache.commons.io.file.PathUtils                                            : loaded 2 times (x 67B)
Class com.google.common.base.CharMatcher$None                                         : loaded 2 times (x 108B)
Class org.gradle.internal.classloader.ClassLoaderVisitor                              : loaded 2 times (x 72B)
Class [Lcom.google.common.collect.ImmutableMapEntry;                                  : loaded 2 times (x 65B)
Class org.gradle.api.internal.classpath.EffectiveClassPath                            : loaded 2 times (x 86B)
Class com.google.common.collect.AbstractIterator$1                                    : loaded 2 times (x 67B)
Class com.google.common.collect.ImmutableRangeSet                                     : loaded 2 times (x 111B)
Class [Lorg.apache.commons.io.StandardLineSeparator;                                  : loaded 2 times (x 65B)
Class org.apache.commons.io.output.StringBuilderWriter                                : loaded 2 times (x 96B)
Class com.google.common.collect.ImmutableEnumMap                                      : loaded 2 times (x 121B)
Class com.google.common.collect.ListMultimap                                          : loaded 2 times (x 66B)
Class com.google.common.collect.Iterators$EmptyModifiableIterator                     : loaded 2 times (x 82B)
Class com.google.common.collect.Sets$1                                                : loaded 2 times (x 135B)
Class org.objectweb.asm.AnnotationVisitor                                             : loaded 2 times (x 74B)
Class com.google.common.base.Splitter                                                 : loaded 2 times (x 68B)
Class org.gradle.api.internal.DefaultClassPathProvider                                : loaded 2 times (x 72B)
Class org.apache.commons.io.FilenameUtils                                             : loaded 2 times (x 67B)
Class com.google.common.collect.MapMakerInternalMap$Strength$1                        : loaded 2 times (x 76B)
Class com.google.common.collect.Maps$ViewCachingAbstractMap                           : loaded 2 times (x 121B)
Class com.google.common.collect.Sets$2                                                : loaded 2 times (x 135B)
Class [Lorg.gradle.api.internal.ClassPathProvider;                                    : loaded 2 times (x 65B)
Class org.gradle.api.internal.ClassPathProvider                                       : loaded 2 times (x 66B)
Class com.google.common.collect.MapMakerInternalMap$Strength$2                        : loaded 2 times (x 76B)
Class [Lorg.objectweb.asm.AnnotationVisitor;                                          : loaded 2 times (x 65B)
Class com.google.common.collect.Sets$3                                                : loaded 2 times (x 135B)
Class com.google.common.util.concurrent.AbstractFuture$SafeAtomicHelper               : loaded 2 times (x 75B)
Class com.google.common.cache.LocalCache$LocalLoadingCache                            : loaded 2 times (x 130B)
Class com.google.common.base.AbstractIterator$State                                   : loaded 2 times (x 75B)
Class org.gradle.internal.service.UnknownServiceException                             : loaded 2 times (x 79B)
Class com.google.common.collect.MapMakerInternalMap$StrongValueEntry                  : loaded 2 times (x 66B)
Class com.google.common.collect.Sets$4                                                : loaded 2 times (x 135B)
Class org.objectweb.asm.ModuleVisitor                                                 : loaded 2 times (x 77B)
Class com.google.common.cache.LocalCache$Strength$1                                   : loaded 2 times (x 77B)
Class org.apache.commons.io.output.QueueOutputStream                                  : loaded 2 times (x 83B)
Class com.google.common.util.concurrent.SettableFuture                                : loaded 2 times (x 110B)
Class com.google.common.cache.LocalCache$Strength$2                                   : loaded 2 times (x 77B)
Class com.google.common.collect.Interners$InternerImpl                                : loaded 2 times (x 71B)
Class com.google.common.collect.Interner                                              : loaded 2 times (x 66B)
Class com.google.common.collect.TransformedIterator                                   : loaded 2 times (x 76B)
Class com.google.common.cache.LocalCache$Strength$3                                   : loaded 2 times (x 77B)
Class com.google.common.collect.MapDifference                                         : loaded 2 times (x 66B)
Class com.google.common.base.Splitter$1                                               : loaded 2 times (x 73B)
Class com.google.common.collect.MapMaker$Dummy                                        : loaded 2 times (x 75B)
Class org.objectweb.asm.FieldWriter                                                   : loaded 2 times (x 74B)
Class com.google.common.cache.CacheBuilder$NullListener                               : loaded 2 times (x 78B)
Class org.gradle.internal.classpath.TransformedClassPath                              : loaded 2 times (x 92B)
Class org.gradle.internal.classloader.InstrumentingClassLoader                        : loaded 2 times (x 66B)
Class com.google.common.collect.ImmutableRangeSet$AsSet                               : loaded 2 times (x 295B)
Class org.apache.commons.io.output.UnsynchronizedByteArrayOutputStream                : loaded 2 times (x 98B)
Class com.google.common.cache.CacheLoader$FunctionToCacheLoader                       : loaded 2 times (x 71B)
Class com.google.common.collect.Iterators$ArrayItr                                    : loaded 2 times (x 93B)
Class com.google.common.collect.ImmutableCollection$Builder                           : loaded 2 times (x 72B)
Class com.google.common.collect.BaseImmutableMultimap                                 : loaded 2 times (x 119B)
Class org.apache.commons.io.output.ByteArrayOutputStream                              : loaded 2 times (x 98B)
Class com.google.common.base.Joiner                                                   : loaded 2 times (x 75B)
Class com.google.common.base.MoreObjects                                              : loaded 2 times (x 67B)
Class [Lorg.objectweb.asm.Type;                                                       : loaded 2 times (x 65B)
Class com.google.common.collect.Platform                                              : loaded 2 times (x 67B)
Class com.google.common.collect.UnmodifiableIterator                                  : loaded 2 times (x 76B)
Class org.gradle.internal.service.ServiceLocator                                      : loaded 2 times (x 66B)
Class org.apache.commons.io.FileExistsException                                       : loaded 2 times (x 78B)
Class com.google.common.base.Ascii                                                    : loaded 2 times (x 67B)
Class com.google.common.collect.SingletonImmutableBiMap                               : loaded 2 times (x 139B)
Class com.google.common.cache.LocalCache$1                                            : loaded 2 times (x 85B)
Class com.google.common.collect.AbstractMapEntry                                      : loaded 2 times (x 77B)
Class com.google.common.collect.MapMakerInternalMap$AbstractStrongKeyEntry            : loaded 2 times (x 76B)
Class com.google.common.collect.Sets$ImprovedAbstractSet                              : loaded 2 times (x 131B)
Class com.google.common.collect.ImmutableList$Builder                                 : loaded 2 times (x 73B)
Class com.google.common.cache.LocalCache$2                                            : loaded 2 times (x 138B)
Class com.google.common.collect.AbstractMultimap                                      : loaded 2 times (x 119B)
Class com.google.common.collect.ImmutableRangeSet$1                                   : loaded 2 times (x 205B)
Class com.google.common.util.concurrent.AbstractFuture$UnsafeAtomicHelper$1           : loaded 2 times (x 72B)
Class com.google.common.collect.RegularImmutableAsList                                : loaded 2 times (x 212B)
Class com.google.common.base.Optional                                                 : loaded 2 times (x 76B)
Class com.google.common.collect.Range                                                 : loaded 2 times (x 83B)
Class com.google.common.util.concurrent.AbstractFuture$Trusted                        : loaded 2 times (x 66B)
Class com.google.common.collect.Iterators                                             : loaded 2 times (x 67B)
Class com.google.common.base.CharMatcher$RangesMatcher                                : loaded 2 times (x 108B)
Class com.google.common.io.ByteSink$AsCharSink                                        : loaded 2 times (x 76B)
Class com.google.common.util.concurrent.UncheckedExecutionException                   : loaded 2 times (x 78B)
Class com.google.common.collect.Lists$StringAsImmutableList                           : loaded 2 times (x 203B)
Class org.gradle.kotlin.dsl.VersionCatalogAccessorsKt                                 : loaded 2 times (x 67B)
Class com.google.common.collect.ImmutableSortedSetFauxverideShim                      : loaded 2 times (x 143B)
Class com.google.common.base.CharMatcher$JavaLetterOrDigit                            : loaded 2 times (x 107B)
Class org.gradle.internal.InternalTransformer                                         : loaded 2 times (x 66B)
Class com.google.common.collect.AbstractMapBasedMultimap$KeySet$1                     : loaded 2 times (x 78B)
Class org.objectweb.asm.ClassWriter                                                   : loaded 2 times (x 102B)
Class com.google.common.cache.CacheLoader$UnsupportedLoadingOperationException        : loaded 2 times (x 78B)
Class com.google.common.base.CharMatcher$And                                          : loaded 2 times (x 108B)
Class org.gradle.internal.classloader.ClasspathUtil$1                                 : loaded 2 times (x 72B)
Class com.google.common.collect.FluentIterable$1                                      : loaded 2 times (x 77B)
Class com.google.common.base.Objects                                                  : loaded 2 times (x 67B)
Class org.objectweb.asm.FieldVisitor                                                  : loaded 2 times (x 73B)
Class com.google.common.collect.IndexedImmutableSet                                   : loaded 2 times (x 146B)
Class com.google.common.collect.ImmutableMap$1                                        : loaded 2 times (x 77B)
Class com.google.common.collect.BiMap                                                 : loaded 2 times (x 66B)
Class org.gradle.api.internal.classpath.DefaultModuleRegistry$DefaultModule           : loaded 2 times (x 82B)
Class com.google.common.collect.RegularImmutableMap$KeySet                            : loaded 2 times (x 146B)
Class com.google.common.collect.FluentIterable$2                                      : loaded 2 times (x 77B)
Class com.google.common.primitives.Ints                                               : loaded 2 times (x 67B)
Class com.google.common.collect.AbstractIterator                                      : loaded 2 times (x 78B)
Class com.google.common.collect.FluentIterable$3                                      : loaded 2 times (x 77B)
Class com.google.common.math.MathPreconditions                                        : loaded 2 times (x 67B)
Class com.google.common.collect.Multiset                                              : loaded 2 times (x 66B)
Class com.google.common.collect.ArrayListMultimapGwtSerializationDependencies         : loaded 2 times (x 168B)
Class com.google.common.collect.ObjectArrays                                          : loaded 2 times (x 67B)
Class com.google.common.collect.AbstractIndexedListIterator                           : loaded 2 times (x 92B)
Class org.apache.commons.io.output.NullOutputStream                                   : loaded 2 times (x 81B)
Class com.google.common.collect.ImmutableMapEntrySet                                  : loaded 2 times (x 147B)
Class org.gradle.api.internal.classpath.Module                                        : loaded 2 times (x 66B)
Class com.google.common.cache.Weigher                                                 : loaded 2 times (x 66B)
Class org.gradle.api.internal.classpath.UnknownModuleException                        : loaded 2 times (x 78B)
Class com.google.common.base.Stopwatch                                                : loaded 2 times (x 68B)
Class com.google.common.cache.LocalCache$Strength                                     : loaded 2 times (x 77B)
Class com.google.common.cache.Cache                                                   : loaded 2 times (x 66B)
Class com.google.common.io.Files$2                                                    : loaded 2 times (x 72B)
Class org.apache.commons.io.filefilter.IOFileFilter                                   : loaded 2 times (x 66B)
Class com.google.common.util.concurrent.AbstractFuture$Cancellation                   : loaded 2 times (x 68B)
Class com.google.common.collect.ImmutableMap$Builder                                  : loaded 2 times (x 78B)
Class com.google.common.base.NullnessCasts                                            : loaded 2 times (x 67B)
Class com.google.common.base.Present                                                  : loaded 2 times (x 77B)
Class com.google.common.collect.AbstractMapBasedMultimap$WrappedCollection$WrappedIterator: loaded 2 times (x 80B)
Class com.google.common.cache.RemovalListener                                         : loaded 2 times (x 66B)
Class org.gradle.api.internal.DefaultClassPathRegistry                                : loaded 2 times (x 72B)
Class org.apache.commons.io.file.DeleteOption                                         : loaded 2 times (x 66B)
Class com.google.common.primitives.IntsMethodsForWeb                                  : loaded 2 times (x 67B)
Class com.google.common.collect.Multimap                                              : loaded 2 times (x 66B)
Class org.gradle.api.internal.ClassPathRegistry                                       : loaded 2 times (x 66B)
Class org.gradle.internal.classpath.DefaultClassPath$ImmutableUniqueList              : loaded 2 times (x 195B)
Class com.google.common.collect.MapMakerInternalMap$Segment                           : loaded 2 times (x 138B)
Class com.google.common.base.ExtraObjectsMethodsForWeb                                : loaded 2 times (x 67B)
Class org.apache.commons.io.IOUtils                                                   : loaded 2 times (x 67B)
Class com.google.common.base.Equivalence$Identity                                     : loaded 2 times (x 78B)
Class com.google.common.io.ByteSink                                                   : loaded 2 times (x 72B)
Class com.google.common.cache.CacheBuilder                                            : loaded 2 times (x 68B)
Class com.google.common.collect.SingletonImmutableList                                : loaded 2 times (x 203B)
Class Settings_gradle$1                                                               : loaded 2 times (x 70B)
Class org.gradle.internal.classpath.ClassPath                                         : loaded 2 times (x 66B)
Class org.gradle.api.UncheckedIOException                                             : loaded 2 times (x 78B)
Class com.google.common.collect.Interners$InternerBuilder                             : loaded 2 times (x 72B)
Class com.google.common.io.Files$FileByteSource                                       : loaded 2 times (x 81B)
Class com.google.common.collect.ImmutableList$ReverseImmutableList                    : loaded 2 times (x 204B)
Class com.google.common.base.JdkPattern                                               : loaded 2 times (x 71B)
Class org.objectweb.asm.SymbolTable$Entry                                             : loaded 2 times (x 70B)
Class com.google.common.util.concurrent.AbstractFuture$AtomicHelper                   : loaded 2 times (x 74B)
Class org.objectweb.asm.Edge                                                          : loaded 2 times (x 68B)
Class com.google.common.base.Suppliers$SupplierOfInstance                             : loaded 2 times (x 75B)
Class com.google.common.collect.Iterators$1                                           : loaded 2 times (x 77B)
Class com.google.common.cache.LocalCache$ComputingValueReference                      : loaded 2 times (x 92B)
Class com.google.common.collect.SingletonImmutableSet                                 : loaded 2 times (x 142B)
Class com.google.common.collect.ImmutableMap$IteratorBasedImmutableMap                : loaded 2 times (x 121B)
Class com.google.common.cache.LocalCache$Segment                                      : loaded 2 times (x 150B)
Class com.google.common.collect.SortedIterable                                        : loaded 2 times (x 66B)
Class [Lorg.objectweb.asm.SymbolTable$Entry;                                          : loaded 2 times (x 65B)
Class com.google.common.cache.CacheLoader                                             : loaded 2 times (x 70B)
Class com.google.common.collect.Iterators$4                                           : loaded 2 times (x 78B)
Class com.google.common.collect.ImmutableBiMap                                        : loaded 2 times (x 139B)
Class com.google.common.collect.AbstractListMultimap                                  : loaded 2 times (x 168B)
Class org.gradle.internal.installation.GradleInstallation$1                           : loaded 2 times (x 71B)
Class org.gradle.api.internal.classpath.ModuleRegistry                                : loaded 2 times (x 66B)
Class org.apache.commons.io.output.NullWriter                                         : loaded 2 times (x 95B)
Class com.google.common.util.concurrent.internal.InternalFutureFailureAccess          : loaded 2 times (x 68B)
Class com.google.common.collect.Iterators$5                                           : loaded 2 times (x 78B)
Class com.google.common.collect.ImmutableSet$JdkBackedSetBuilderImpl                  : loaded 2 times (x 72B)
Class com.google.common.base.Splitter$SplittingIterator                               : loaded 2 times (x 80B)
Class com.google.common.io.Closer$SuppressingSuppressor                               : loaded 2 times (x 71B)
Class com.google.common.util.concurrent.AbstractFuture$UnsafeAtomicHelper             : loaded 2 times (x 74B)
Class com.google.common.cache.LocalCache$LocalManualCache$1                           : loaded 2 times (x 71B)
Class com.google.common.base.CharMatcher$ForPredicate                                 : loaded 2 times (x 108B)
Class com.google.common.collect.ImmutableCollection                                   : loaded 2 times (x 121B)
Class com.google.common.base.CharMatcher$AnyOf                                        : loaded 2 times (x 108B)
Class org.gradle.api.internal.classpath.DefaultModuleRegistry                         : loaded 2 times (x 82B)
Class com.google.common.util.concurrent.ListenableFuture                              : loaded 2 times (x 66B)
Class com.google.common.cache.ReferenceEntry                                          : loaded 2 times (x 66B)
Class com.google.common.collect.ImmutableSet$CachingAsList                            : loaded 2 times (x 143B)
Class com.google.common.base.Converter                                                : loaded 2 times (x 86B)
Class com.google.common.collect.Lists                                                 : loaded 2 times (x 67B)
Class com.google.common.base.CharMatcher$Any                                          : loaded 2 times (x 108B)
Class com.google.common.util.concurrent.AbstractFuture                                : loaded 2 times (x 102B)
Class com.google.common.base.FunctionalEquivalence                                    : loaded 2 times (x 79B)
Class com.google.common.collect.Iterators$9                                           : loaded 2 times (x 77B)
Class com.google.common.collect.AbstractMapBasedMultimap                              : loaded 2 times (x 135B)
Class com.google.common.collect.ImmutableAsList                                       : loaded 2 times (x 205B)
Class org.objectweb.asm.RecordComponentVisitor                                        : loaded 2 times (x 73B)
Class com.google.common.cache.CacheLoader$SupplierToCacheLoader                       : loaded 2 times (x 71B)
Class com.google.common.collect.Maps$EntryTransformer                                 : loaded 2 times (x 66B)
Class org.gradle.internal.service.ServiceLookupException                              : loaded 2 times (x 78B)
Class com.google.common.collect.ImmutableSortedSet                                    : loaded 2 times (x 295B)
Class [Lcom.google.common.cache.LocalCache$EntryFactory;                              : loaded 2 times (x 65B)
Class com.google.common.base.CharMatcher$JavaLetter                                   : loaded 2 times (x 107B)
Class org.gradle.internal.classloader.ClassLoaderFactory                              : loaded 2 times (x 66B)
Class com.google.common.collect.ImmutableMap$SerializedForm                           : loaded 2 times (x 69B)
Class org.apache.commons.io.CloseableURLConnection                                    : loaded 2 times (x 113B)
Class com.google.common.cache.LocalCache$LocalManualCache                             : loaded 2 times (x 95B)
Class com.google.common.base.CharMatcher$IsNot                                        : loaded 2 times (x 107B)
Class com.google.common.base.CommonPattern                                            : loaded 2 times (x 70B)
Class org.gradle.internal.service.CachingServiceLocator                               : loaded 2 times (x 78B)
Class com.google.common.collect.RegularImmutableSortedSet                             : loaded 2 times (x 295B)
Class com.google.common.collect.AbstractMapBasedMultimap$KeySet                       : loaded 2 times (x 133B)
Class com.google.common.math.IntMath                                                  : loaded 2 times (x 67B)
Class com.google.common.collect.MapMakerInternalMap$InternalEntry                     : loaded 2 times (x 66B)
Class com.google.common.collect.Iterators$10                                          : loaded 2 times (x 77B)
Class com.google.common.collect.ImmutableMapEntry                                     : loaded 2 times (x 81B)
Class com.google.common.base.CharMatcher$JavaDigit                                    : loaded 2 times (x 107B)
Class com.google.common.collect.ImmutableMultimap                                     : loaded 2 times (x 143B)
Class com.google.common.base.Equivalence                                              : loaded 2 times (x 78B)
Class com.google.common.collect.ImmutableMapEntry$NonTerminalImmutableMapEntry        : loaded 2 times (x 81B)
Class com.google.common.base.Function                                                 : loaded 2 times (x 66B)
Class org.apache.commons.io.output.AbstractByteArrayOutputStream                      : loaded 2 times (x 98B)
Class com.google.common.collect.IndexedImmutableSet$1                                 : loaded 2 times (x 208B)
Class com.google.common.cache.CacheBuilder$OneWeigher                                 : loaded 2 times (x 78B)
Class com.google.common.collect.RegularImmutableList                                  : loaded 2 times (x 208B)
Class com.google.common.collect.ImmutableBiMapFauxverideShim                          : loaded 2 times (x 116B)
Class org.gradle.internal.classloader.ClasspathUtil                                   : loaded 2 times (x 67B)
Class com.google.common.base.Charsets                                                 : loaded 2 times (x 67B)
Class com.google.common.util.concurrent.Uninterruptibles                              : loaded 2 times (x 67B)
Class com.google.common.collect.Maps                                                  : loaded 2 times (x 67B)
Class com.google.common.base.CharMatcher$JavaUpperCase                                : loaded 2 times (x 107B)
Class org.gradle.api.specs.Spec                                                       : loaded 2 times (x 66B)
Class com.google.common.collect.MapMaker                                              : loaded 2 times (x 68B)
Class org.apache.commons.io.file.PathFilter                                           : loaded 2 times (x 66B)
Class [Lcom.google.common.collect.ImmutableEntry;                                     : loaded 2 times (x 65B)
Class com.google.common.cache.LocalCache$LoadingValueReference                        : loaded 2 times (x 92B)
Class com.google.common.base.Absent                                                   : loaded 2 times (x 76B)
Class com.google.common.collect.MapMakerInternalMap$StrongKeyDummyValueEntry          : loaded 2 times (x 78B)
Class com.google.common.base.Platform                                                 : loaded 2 times (x 67B)
Class com.google.common.collect.AbstractMapBasedMultimap$WrappedList                  : loaded 2 times (x 201B)
Class [Lorg.objectweb.asm.AnnotationWriter;                                           : loaded 2 times (x 65B)
Class com.google.common.primitives.Ints$IntConverter                                  : loaded 2 times (x 86B)
Class com.google.common.collect.Maps$8                                                : loaded 2 times (x 78B)
Class [Lcom.google.common.collect.Iterators$EmptyModifiableIterator;                  : loaded 2 times (x 65B)
Class com.google.common.collect.ImmutableRangeSet$Builder                             : loaded 2 times (x 73B)
Class com.google.common.collect.Sets$SetView                                          : loaded 2 times (x 134B)
Class com.google.common.cache.LocalCache$StrongValueReference                         : loaded 2 times (x 86B)
Class com.google.common.util.concurrent.AbstractFuture$SynchronizedHelper             : loaded 2 times (x 74B)
Class com.google.common.base.CharMatcher$Invisible                                    : loaded 2 times (x 108B)
Class com.google.common.graph.SuccessorsFunction                                      : loaded 2 times (x 66B)
Class org.objectweb.asm.Type                                                          : loaded 2 times (x 68B)
Class org.gradle.internal.classloader.VisitableURLClassLoader$InstrumentingVisitableURLClassLoader: loaded 2 times (x 119B)
Class com.google.common.collect.MapMakerInternalMap$StrongKeyDummyValueEntry$Helper   : loaded 2 times (x 75B)
Class org.apache.commons.io.FileUtils                                                 : loaded 2 times (x 67B)
Class com.google.common.io.Files$FileByteSink                                         : loaded 2 times (x 73B)
Class org.objectweb.asm.ByteVector                                                    : loaded 2 times (x 75B)
Class [Lcom.google.common.cache.CacheBuilder$NullListener;                            : loaded 2 times (x 65B)
Class com.google.common.math.IntMath$1                                                : loaded 2 times (x 67B)
Class org.gradle.internal.classloader.VisitableURLClassLoader$Spec                    : loaded 2 times (x 70B)
Class org.gradle.internal.classpath.DefaultClassPath                                  : loaded 2 times (x 86B)
Class org.objectweb.asm.Symbol                                                        : loaded 2 times (x 69B)
Class com.google.common.base.AbstractIterator                                         : loaded 2 times (x 76B)
Class com.google.common.io.Closer                                                     : loaded 2 times (x 74B)
Class com.google.common.collect.RegularImmutableMap$Values                            : loaded 2 times (x 203B)
Class com.google.common.collect.ImmutableSet                                          : loaded 2 times (x 141B)
Class com.google.common.base.CharMatcher$BitSetMatcher                                : loaded 2 times (x 108B)
Class com.google.common.base.CharMatcher$Ascii                                        : loaded 2 times (x 108B)
Class org.gradle.internal.classloader.ClassLoaderSpec                                 : loaded 2 times (x 67B)
Class org.objectweb.asm.AnnotationWriter                                              : loaded 2 times (x 75B)
Class com.google.common.cache.CacheStats                                              : loaded 2 times (x 67B)
Class com.google.common.collect.Interners                                             : loaded 2 times (x 67B)
Class com.google.common.io.Closer$Suppressor                                          : loaded 2 times (x 66B)
Class com.google.common.io.LineProcessor                                              : loaded 2 times (x 66B)
Class org.objectweb.asm.RecordComponentWriter                                         : loaded 2 times (x 74B)
Class com.google.common.util.concurrent.AbstractFuture$Listener                       : loaded 2 times (x 68B)
Class com.google.common.base.CharMatcher$Or                                           : loaded 2 times (x 108B)
Class Settings_gradle$1$1                                                             : loaded 2 times (x 70B)
Class org.objectweb.asm.Attribute                                                     : loaded 2 times (x 73B)
Class com.google.common.base.Supplier                                                 : loaded 2 times (x 66B)
Class org.gradle.internal.classloader.VisitableURLClassLoader                         : loaded 2 times (x 113B)
Class com.google.common.collect.ImmutableList$SerializedForm                          : loaded 2 times (x 69B)
Class com.google.common.util.concurrent.AbstractFuture$Waiter                         : loaded 2 times (x 68B)
Class Settings_gradle                                                                 : loaded 2 times (x 124B)
Class org.gradle.internal.Cast                                                        : loaded 2 times (x 67B)
Class org.gradle.api.Action                                                           : loaded 2 times (x 66B)
Class com.google.common.collect.MapMakerInternalMap                                   : loaded 2 times (x 157B)
Class com.google.common.base.Strings                                                  : loaded 2 times (x 67B)
Class com.google.common.collect.Sets                                                  : loaded 2 times (x 67B)
Class org.objectweb.asm.Handler                                                       : loaded 2 times (x 68B)
Class com.google.common.base.Ticker                                                   : loaded 2 times (x 68B)
Class com.google.common.base.CharMatcher$FastMatcher                                  : loaded 2 times (x 107B)
Class [Lcom.google.common.cache.LocalCache$Segment;                                   : loaded 2 times (x 65B)
Class [Lcom.google.common.cache.LocalCache$Strength;                                  : loaded 2 times (x 65B)
Class com.google.common.cache.CacheBuilder$1                                          : loaded 2 times (x 81B)
Class com.google.common.collect.ImmutableMap                                          : loaded 2 times (x 116B)
Class com.google.common.base.Predicate                                                : loaded 2 times (x 66B)
Class org.gradle.internal.classpath.DefaultClassPath$ImmutableUniqueList$Builder      : loaded 2 times (x 71B)
Class com.google.common.collect.MapMakerInternalMap$WeakValueReference                : loaded 2 times (x 66B)
Class com.google.common.collect.AbstractRangeSet                                      : loaded 2 times (x 110B)
Class com.google.common.cache.LocalCache                                              : loaded 2 times (x 183B)
Class com.google.common.cache.CacheBuilder$2                                          : loaded 2 times (x 68B)
Class com.google.common.base.CharMatcher$NegatedFastMatcher                           : loaded 2 times (x 109B)
Class [Lcom.google.common.collect.AbstractMapEntry;                                   : loaded 2 times (x 65B)
Class com.google.common.collect.ImmutableEntry                                        : loaded 2 times (x 78B)
Class com.google.common.collect.ArrayListMultimap                                     : loaded 2 times (x 168B)
Class com.google.common.base.AbstractIterator$1                                       : loaded 2 times (x 67B)
Class com.google.common.base.CharMatcher$Digit                                        : loaded 2 times (x 108B)
Class org.gradle.api.GradleException                                                  : loaded 2 times (x 78B)
Class org.apache.commons.io.StandardLineSeparator                                     : loaded 2 times (x 75B)
Class com.google.common.collect.CollectPreconditions                                  : loaded 2 times (x 67B)
Class com.google.common.base.CharMatcher$JavaIsoControl                               : loaded 2 times (x 108B)
Class [Lcom.google.common.collect.MapMakerInternalMap$Strength;                       : loaded 2 times (x 65B)
Class [Lcom.google.common.io.FileWriteMode;                                           : loaded 2 times (x 65B)
Class com.google.common.collect.SortedMapDifference                                   : loaded 2 times (x 66B)
Class com.google.common.base.CharMatcher$JavaLowerCase                                : loaded 2 times (x 107B)
Class com.google.common.collect.Iterables$4                                           : loaded 2 times (x 77B)
Class com.google.common.collect.MapMakerInternalMap$StrongKeyDummyValueSegment        : loaded 2 times (x 138B)
Class com.google.common.io.Files                                                      : loaded 2 times (x 67B)
Class com.google.common.cache.LocalCache$EntryFactory                                 : loaded 2 times (x 79B)
Class [Lcom.google.common.collect.MapMaker$Dummy;                                     : loaded 2 times (x 65B)
Class com.google.common.cache.LocalCache$AbstractReferenceEntry                       : loaded 2 times (x 103B)
Class com.google.common.base.Splitter$1$1                                             : loaded 2 times (x 82B)
Class com.google.common.base.CharMatcher$Whitespace                                   : loaded 2 times (x 108B)
Class org.gradle.internal.IoActions                                                   : loaded 2 times (x 67B)
Class com.google.common.collect.ImmutableMapKeySet                                    : loaded 2 times (x 146B)
Class com.google.common.collect.ImmutableRangeSet$ComplementRanges                    : loaded 2 times (x 203B)
Class org.objectweb.asm.SymbolTable                                                   : loaded 2 times (x 68B)
Class com.google.common.cache.CacheLoader$InvalidCacheLoadException                   : loaded 2 times (x 78B)
Class com.google.common.collect.ImmutableSet$RegularSetBuilderImpl                    : loaded 2 times (x 73B)
Class com.google.common.base.CharMatcher$SingleWidth                                  : loaded 2 times (x 108B)
Class org.gradle.internal.classloader.SystemClassLoaderSpec                           : loaded 2 times (x 67B)
Class com.google.common.collect.FluentIterable                                        : loaded 2 times (x 77B)
Class com.google.common.cache.LocalCache$StrongEntry                                  : loaded 2 times (x 104B)
Class com.google.common.util.concurrent.AbstractFuture$TrustedFuture                  : loaded 2 times (x 110B)
Class com.google.common.cache.LoadingCache                                            : loaded 2 times (x 66B)
Class org.objectweb.asm.MethodWriter                                                  : loaded 2 times (x 102B)
Class [Lcom.google.common.cache.Weigher;                                              : loaded 2 times (x 65B)
Class com.google.common.collect.RegularImmutableMap$BucketOverflowException           : loaded 2 times (x 78B)
Class com.google.common.collect.AbstractMapBasedMultimap$RandomAccessWrappedList      : loaded 2 times (x 201B)
Class com.google.common.collect.AbstractIterator$State                                : loaded 2 times (x 75B)
Class com.google.common.collect.RegularImmutableBiMap                                 : loaded 2 times (x 144B)
Class com.google.common.cache.LocalCache$ValueReference                               : loaded 2 times (x 66B)
Class com.google.common.base.CharMatcher$Negated                                      : loaded 2 times (x 109B)
Class com.google.common.base.CharMatcher$Is                                           : loaded 2 times (x 107B)
Class com.google.common.base.PatternCompiler                                          : loaded 2 times (x 66B)
Class com.google.common.util.concurrent.AbstractFuture$Failure                        : loaded 2 times (x 68B)
Class com.google.common.base.Equivalence$Equals                                       : loaded 2 times (x 78B)
Class com.google.common.collect.Hashing                                               : loaded 2 times (x 67B)
Class com.google.common.base.Preconditions                                            : loaded 2 times (x 67B)
Class com.google.common.collect.ImmutableSetMultimap                                  : loaded 2 times (x 176B)
Class com.google.common.io.CharSink                                                   : loaded 2 times (x 75B)
Class [Lorg.apache.commons.io.file.DeleteOption;                                      : loaded 2 times (x 65B)
Class com.google.common.base.Joiner$1                                                 : loaded 2 times (x 76B)
Class org.objectweb.asm.Label                                                         : loaded 2 times (x 69B)
Class org.objectweb.asm.CurrentFrame                                                  : loaded 2 times (x 69B)
Class org.objectweb.asm.ClassTooLargeException                                        : loaded 2 times (x 79B)
Class com.google.common.collect.PeekingIterator                                       : loaded 2 times (x 66B)
Class com.google.common.base.CharMatcher                                              : loaded 2 times (x 107B)
Class com.google.common.collect.MapMakerInternalMap$InternalEntryHelper               : loaded 2 times (x 66B)
Class com.google.common.collect.RangeGwtSerializationDependencies                     : loaded 2 times (x 67B)
Class com.google.common.collect.Table                                                 : loaded 2 times (x 66B)
Class com.google.common.collect.Maps$IteratorBasedAbstractMap                         : loaded 2 times (x 121B)
Class com.google.common.base.Joiner$2                                                 : loaded 2 times (x 75B)
Class org.objectweb.asm.Frame                                                         : loaded 2 times (x 69B)
Class org.objectweb.asm.MethodVisitor                                                 : loaded 2 times (x 101B)
Class com.google.common.cache.LocalCache$EntryFactory$1                               : loaded 2 times (x 79B)
Class [Lcom.google.common.cache.RemovalListener;                                      : loaded 2 times (x 65B)
Class com.google.common.base.CharMatcher$1                                            : loaded 2 times (x 109B)
Class com.google.common.base.CharMatcher$NamedFastMatcher                             : loaded 2 times (x 108B)
Class com.google.common.collect.RangeSet                                              : loaded 2 times (x 66B)
Class com.google.common.cache.LocalCache$EntryFactory$2                               : loaded 2 times (x 79B)
Class org.gradle.api.internal.classpath.GlobalCacheRootsProvider                      : loaded 2 times (x 66B)
Class com.google.common.collect.CollectCollectors                                     : loaded 2 times (x 67B)
Class org.objectweb.asm.ModuleWriter                                                  : loaded 2 times (x 78B)
Class com.google.common.cache.LocalCache$EntryFactory$3                               : loaded 2 times (x 79B)
Class com.google.common.base.Ticker$1                                                 : loaded 2 times (x 68B)
Class com.google.common.collect.ImmutableMapEntrySet$RegularEntrySet                  : loaded 2 times (x 147B)
Class com.google.common.collect.Maps$BiMapConverter                                   : loaded 2 times (x 86B)
Class com.google.common.collect.SetMultimap                                           : loaded 2 times (x 66B)
Class com.google.common.cache.LocalCache$EntryFactory$4                               : loaded 2 times (x 79B)
Class com.google.common.collect.ImmutableSet$Builder                                  : loaded 2 times (x 81B)
Class com.google.common.base.CharMatcher$InRange                                      : loaded 2 times (x 107B)
Class com.google.common.cache.LocalCache$EntryFactory$5                               : loaded 2 times (x 79B)
Class com.google.common.base.PairwiseEquivalence                                      : loaded 2 times (x 79B)
Class org.apache.commons.io.output.AppendableWriter                                   : loaded 2 times (x 96B)
Class com.google.common.cache.LocalCache$EntryFactory$6                               : loaded 2 times (x 79B)
Class org.gradle.internal.installation.CurrentGradleInstallationLocator               : loaded 2 times (x 67B)
Class org.apache.commons.io.output.ThresholdingOutputStream                           : loaded 2 times (x 90B)
Class com.google.common.collect.Maps$KeySet                                           : loaded 2 times (x 133B)
Class com.google.common.cache.LocalCache$EntryFactory$7                               : loaded 2 times (x 79B)
Class com.google.common.collect.ImmutableSet$EmptySetBuilderImpl                      : loaded 2 times (x 72B)
Class com.google.common.collect.ImmutableList                                         : loaded 2 times (x 202B)
Class org.gradle.internal.service.DefaultServiceLocator                               : loaded 2 times (x 79B)
Class com.google.common.collect.Maps$EntrySet                                         : loaded 2 times (x 132B)
Class com.google.common.cache.LocalCache$EntryFactory$8                               : loaded 2 times (x 79B)
Class com.google.common.collect.ImmutableSet$SetBuilderImpl                           : loaded 2 times (x 72B)
Class org.gradle.internal.installation.CurrentGradleInstallation                      : loaded 2 times (x 69B)
Class com.google.common.cache.CacheLoader$1                                           : loaded 2 times (x 71B)
Class com.google.common.collect.ForwardingObject                                      : loaded 2 times (x 68B)
Class com.google.common.collect.ImmutableList$SubList                                 : loaded 2 times (x 204B)
Class org.gradle.util.internal.GUtil                                                  : loaded 2 times (x 67B)
Class com.google.common.io.ByteSource                                                 : loaded 2 times (x 80B)
Class com.google.common.util.concurrent.AbstractFuture$SetFuture                      : loaded 2 times (x 71B)
Class com.google.common.cache.AbstractCache$StatsCounter                              : loaded 2 times (x 66B)
Class com.google.common.collect.MapMakerInternalMap$1                                 : loaded 2 times (x 79B)
Class com.google.common.collect.Iterators$MergingIterator                             : loaded 2 times (x 77B)
Class com.google.common.collect.RegularImmutableSet                                   : loaded 2 times (x 144B)
Class org.gradle.internal.installation.GradleInstallation                             : loaded 2 times (x 71B)
Class com.google.common.collect.Iterables                                             : loaded 2 times (x 67B)
Class com.google.common.base.Splitter$Strategy                                        : loaded 2 times (x 66B)

---------------  S Y S T E M  ---------------

OS:
 Windows 10 , 64 bit Build 19041 (10.0.19041.5915)
OS uptime: 0 days 10:27 hours
Hyper-V role detected

CPU: total 8 (initial active 8) (4 cores per cpu, 2 threads per core) family 6 model 140 stepping 1 microcode 0xbc, cx8, cmov, fxsr, ht, mmx, 3dnowpref, sse, sse2, sse3, ssse3, sse4.1, sse4.2, popcnt, lzcnt, tsc, tscinvbit, avx, avx2, aes, erms, clmul, bmi1, bmi2, adx, avx512f, avx512dq, avx512cd, avx512bw, avx512vl, sha, fma, vzeroupper, avx512_vpopcntdq, avx512_vpclmulqdq, avx512_vaes, avx512_vnni, clflush, clflushopt, clwb, avx512_vbmi2, avx512_vbmi, hv, rdtscp, rdpid, fsrm, gfni, avx512_bitalg, f16c, cet_ibt, cet_ss, avx512_ifma
Processor Information for all 8 processors :
  Max Mhz: 2419, Current Mhz: 2419, Mhz Limit: 2419

Memory: 4k page, system-wide physical 16118M (2018M free)
TotalPageFile size 20655M (AvailPageFile size 19M)
current process WorkingSet (physical memory assigned to process): 584M, peak: 598M
current process commit charge ("private bytes"): 623M, peak: 637M

vm_info: OpenJDK 64-Bit Server VM (21.0.4+-12508038-b607.1) for windows-amd64 JRE (21.0.4+-12508038-b607.1), built on 2024-10-16T17:23:34Z by "builder" with MS VC++ 16.10 / 16.11 (VS2019)

END.
